id,text,prediction,probability,pubmed_id,pubmed_url,doi,title,pub_date,abstract,keywords,authors,entrez_year
42388555,"Readability of informed consent forms from ClinicalTrials.gov in ketamine clinical trials for mental health conditions: a cross-sectional analysis.^
BACKGROUND: Ensuring participants understand informed consent forms (ICFs) is a core ethical requirement of clinical research, particularly in psychiatry, where cognitive and affective symptoms can compromise decisional capacity. As ketamine-based interventions are increasingly studied for mental health conditions, the readability of consent materials in these trials warrants systematic evaluation. OBJECTIVES: To assess the readability and linguistic complexity of ICFs from ClinicalTrials.gov used in ketamine clinical trials for mental health conditions. DESIGN: Cross-sectional analysis. METHODS: We conducted a cross-sectional analysis of English-language ICFs posted on ClinicalTrials.gov for interventional ketamine clinical trials involving mental health conditions. All documents were converted to plain text and standardised for text-based analysis. Readability and linguistic complexity were assessed using established indices, including the Flesch-Kincaid Grade Level, Gunning Fog Index, Flesch Reading Ease Score, and Fry Readability Graph. Document length and estimated silent reading time were also calculated. Descriptive statistics summarised the findings. RESULTS: Fourteen ketamine clinical trials met the inclusion criteria. ICFs ranged from 1681 to 8637 words (mean: 5031; median: 4622), with sentence counts from 129 to 503. Estimated silent reading times ranged from 7.0 to 36.0 min (mean: 21.4; median: 19.5). Flesch-Kincaid Grade Level scores ranged from 5.7 to 11.5 (mean: 9.8), with 13 of 14 documents above grade 8. Gunning Fog Index values ranged from 7.7 to 13.8 (mean: 11.7). Flesch Reading Ease Scores ranged from 41.3 to 73.9 (mean: 52.8). Fry Readability scores ranged from grade 6 to grade 13. CONCLUSION: Thirteen of fourteen ketamine mental health trial consent forms on ClinicalTrials.gov exceeded recommended readability thresholds. Sponsors and ethics committees should require consent materials to meet an eighth-grade reading level, verified by a documented readability assessment before approval, to support informed participation in psychiatric research. Plain language title: how easy are consent forms to read in ketamine mental health trials? People who participate in clinical trials must receive clear and understandable information before deciding whether to take part. This information is usually provided in an informed consent form. In mental health research, this is especially important because symptoms such as low concentration, low mood, or anxiety can make it harder to process complex written information. Ketamine is increasingly studied as a treatment for mental health conditions such as depression, post-traumatic stress disorder, and substance use disorders. In this study, we examined how easy it is to read the informed consent forms used in ketamine clinical trials. We analysed informed consent forms posted on the ClinicalTrials.gov website. Only English-language forms from interventional ketamine trials for mental health conditions were included. In total, 14 consent forms met the inclusion criteria. We measured basic features of the text, such as length and estimated reading time, and applied several widely used readability formulas. These formulas estimate the level of education a reader may need to understand the text. The consent forms varied greatly in length, ranging from about 1,700 to more than 8,600 words. On average, a person would need more than 20 minutes to read a single consent form. Most forms required a reading level above what is usually recommended for health information. Thirteen of the fourteen consent forms exceeded at least one commonly recommended readability threshold. These findings suggest that many consent forms used in ketamine mental health trials may be difficult to read for people with lower reading skills or for patients experiencing mental health symptoms. Using simpler language and clearer sentence structures may help future participants better understand trial information and make more informed decisions about participation.",1,"[0.0034427291247993708, 0.996557354927063]",42388555,https://pubmed.ncbi.nlm.nih.gov/42388555/,10.1177/20451253261456385,Readability of informed consent forms from ClinicalTrials.gov in ketamine clinical trials for mental health conditions: a cross-sectional analysis.,2026-01-01,"BACKGROUND: Ensuring participants understand informed consent forms (ICFs) is a core ethical requirement of clinical research, particularly in psychiatry, where cognitive and affective symptoms can compromise decisional capacity. As ketamine-based interventions are increasingly studied for mental health conditions, the readability of consent materials in these trials warrants systematic evaluation. OBJECTIVES: To assess the readability and linguistic complexity of ICFs from ClinicalTrials.gov used in ketamine clinical trials for mental health conditions. DESIGN: Cross-sectional analysis. METHODS: We conducted a cross-sectional analysis of English-language ICFs posted on ClinicalTrials.gov for interventional ketamine clinical trials involving mental health conditions. All documents were converted to plain text and standardised for text-based analysis. Readability and linguistic complexity were assessed using established indices, including the Flesch-Kincaid Grade Level, Gunning Fog Index, Flesch Reading Ease Score, and Fry Readability Graph. Document length and estimated silent reading time were also calculated. Descriptive statistics summarised the findings. RESULTS: Fourteen ketamine clinical trials met the inclusion criteria. ICFs ranged from 1681 to 8637 words (mean: 5031; median: 4622), with sentence counts from 129 to 503. Estimated silent reading times ranged from 7.0 to 36.0 min (mean: 21.4; median: 19.5). Flesch-Kincaid Grade Level scores ranged from 5.7 to 11.5 (mean: 9.8), with 13 of 14 documents above grade 8. Gunning Fog Index values ranged from 7.7 to 13.8 (mean: 11.7). Flesch Reading Ease Scores ranged from 41.3 to 73.9 (mean: 52.8). Fry Readability scores ranged from grade 6 to grade 13. CONCLUSION: Thirteen of fourteen ketamine mental health trial consent forms on ClinicalTrials.gov exceeded recommended readability thresholds. Sponsors and ethics committees should require consent materials to meet an eighth-grade reading level, verified by a documented readability assessment before approval, to support informed participation in psychiatric research. Plain language title: how easy are consent forms to read in ketamine mental health trials? People who participate in clinical trials must receive clear and understandable information before deciding whether to take part. This information is usually provided in an informed consent form. In mental health research, this is especially important because symptoms such as low concentration, low mood, or anxiety can make it harder to process complex written information. Ketamine is increasingly studied as a treatment for mental health conditions such as depression, post-traumatic stress disorder, and substance use disorders. In this study, we examined how easy it is to read the informed consent forms used in ketamine clinical trials. We analysed informed consent forms posted on the ClinicalTrials.gov website. Only English-language forms from interventional ketamine trials for mental health conditions were included. In total, 14 consent forms met the inclusion criteria. We measured basic features of the text, such as length and estimated reading time, and applied several widely used readability formulas. These formulas estimate the level of education a reader may need to understand the text. The consent forms varied greatly in length, ranging from about 1,700 to more than 8,600 words. On average, a person would need more than 20 minutes to read a single consent form. Most forms required a reading level above what is usually recommended for health information. Thirteen of the fourteen consent forms exceeded at least one commonly recommended readability threshold. These findings suggest that many consent forms used in ketamine mental health trials may be difficult to read for people with lower reading skills or for patients experiencing mental health symptoms. Using simpler language and clearer sentence structures may help future participants better understand trial information and make more informed decisions about participation.","['health literacy', 'informed consent forms', 'ketamine clinical trials', 'psychiatric disorders', 'readability assessment']","D. Swieczkowski, A. Kwaśny, WJ. Cubała",2026
42385939,"Treatment and management approaches for ketamine misuse: A systematic review of medical interventions.^
INTRODUCTION: Ketamine, initially developed as an anesthetic and now increasingly prescribed for treatment-resistant depression, is also widely misused in recreational contexts. Chronic ketamine use, often leading to dependence, has been associated with severe physical complications, including ulcerative cystitis and gastrointestinal dysfunction, as well as cognitive, affective, and psychotic disturbances. Despite the growing clinical and public health relevance of ketamine misuse, the evidence on effective treatment approaches remains fragmented. METHODS: A systematic review was conducted in accordance with PRISMA guidelines. We searched three literature databases (PubMed, Scopus, and Web of Science) from inception to April 2025. Original studies in English reporting clinical interventions for ketamine misuse were included. Data were extracted on sociodemographic and clinical characteristics, patterns of use, comorbidities, management strategies, and outcomes.. RESULTS: From 3183 records screened, 73 studies met the inclusion criteria, including 5 controlled clinical studies, 15 observational studies, 15 case series, and 38 case reports. Findings highlighted that management of ketamine misuse is heterogeneous and often based on evidence taken from either case reports or small series. Approaches included symptomatic medical care, psychotherapeutic interventions (e.g., motivational interviewing, cognitive-behavioral therapy, occupational therapy), and pharmacological treatments such as benzodiazepines, SSRIs, naltrexone, lamotrigine, and gabapentinoids, with varying degrees of effectiveness. Multidisciplinary strategies addressing both psychiatric and somatic complications, including ""K-bladder"" and ""K-cramps"", emerged as an essential component of the treatment/management package. Overall, the high rates of relapse into ketamine misuse and the limited length of follow-up may have reduced the strength of available evidence. CONCLUSIONS: Current management of ketamine misuse relies mainly on supportive care, psychotherapy, and off-label pharmacological options, but robust evidence on efficacy is lacking. There is an urgent need for controlled studies and standardized treatment protocols. Integrated, multidisciplinary, models appear most promising in addressing the complex medical and psychiatric consequences of ketamine misuse.",1,"[0.004612281918525696, 0.9953877329826355]",42385939,https://pubmed.ncbi.nlm.nih.gov/42385939/,10.1016/j.josat.2026.210061,Treatment and management approaches for ketamine misuse: A systematic review of medical interventions.,2026-07-01,"INTRODUCTION: Ketamine, initially developed as an anesthetic and now increasingly prescribed for treatment-resistant depression, is also widely misused in recreational contexts. Chronic ketamine use, often leading to dependence, has been associated with severe physical complications, including ulcerative cystitis and gastrointestinal dysfunction, as well as cognitive, affective, and psychotic disturbances. Despite the growing clinical and public health relevance of ketamine misuse, the evidence on effective treatment approaches remains fragmented. METHODS: A systematic review was conducted in accordance with PRISMA guidelines. We searched three literature databases (PubMed, Scopus, and Web of Science) from inception to April 2025. Original studies in English reporting clinical interventions for ketamine misuse were included. Data were extracted on sociodemographic and clinical characteristics, patterns of use, comorbidities, management strategies, and outcomes.. RESULTS: From 3183 records screened, 73 studies met the inclusion criteria, including 5 controlled clinical studies, 15 observational studies, 15 case series, and 38 case reports. Findings highlighted that management of ketamine misuse is heterogeneous and often based on evidence taken from either case reports or small series. Approaches included symptomatic medical care, psychotherapeutic interventions (e.g., motivational interviewing, cognitive-behavioral therapy, occupational therapy), and pharmacological treatments such as benzodiazepines, SSRIs, naltrexone, lamotrigine, and gabapentinoids, with varying degrees of effectiveness. Multidisciplinary strategies addressing both psychiatric and somatic complications, including ""K-bladder"" and ""K-cramps"", emerged as an essential component of the treatment/management package. Overall, the high rates of relapse into ketamine misuse and the limited length of follow-up may have reduced the strength of available evidence. CONCLUSIONS: Current management of ketamine misuse relies mainly on supportive care, psychotherapy, and off-label pharmacological options, but robust evidence on efficacy is lacking. There is an urgent need for controlled studies and standardized treatment protocols. Integrated, multidisciplinary, models appear most promising in addressing the complex medical and psychiatric consequences of ketamine misuse.","['Bladder dysfunction', 'Ketamine addiction', 'Ketamine dependence', 'Ketamine misuse', 'Ketamine misuse treatment', 'Ketamine use disorder', 'Ketamine-induced cystitis', 'Ketamine-related gastrointestinal dysfunction', 'Substance misuse']","A. Mosca, S. Chiappini, A. Miuli, JM. Corkery, T. Piro, R. Allegretti, N. Ciraselli, C. Marrangone, N. Schifano, M. Pettorruso, G. Martinotti, F. Schifano",2026
42385294,"Psychedelics and autism spectrum disorder: Mechanistic insights, translational evidence and ethical challenges.^
Autism spectrum disorder (ASD) is a heterogeneous neurodevelopmental condition characterized by persistent deficits in social communication and interaction, restricted and repetitive patterns of behavior, and sensory processing alterations, frequently accompanied by anxiety, emotional dysregulation, and other psychiatric comorbidities. Despite advances in behavioral and pharmacological interventions, effective treatments for core ASD symptoms remain limited. Psychedelic compounds have recently emerged as potential therapeutic agents in psychiatry because of their ability to modulate serotonergic and glutamatergic signaling, enhance neuroplasticity, reorganize large-scale brain networks, and influence neurobiological pathways implicated in ASD. In this narrative review, we examine the mechanistic rationale supporting psychedelic-based approaches in ASD, including 5-HT2A receptor activation, oxytocin-serotonin interactions, excitation-inhibition dynamics, functional connectivity, and glutamatergic modulation associated with ketamine and related compounds. We also summarize current clinical and preclinical evidence involving substances such as psilocybin, lysergic acid diethylamide, 3,4-methylenedioxymethamphetamine, and ketamine. Particular attention is given to the distinction between core ASD symptoms and associated symptom domains. Current evidence does not support the direct treatment of core social communication deficits or restricted and repetitive behaviors; however, psychedelics may hold greater potential for dimensions such as social anxiety, emotional dysregulation, cognitive rigidity, and co-occurring mood symptoms. Ethical, regulatory, and developmental safety considerations are also discussed, particularly regarding neurodivergent populations and the absence of robust pediatric evidence. Although direct clinical studies in ASD remain scarce, psychedelic-assisted interventions represent a promising translational avenue that warrants further rigorous investigation through carefully designed clinical trials.",0,"[0.9949731826782227, 0.005026794038712978]",42385294,https://pubmed.ncbi.nlm.nih.gov/42385294/,10.1016/j.jpsychires.2026.06.035,"Psychedelics and autism spectrum disorder: Mechanistic insights, translational evidence and ethical challenges.",2026-06-23,"Autism spectrum disorder (ASD) is a heterogeneous neurodevelopmental condition characterized by persistent deficits in social communication and interaction, restricted and repetitive patterns of behavior, and sensory processing alterations, frequently accompanied by anxiety, emotional dysregulation, and other psychiatric comorbidities. Despite advances in behavioral and pharmacological interventions, effective treatments for core ASD symptoms remain limited. Psychedelic compounds have recently emerged as potential therapeutic agents in psychiatry because of their ability to modulate serotonergic and glutamatergic signaling, enhance neuroplasticity, reorganize large-scale brain networks, and influence neurobiological pathways implicated in ASD. In this narrative review, we examine the mechanistic rationale supporting psychedelic-based approaches in ASD, including 5-HT2A receptor activation, oxytocin-serotonin interactions, excitation-inhibition dynamics, functional connectivity, and glutamatergic modulation associated with ketamine and related compounds. We also summarize current clinical and preclinical evidence involving substances such as psilocybin, lysergic acid diethylamide, 3,4-methylenedioxymethamphetamine, and ketamine. Particular attention is given to the distinction between core ASD symptoms and associated symptom domains. Current evidence does not support the direct treatment of core social communication deficits or restricted and repetitive behaviors; however, psychedelics may hold greater potential for dimensions such as social anxiety, emotional dysregulation, cognitive rigidity, and co-occurring mood symptoms. Ethical, regulatory, and developmental safety considerations are also discussed, particularly regarding neurodivergent populations and the absence of robust pediatric evidence. Although direct clinical studies in ASD remain scarce, psychedelic-assisted interventions represent a promising translational avenue that warrants further rigorous investigation through carefully designed clinical trials.","['Autism spectrum disorder', 'Neuroplasticity', 'Psychedelics', 'Serotonergic system', 'Translational']","JC. Claudino Dos Santos, SJ. Bolan, G. Lodetti, GL. Viana, EP. Rico, CL. Gonçalves",2026
42384415,"The Psychedelic Therapies Executive Order: On Approval and Clinical Readiness.^
This Viewpoint discusses the executive order supporting the development and approval of psychedelic drugs and outlines issues surrounding their ethical and evidence-based integration into clinical care.",0,"[0.9862980842590332, 0.013701948337256908]",42384415,https://pubmed.ncbi.nlm.nih.gov/42384415/,10.1001/jama.2026.11892,The Psychedelic Therapies Executive Order: On Approval and Clinical Readiness.,2026-07-01,This Viewpoint discusses the executive order supporting the development and approval of psychedelic drugs and outlines issues surrounding their ethical and evidence-based integration into clinical care.,[],"IG. Cohen, HF. Lynch, AL. McGuire",2026
42384049,"Major depressive disorder-alcohol use disorder comorbidity: diagnosis, mechanisms and treatment.^
Alcohol Use Disorder (AUD) and Major Depressive Disorder (MDD) are two highly prevalent psychiatric disorders with a high comorbidity rate, which is significantly higher rate than other combinations of mental disorders and substance use disorders. This comorbidity not only imposes a substantial disease burden on individuals but also significantly complicates clinical management, leading to more severe functional impairment, reduced treatment adherence, and increased resistance to monotherapy. AUD diagnosis varies by diagnostic system: DSM-V integrates alcohol dependence and abuse into 11 criteria with severity grading, while ICD-11 retains two subtypes and shows higher diagnostic rates for dependence. MDD, the depressive subtype with the highest AUD comorbidity rate, must be distinguished from alcohol-induced depression. Underlying mechanisms of this comorbidity involve bidirectional pathways as well as core pathophysiological processes including abnormal reward sensitivity, neurotrophic-inflammatory imbalance, dysregulation of neurotransmitter systems and the hypothalamic-pituitary-adrenal (HPA) axis, gut-brain axis disruption, and shared risk factors. Therapeutic strategies encompass multiple modalities: pharmacological interventions include selective serotonin reuptake inhibitors (SSRIs) combined with AUD-targeted therapies, as well as emerging agents like extended-release trazodone and ketamine; psychosocial interventions are dominated by cognitive behavioral therapy (CBT); physical therapies such as repetitive transcranial magnetic stimulation (rTMS) and gut-brain axis-targeted therapies also show therapeutic potential. Notably, integrated treatment models that simultaneously address both disorders have been proven to outperform sequential or parallel approaches. This review systematically synthesizes the latest evidence on the diagnosis, underlying mechanisms, and therapeutic strategies of AUD-MDD comorbidity, aiming to provide evidence-based references for clinical management.",0,"[0.9920633435249329, 0.007936672307550907]",42384049,https://pubmed.ncbi.nlm.nih.gov/42384049/,10.1007/s00406-026-02307-w,"Major depressive disorder-alcohol use disorder comorbidity: diagnosis, mechanisms and treatment.",2026-07-01,"Alcohol Use Disorder (AUD) and Major Depressive Disorder (MDD) are two highly prevalent psychiatric disorders with a high comorbidity rate, which is significantly higher rate than other combinations of mental disorders and substance use disorders. This comorbidity not only imposes a substantial disease burden on individuals but also significantly complicates clinical management, leading to more severe functional impairment, reduced treatment adherence, and increased resistance to monotherapy. AUD diagnosis varies by diagnostic system: DSM-V integrates alcohol dependence and abuse into 11 criteria with severity grading, while ICD-11 retains two subtypes and shows higher diagnostic rates for dependence. MDD, the depressive subtype with the highest AUD comorbidity rate, must be distinguished from alcohol-induced depression. Underlying mechanisms of this comorbidity involve bidirectional pathways as well as core pathophysiological processes including abnormal reward sensitivity, neurotrophic-inflammatory imbalance, dysregulation of neurotransmitter systems and the hypothalamic-pituitary-adrenal (HPA) axis, gut-brain axis disruption, and shared risk factors. Therapeutic strategies encompass multiple modalities: pharmacological interventions include selective serotonin reuptake inhibitors (SSRIs) combined with AUD-targeted therapies, as well as emerging agents like extended-release trazodone and ketamine; psychosocial interventions are dominated by cognitive behavioral therapy (CBT); physical therapies such as repetitive transcranial magnetic stimulation (rTMS) and gut-brain axis-targeted therapies also show therapeutic potential. Notably, integrated treatment models that simultaneously address both disorders have been proven to outperform sequential or parallel approaches. This review systematically synthesizes the latest evidence on the diagnosis, underlying mechanisms, and therapeutic strategies of AUD-MDD comorbidity, aiming to provide evidence-based references for clinical management.","['Alcohol use disorder', 'Co-occurring disorders', 'Depression']","B. Fang, H. Hua, W. Chen, S. Cheng, Y. Xiong, Z. Zhu, J. Lu, Y. Wu",2026
42382401,"Chromosome-level genome of Mosla chinensis from alpine ecotype provides insights into terpenoid biosynthesis and germplasm exploration.^
Mosla chinensis is a high-value medicinal plant with scarce genomic resources for precision breeding. Here, we present the first chromosome-scale genome of an alpine ecotype (Baiyunjian Reserve, 1,611 m above sea level) assembled via SMRT sequencing and Hi-C technologies. 93.46% of sequences were anchored to 9 pseudochromosomes with 99.99% accuracy, resulting in the assembly of the 444.26 Mb genome (contig N50 = 41.38 Mb; 98.7% BUSCO). High proportion of repetitive sequences (56.90%) and species-specific genome duplication revealed the species-specific adaptations of this ecotype. Multi-tissue metabolomics identified flowers and leaves as biosynthetic hotspots for terpenoids especially γ-terpinene, thymol and carvacrol. Integrated with transcriptomics pinpointed MchTPS4 as the plastid-localized γ-terpinene synthase, while phylogenetic mining identified cytochrome P450 MchCYPs (MCH03g18750) and dehydrogenases MchSDRs (MCH04g17930/14560) as potential downstream enzymes. Functional validation confirmed that MchTPS4 was a monoterpene synthase while MchTPS2, MchTPS7, MchTPS9-11 were sesquiterpene synthases. Furthermore, metabolic engineering boosted the yield of γ-terpinene 3.45-fold to 5.09 mg/L. Biosynthetic gene clusters (BGCs) analyses uncovered 61 clusters with 11 associated with terpenoid metabolism. MchTPS2 co-localized in cluster 6 with two MchCYPs (MCH01g19200; MCH01g19220). Syntenic analysis revealed that MchTPS2 evolved as a single-copy, whereas MCH01g19200 underwent tandem duplication from M. chinensis to Salvia divinorum and S. hispanica. Phylogenomic analysis resolved M. chinensis as the sister species of Perilla frutescens (100% BS), diverging ~12.7 Mya in the mid-Miocene. Comparative genomics revealed a species-specific whole-genome duplication event post-dating divergence from Scutellaria baicalensis, driving syntenic retention of specialized metabolic genes. This study decodes the genetic basis of terpenoid biosynthesis in an extremophyte, providing resources for molecular breeding of traditional Chinese medical plant ""Xiangru"" and insights into Lamiaceae metabolic evolution.",0,"[0.9799737930297852, 0.020026158541440964]",42382401,https://pubmed.ncbi.nlm.nih.gov/42382401/,10.3389/fpls.2026.1819008,Chromosome-level genome of Mosla chinensis from alpine ecotype provides insights into terpenoid biosynthesis and germplasm exploration.,2026-01-01,"Mosla chinensis is a high-value medicinal plant with scarce genomic resources for precision breeding. Here, we present the first chromosome-scale genome of an alpine ecotype (Baiyunjian Reserve, 1,611 m above sea level) assembled via SMRT sequencing and Hi-C technologies. 93.46% of sequences were anchored to 9 pseudochromosomes with 99.99% accuracy, resulting in the assembly of the 444.26 Mb genome (contig N50 = 41.38 Mb; 98.7% BUSCO). High proportion of repetitive sequences (56.90%) and species-specific genome duplication revealed the species-specific adaptations of this ecotype. Multi-tissue metabolomics identified flowers and leaves as biosynthetic hotspots for terpenoids especially γ-terpinene, thymol and carvacrol. Integrated with transcriptomics pinpointed MchTPS4 as the plastid-localized γ-terpinene synthase, while phylogenetic mining identified cytochrome P450 MchCYPs (MCH03g18750) and dehydrogenases MchSDRs (MCH04g17930/14560) as potential downstream enzymes. Functional validation confirmed that MchTPS4 was a monoterpene synthase while MchTPS2, MchTPS7, MchTPS9-11 were sesquiterpene synthases. Furthermore, metabolic engineering boosted the yield of γ-terpinene 3.45-fold to 5.09 mg/L. Biosynthetic gene clusters (BGCs) analyses uncovered 61 clusters with 11 associated with terpenoid metabolism. MchTPS2 co-localized in cluster 6 with two MchCYPs (MCH01g19200; MCH01g19220). Syntenic analysis revealed that MchTPS2 evolved as a single-copy, whereas MCH01g19200 underwent tandem duplication from M. chinensis to Salvia divinorum and S. hispanica. Phylogenomic analysis resolved M. chinensis as the sister species of Perilla frutescens (100% BS), diverging ~12.7 Mya in the mid-Miocene. Comparative genomics revealed a species-specific whole-genome duplication event post-dating divergence from Scutellaria baicalensis, driving syntenic retention of specialized metabolic genes. This study decodes the genetic basis of terpenoid biosynthesis in an extremophyte, providing resources for molecular breeding of traditional Chinese medical plant ""Xiangru"" and insights into Lamiaceae metabolic evolution.","['Mosla chinensis', 'alpine ecotype', 'chromosome-scale genome assembly', 'evolutionary analyses', 'terpenoid biosynthesis']","ZX. Yu, HF. Wang, R. Lv, SH. Liu, WB. Zhang, X. Liu, YH. Zhang, P. Li, XJ. Jin",2026
42381187,"Modeled Long-Term Effects of Psilocybin on Dynamic Activity and Effective Connectivity of Fronto-Striatal-Thalamic Circuits.^
Psilocybin has been shown to induce fast and sustained symptoms improvements across various psychiatric conditions, yet its long-term mechanisms of action are not fully understood. Initial evidence suggests that longitudinal functional and structural brain changes implicate fronto-striatal-thalamic (FST) circuitry, a broad system involved in goal-directed behavior and motivational states. Here, we performed secondary analyses and applied computational modeling to resting-state fMRI data from a within-subject longitudinal psilocybin trial in psychedelic-naïve healthy volunteers. We first showed that dynamic FST activity increased 4 weeks after a full dose of psilocybin. We then proceeded to mechanistically account for these changes by providing tentative model-based support that reductions in the structure-function coupling contribute to increased dynamic FST activity postpsilocybin. Finally, we used computational approaches to show that psilocybin induces longitudinal increases in bottom-up and reduced top-down modulation of FST circuits. We then used publicly available receptor maps to show that cortical reductions in top-down modulation are linked to regional 5-HT2A receptor availability, while increased information outflow via subcortical and limbic regions relates to local D2 receptor availability. Together, these findings suggest that increased FST flexibility weeks after a high dose of psilocybin is linked to serotonergic-mediated decreases in top-down information flow and dopaminergic-mediated increases in bottom-up information flow. This long-term functional re-organization of FST circuits may represent a common mechanism contributing to the potential clinical efficacy of psilocybin across various neuropsychiatric disorders including substance abuse, major depression, and anorexia nervosa.",1,"[0.00486991461366415, 0.9951300621032715]",42381187,https://pubmed.ncbi.nlm.nih.gov/42381187/,10.1002/hbm.70596,Modeled Long-Term Effects of Psilocybin on Dynamic Activity and Effective Connectivity of Fronto-Striatal-Thalamic Circuits.,2026-07-01,"Psilocybin has been shown to induce fast and sustained symptoms improvements across various psychiatric conditions, yet its long-term mechanisms of action are not fully understood. Initial evidence suggests that longitudinal functional and structural brain changes implicate fronto-striatal-thalamic (FST) circuitry, a broad system involved in goal-directed behavior and motivational states. Here, we performed secondary analyses and applied computational modeling to resting-state fMRI data from a within-subject longitudinal psilocybin trial in psychedelic-naïve healthy volunteers. We first showed that dynamic FST activity increased 4 weeks after a full dose of psilocybin. We then proceeded to mechanistically account for these changes by providing tentative model-based support that reductions in the structure-function coupling contribute to increased dynamic FST activity postpsilocybin. Finally, we used computational approaches to show that psilocybin induces longitudinal increases in bottom-up and reduced top-down modulation of FST circuits. We then used publicly available receptor maps to show that cortical reductions in top-down modulation are linked to regional 5-HT2A receptor availability, while increased information outflow via subcortical and limbic regions relates to local D2 receptor availability. Together, these findings suggest that increased FST flexibility weeks after a high dose of psilocybin is linked to serotonergic-mediated decreases in top-down information flow and dopaminergic-mediated increases in bottom-up information flow. This long-term functional re-organization of FST circuits may represent a common mechanism contributing to the potential clinical efficacy of psilocybin across various neuropsychiatric disorders including substance abuse, major depression, and anorexia nervosa.","['Hopf model', 'dynamic brain activity', 'effective connectivity', 'fronto‐striatal‐thalamic circuits', 'psilocybin', 'serotonin']","L. Pasquini, J. Vohryzek, A. Escrichs, YS. Perl, A. Ponce-Alvarez, S. Idesis, M. Girn, L. Roseman, JM. Mitchell, A. Gazzaley, M. Kringelbach, DJ. Nutt, T. Lyons, RL. Carhart-Harris, G. Deco",2026
42381073,"Conservative management of mad honey poisoning presenting with bradycardia: a case report.^
BACKGROUND: Mad honey is a type of honey with hallucinogenic properties found in the Himalayas of Nepal. It is used by locals for its supposedly medical and recreational properties. It contains a toxin named 'Grayanotoxin' which is mainly derived from the nectar of few Rhododendron species native to Himalayas. CASE PRESENTATION: This is a case report of 38-year-old male who presented to emergency department of our center with dizziness, three hours following ingestion of mad honey. He had heart rate of 45 beats per minute. Electrocardiogram showed bradycardia without any other abnormality. He was managed conservatively in coronary care unit for 48 h without any complication. CLINICAL DISCUSSION: ""Grayanotoxin"" is a neurotoxin that acts on sodium channel and causes hyperpolarization leading to a wide range of symptoms. Management is symptomatic as no antidotes are available till date. Early recognition prevents unnecessary investigations and interventions. CONCLUSION: Mad honey poisoning should always be considered in patient particularly those living in endemic areas presenting with unexplained dizziness and bradycardia. Most of these cases respond well to supportive therapy emphasizing the importance of early recognition and close clinical observation.",0,"[0.9580684900283813, 0.04193153232336044]",42381073,https://pubmed.ncbi.nlm.nih.gov/42381073/,10.1186/s13256-026-06292-5,Conservative management of mad honey poisoning presenting with bradycardia: a case report.,2026-06-30,"BACKGROUND: Mad honey is a type of honey with hallucinogenic properties found in the Himalayas of Nepal. It is used by locals for its supposedly medical and recreational properties. It contains a toxin named 'Grayanotoxin' which is mainly derived from the nectar of few Rhododendron species native to Himalayas. CASE PRESENTATION: This is a case report of 38-year-old male who presented to emergency department of our center with dizziness, three hours following ingestion of mad honey. He had heart rate of 45 beats per minute. Electrocardiogram showed bradycardia without any other abnormality. He was managed conservatively in coronary care unit for 48 h without any complication. CLINICAL DISCUSSION: ""Grayanotoxin"" is a neurotoxin that acts on sodium channel and causes hyperpolarization leading to a wide range of symptoms. Management is symptomatic as no antidotes are available till date. Early recognition prevents unnecessary investigations and interventions. CONCLUSION: Mad honey poisoning should always be considered in patient particularly those living in endemic areas presenting with unexplained dizziness and bradycardia. Most of these cases respond well to supportive therapy emphasizing the importance of early recognition and close clinical observation.","['Atropine', 'Bradycardia', 'Case report', 'Conservative', 'Grayanotoxin', 'Mad honey']","S. Ghimire, S. Subedi, N. Paudel",2026
42380668,"Investigating the impact of serotonergic psychedelic drugs, MDMA and ketamine on social cognition in psychiatric disorders: A scoping review.^
RATIONALE: Interest in psychedelic drugs has increased rapidly because of their potential therapeutic role in psychiatric disorders. Impairments in the sociocognitive skills needed to build and maintain social relationships are prominent features of many psychiatric and neurodevelopmental disorders. Emerging evidence suggests that compounds such as 3,4-methylenedioxymethamphetamine (MDMA), lysergic acid diethylamide (LSD), and psilocybin may influence these impairments. OBJECTIVES: This review aimed to determine whether psychedelic drugs may modulate social cognition in individuals with psychiatric or neurodevelopmental disorders associated with cognitive impairment. METHODS: A search of the MEDLINE, PsycINFO, EMBASE, and Scopus databases was conducted. Twenty studies were identified that evaluated the effects of ketamine, MDMA, psilocybin, LSD, and ayahuasca in depressive disorders, anxiety disorders, autism spectrum disorder (ASD), and post-traumatic stress disorder (PTSD). RESULTS: Findings included neural activation patterns suggesting that ketamine and psilocybin may modulate processes relevant to social perception, particularly facial emotion processing, in depressive disorders. Positive findings were also reported for MDMA in participants with PTSD, including improvements in self-reported psychosocial functioning, self-awareness, and self-compassion. CONCLUSIONS: Current evidence suggests that psychedelic drugs may modulate processes relevant to social cognition in psychiatric disorders, although direct evidence of improved social-cognitive functioning remains limited. CLINICAL TRIAL NUMBER: Not applicable.",1,"[0.003173465607687831, 0.9968265295028687]",42380668,https://pubmed.ncbi.nlm.nih.gov/42380668/,10.1007/s00213-026-07110-y,"Investigating the impact of serotonergic psychedelic drugs, MDMA and ketamine on social cognition in psychiatric disorders: A scoping review.",2026-07-01,"RATIONALE: Interest in psychedelic drugs has increased rapidly because of their potential therapeutic role in psychiatric disorders. Impairments in the sociocognitive skills needed to build and maintain social relationships are prominent features of many psychiatric and neurodevelopmental disorders. Emerging evidence suggests that compounds such as 3,4-methylenedioxymethamphetamine (MDMA), lysergic acid diethylamide (LSD), and psilocybin may influence these impairments. OBJECTIVES: This review aimed to determine whether psychedelic drugs may modulate social cognition in individuals with psychiatric or neurodevelopmental disorders associated with cognitive impairment. METHODS: A search of the MEDLINE, PsycINFO, EMBASE, and Scopus databases was conducted. Twenty studies were identified that evaluated the effects of ketamine, MDMA, psilocybin, LSD, and ayahuasca in depressive disorders, anxiety disorders, autism spectrum disorder (ASD), and post-traumatic stress disorder (PTSD). RESULTS: Findings included neural activation patterns suggesting that ketamine and psilocybin may modulate processes relevant to social perception, particularly facial emotion processing, in depressive disorders. Positive findings were also reported for MDMA in participants with PTSD, including improvements in self-reported psychosocial functioning, self-awareness, and self-compassion. CONCLUSIONS: Current evidence suggests that psychedelic drugs may modulate processes relevant to social cognition in psychiatric disorders, although direct evidence of improved social-cognitive functioning remains limited. CLINICAL TRIAL NUMBER: Not applicable.","['Psychedelic drugs', 'Psychiatry', 'Scoping review', 'Social cognition']","SA. Smith, H. Mohammad, LHN. Lee, L. Dennett, S. Smith, L. Burback, O. Winkler, A. Greenshaw, R. Jetly, SH. Kennedy, V. Bhat, J. Swainson, E. Vermetten, B. Cao, XM. Li, Y. Zhang",2026
42379524,"Chronic psilocin microdosing produces limited behavioral effects and does not enhance neurogenesis in rats.^
Psilocin (4-hydroxy-N, N-dimethyltryptamine) is a substituted tryptamine alkaloid and a nonselective serotonergic agonist acting predominantly at 5-HT2A/C receptors, with substantial binding to 5-HT1A and 5-HT2B receptors. Microdosing is the practice of taking a very small, sub-perceptual dose, typically 5% to 10% of a full recreational dose, to improve mood, creativity, and focus without hallucinogenic effects. However, rigorous preclinical evidence for its behavioral and neurobiological effects remains limited. We therefore examined whether chronic psilocin microdosing alters behavior and dentate gyrus (DG) cell proliferation in adult male Wistar rats. Psilocin was administered subcutaneously at 0.05 or 0.075 mg/kg. Animals received six doses of psilocin or saline on alternate days over 18 days prior to the first behavioral assessment, and microdosing on alternate days continued between behavioral tasks for five weeks. To minimize acute drug effects, all behavioral assessments were performed 48 h after the preceding dose. Animals were tested sequentially in the Elevated Plus Maze, Hole-Board, Open Field, Social Interaction, and modified Forced Swim Test, with six-day intervals between tests. DG cell proliferation was quantified by BrdU and Ki-67 immunohistochemistry. Across this regimen, psilocin microdosing did not measurably affect locomotor activity, depressive-like behavior, sociability, or novelty seeking, and it did not increase DG proliferation by either marker. A small anxiogenic effect was detected in the Elevated Plus Maze. These data indicate that, under the present dosing schedule and endpoints, chronic psilocin microdosing produces limited behavioral effects and does not enhance hippocampal progenitor proliferation in rats.",0,"[0.9905943870544434, 0.009405561722815037]",42379524,https://pubmed.ncbi.nlm.nih.gov/42379524/,10.1016/j.pbb.2026.174231,Chronic psilocin microdosing produces limited behavioral effects and does not enhance neurogenesis in rats.,2026-06-30,"Psilocin (4-hydroxy-N, N-dimethyltryptamine) is a substituted tryptamine alkaloid and a nonselective serotonergic agonist acting predominantly at 5-HT2A/C receptors, with substantial binding to 5-HT1A and 5-HT2B receptors. Microdosing is the practice of taking a very small, sub-perceptual dose, typically 5% to 10% of a full recreational dose, to improve mood, creativity, and focus without hallucinogenic effects. However, rigorous preclinical evidence for its behavioral and neurobiological effects remains limited. We therefore examined whether chronic psilocin microdosing alters behavior and dentate gyrus (DG) cell proliferation in adult male Wistar rats. Psilocin was administered subcutaneously at 0.05 or 0.075 mg/kg. Animals received six doses of psilocin or saline on alternate days over 18 days prior to the first behavioral assessment, and microdosing on alternate days continued between behavioral tasks for five weeks. To minimize acute drug effects, all behavioral assessments were performed 48 h after the preceding dose. Animals were tested sequentially in the Elevated Plus Maze, Hole-Board, Open Field, Social Interaction, and modified Forced Swim Test, with six-day intervals between tests. DG cell proliferation was quantified by BrdU and Ki-67 immunohistochemistry. Across this regimen, psilocin microdosing did not measurably affect locomotor activity, depressive-like behavior, sociability, or novelty seeking, and it did not increase DG proliferation by either marker. A small anxiogenic effect was detected in the Elevated Plus Maze. These data indicate that, under the present dosing schedule and endpoints, chronic psilocin microdosing produces limited behavioral effects and does not enhance hippocampal progenitor proliferation in rats.","['Anxiety', 'Behavioral testing', 'Depression', 'Hippocampal neurogenesis', 'Psilocin microdosing', 'Social interaction', 'Wistar rats']","L. Ladislavová, V. Kútná, K. Mazochová, K. Šíchová, H. Danda, E. Lhotková, L. Uttl, V. Brejtr, K. Syrová, V. Mazoch, R. Horsley, T. Páleníček",2026
42378255,"Study Protocol for ""Exploring the safety and therapeutic potential of psilocybin in the treatment of anorexia nervosa in adolescents and young adults"".^
BACKGROUND: Anorexia nervosa (AN) is a severe psychiatric disorder with high morbidity, mortality, and relapse rates, most commonly emerging during adolescence. Despite specialized psychological and nutritional treatments, outcomes remain suboptimal, with high rates of relapse and chronicity. Psilocybin has been investigated with preliminary efficacy in other psychiatric conditions characterized by rigidity and treatment resistance, but clinical evidence in AN-particularly in adolescents-is limited. OBJECTIVE: The psiAN study aims to evaluate the safety, tolerability, and feasibility of psilocybin therapy combined with psychological support in adolescents and young adults with relapsing AN, while exploring clinical, experiential, and neurobiological correlates of change. METHODS: A phase IIa, open-label, randomized controlled trial enrolling individuals aged 16-35 years with DSM-5 AN and a history of relapse. Participants are randomized to receive either two administrations of psilocybin (25 mg) with manualized psychological support plus treatment as usual (TAU), or TAU alone. Primary outcomes focus on safety and tolerability, assessed through adverse events, psychiatric monitoring, and medical parameters measured from first dosing to primary endpoint. Secondary outcomes include change in eating disorder symptom severity, relapse composite measures, mood, well-being, personality traits from baseline to primary endpoint with follow-up to 12 months. Functional magnetic resonance imaging (fMRI) and peripheral brain-derived neurotrophic factor are included as exploratory mechanistic measures. fMRI will evaluate pre- to post-intervention changes in structural and functional connectivity and task-related responses during a simplified Monetary Incentive Delay task (MIDT) and a Calorie-Cue Task (CCT). ClinicalTrials.gov Identifier: NCT07169747. ETHICS AND DISSEMINATION: The study follows Good Clinical Practice (GCP), the Declaration of Helsinki, and EU Clinical Trials Regulation requirements, with staged inclusion of adolescents (16-17-year-olds) after a safety board review of adult data (18-35-year-olds). This protocol was prepared with reference to the SPIRIT 2025 guidelines (Chan et al., 2025) to enhance transparency and inform future trials.",1,"[0.0030272130388766527, 0.9969727993011475]",42378255,https://pubmed.ncbi.nlm.nih.gov/42378255/,10.1371/journal.pone.0352246,"Study Protocol for ""Exploring the safety and therapeutic potential of psilocybin in the treatment of anorexia nervosa in adolescents and young adults"".",2026-01-01,"BACKGROUND: Anorexia nervosa (AN) is a severe psychiatric disorder with high morbidity, mortality, and relapse rates, most commonly emerging during adolescence. Despite specialized psychological and nutritional treatments, outcomes remain suboptimal, with high rates of relapse and chronicity. Psilocybin has been investigated with preliminary efficacy in other psychiatric conditions characterized by rigidity and treatment resistance, but clinical evidence in AN-particularly in adolescents-is limited. OBJECTIVE: The psiAN study aims to evaluate the safety, tolerability, and feasibility of psilocybin therapy combined with psychological support in adolescents and young adults with relapsing AN, while exploring clinical, experiential, and neurobiological correlates of change. METHODS: A phase IIa, open-label, randomized controlled trial enrolling individuals aged 16-35 years with DSM-5 AN and a history of relapse. Participants are randomized to receive either two administrations of psilocybin (25 mg) with manualized psychological support plus treatment as usual (TAU), or TAU alone. Primary outcomes focus on safety and tolerability, assessed through adverse events, psychiatric monitoring, and medical parameters measured from first dosing to primary endpoint. Secondary outcomes include change in eating disorder symptom severity, relapse composite measures, mood, well-being, personality traits from baseline to primary endpoint with follow-up to 12 months. Functional magnetic resonance imaging (fMRI) and peripheral brain-derived neurotrophic factor are included as exploratory mechanistic measures. fMRI will evaluate pre- to post-intervention changes in structural and functional connectivity and task-related responses during a simplified Monetary Incentive Delay task (MIDT) and a Calorie-Cue Task (CCT). ClinicalTrials.gov Identifier: NCT07169747. ETHICS AND DISSEMINATION: The study follows Good Clinical Practice (GCP), the Declaration of Helsinki, and EU Clinical Trials Regulation requirements, with staged inclusion of adolescents (16-17-year-olds) after a safety board review of adult data (18-35-year-olds). This protocol was prepared with reference to the SPIRIT 2025 guidelines (Chan et al., 2025) to enhance transparency and inform future trials.",[],"D. Sjöström, O. Schau Rybäck, E. Claesdotter Knutsson, P. Kajonius, O. Jensen Sondén, P. Carlbring, J. Björkstrand, P. Movahed Rad",2026
42377806,"Psychedelics in treatment-resistant depression: a comprehensive review of mechanisms, clinical evidence, and recommendations.^
PURPOSE: Major depressive disorder (MDD) is a heterogeneous, debilitating disorder. A distinct subgroup within the MDD spectrum is identified to have treatment-resistant depression (TRD). There is an impetus to find alternative treatments for TRD to reduce disease burden and improve quality of life. Psychedelics have been used in the treatment of various psychiatric disorders since the 1950s, with potential benefits in TRD. METHODS: Aiming to summarize the evidence of using psychedelics for TRD by exploring mechanisms and potential benefits, we conducted a literature search on different psychedelics with their mechanisms from clinical and preclinical evidence. RESULTS: Psychedelics have been examined in many preclinical studies for efficacy and mechanisms with fewer clinical studies on patients with TRD. Besides serotonergic agonism, glutamate surge and monoamine release, psychedelics promote neuroplasticity, corticolimbic function, and epigenetic changes. Psilocybin, ketamine, and esketamine are the most researched agents of psychedelics in the context of TRD. Psilocybin-assisted therapy has been shown to induce short-term improvement in symptoms that can persist for weeks and months, with some meta-analyses consolidating such findings. Ketamine, as an atypical psychedelic, in many clinical trials of intravenous, subcutaneous, and oral forms, had rapid and robust effects in reducing depressive symptoms and relapses without decreasing cognitive function. Similarly, esketamine induced early and clinically meaningful improvements in function and productivity. Ayahuasca also showed fast and sustained effects with higher remission rates and good safety. CONCLUSION: Psychedelics have significant potential in TRD with superior mechanisms over traditional antidepressants. Despite the encouraging findings of the existing studies, large, well-designed studies are needed to extend their use as part of standard recommendations. ZUSAMMENFASSUNG: ZWECK: Die Major-Depression (MDD) ist eine heterogene, stark beeinträchtigende Erkrankung. Eine bestimmte Untergruppe innerhalb des MDD-Spektrums wird als therapieresistente Depression (TRD) bezeichnet. Es besteht ein dringender Bedarf an alternativen Behandlungsmethoden für die TRD, um die Krankheitslast zu verringern und die Lebensqualität zu verbessern. Psychedelika werden seit den 1950er Jahren zur Behandlung verschiedener psychiatrischer Störungen eingesetzt und bieten potenzielle Vorteile bei der TRD. METHODEN: Mit dem Ziel, die Evidenz zur Anwendung von Psychedelika bei TRD durch die Untersuchung von Wirkmechanismen und potenziellen Vorteilen zusammenzufassen, führten wir eine Literaturrecherche zu verschiedenen Psychedelika und deren Wirkungsweise anhand klinischer und präklinischer Erkenntnisse durch. ERGEBNISSE: Psychedelika wurden in vielen präklinischen Studien auf ihre Wirksamkeit und Mechanismen untersucht, während es nur wenige klinische Studien an Patienten mit TRD gibt. Neben serotonergem Agonismus, Glutamat-Anstieg und Monoamin-Freisetzung fördern Psychedelika die Neuroplastizität, die kortikolimbische Funktion und epigenetische Veränderungen. Psilocybin, Ketamin und Esketamin sind die am besten erforschten Psychedelika im Zusammenhang mit TRD. Es hat sich gezeigt, dass die Psilocybin-unterstützte Therapie eine kurzfristige Verbesserung der Symptome bewirkt, die über Wochen und Monate anhalten kann, wobei einige Metaanalysen diese Ergebnisse bestätigen. Ketamin zeigte als atypisches Psychedelikum in vielen klinischen Studien mit intravenösen, subkutanen und oralen Darreichungsformen schnelle und robuste Wirkungen bei der Verringerung depressiver Symptome und Rückfälle, ohne die kognitiven Funktionen zu beeinträchtigen. In ähnlicher Weise führte Esketamin zu frühen und klinisch bedeutsamen Verbesserungen der Funktionsfähigkeit und Produktivität. Auch Ayahuasca zeigte schnelle und anhaltende Wirkungen mit höheren Remissionsraten und guter Verträglichkeit. FAZIT: Psychedelika verfügen bei therapieresistenter Depression über ein erhebliches Potenzial und weisen im Vergleich zu herkömmlichen Antidepressiva überlegene Wirkmechanismen auf. Trotz der vielversprechenden Ergebnisse der bisherigen Studien sind groß angelegte, gut konzipierte Studien erforderlich, um ihren Einsatz als Teil der Standardempfehlungen auszuweiten.",0,"[0.9896313548088074, 0.010368641465902328]",42377806,https://pubmed.ncbi.nlm.nih.gov/42377806/,10.1007/s40211-026-00584-4,"Psychedelics in treatment-resistant depression: a comprehensive review of mechanisms, clinical evidence, and recommendations.",2026-06-30,"PURPOSE: Major depressive disorder (MDD) is a heterogeneous, debilitating disorder. A distinct subgroup within the MDD spectrum is identified to have treatment-resistant depression (TRD). There is an impetus to find alternative treatments for TRD to reduce disease burden and improve quality of life. Psychedelics have been used in the treatment of various psychiatric disorders since the 1950s, with potential benefits in TRD. METHODS: Aiming to summarize the evidence of using psychedelics for TRD by exploring mechanisms and potential benefits, we conducted a literature search on different psychedelics with their mechanisms from clinical and preclinical evidence. RESULTS: Psychedelics have been examined in many preclinical studies for efficacy and mechanisms with fewer clinical studies on patients with TRD. Besides serotonergic agonism, glutamate surge and monoamine release, psychedelics promote neuroplasticity, corticolimbic function, and epigenetic changes. Psilocybin, ketamine, and esketamine are the most researched agents of psychedelics in the context of TRD. Psilocybin-assisted therapy has been shown to induce short-term improvement in symptoms that can persist for weeks and months, with some meta-analyses consolidating such findings. Ketamine, as an atypical psychedelic, in many clinical trials of intravenous, subcutaneous, and oral forms, had rapid and robust effects in reducing depressive symptoms and relapses without decreasing cognitive function. Similarly, esketamine induced early and clinically meaningful improvements in function and productivity. Ayahuasca also showed fast and sustained effects with higher remission rates and good safety. CONCLUSION: Psychedelics have significant potential in TRD with superior mechanisms over traditional antidepressants. Despite the encouraging findings of the existing studies, large, well-designed studies are needed to extend their use as part of standard recommendations. ZUSAMMENFASSUNG: ZWECK: Die Major-Depression (MDD) ist eine heterogene, stark beeinträchtigende Erkrankung. Eine bestimmte Untergruppe innerhalb des MDD-Spektrums wird als therapieresistente Depression (TRD) bezeichnet. Es besteht ein dringender Bedarf an alternativen Behandlungsmethoden für die TRD, um die Krankheitslast zu verringern und die Lebensqualität zu verbessern. Psychedelika werden seit den 1950er Jahren zur Behandlung verschiedener psychiatrischer Störungen eingesetzt und bieten potenzielle Vorteile bei der TRD. METHODEN: Mit dem Ziel, die Evidenz zur Anwendung von Psychedelika bei TRD durch die Untersuchung von Wirkmechanismen und potenziellen Vorteilen zusammenzufassen, führten wir eine Literaturrecherche zu verschiedenen Psychedelika und deren Wirkungsweise anhand klinischer und präklinischer Erkenntnisse durch. ERGEBNISSE: Psychedelika wurden in vielen präklinischen Studien auf ihre Wirksamkeit und Mechanismen untersucht, während es nur wenige klinische Studien an Patienten mit TRD gibt. Neben serotonergem Agonismus, Glutamat-Anstieg und Monoamin-Freisetzung fördern Psychedelika die Neuroplastizität, die kortikolimbische Funktion und epigenetische Veränderungen. Psilocybin, Ketamin und Esketamin sind die am besten erforschten Psychedelika im Zusammenhang mit TRD. Es hat sich gezeigt, dass die Psilocybin-unterstützte Therapie eine kurzfristige Verbesserung der Symptome bewirkt, die über Wochen und Monate anhalten kann, wobei einige Metaanalysen diese Ergebnisse bestätigen. Ketamin zeigte als atypisches Psychedelikum in vielen klinischen Studien mit intravenösen, subkutanen und oralen Darreichungsformen schnelle und robuste Wirkungen bei der Verringerung depressiver Symptome und Rückfälle, ohne die kognitiven Funktionen zu beeinträchtigen. In ähnlicher Weise führte Esketamin zu frühen und klinisch bedeutsamen Verbesserungen der Funktionsfähigkeit und Produktivität. Auch Ayahuasca zeigte schnelle und anhaltende Wirkungen mit höheren Remissionsraten und guter Verträglichkeit. FAZIT: Psychedelika verfügen bei therapieresistenter Depression über ein erhebliches Potenzial und weisen im Vergleich zu herkömmlichen Antidepressiva überlegene Wirkmechanismen auf. Trotz der vielversprechenden Ergebnisse der bisherigen Studien sind groß angelegte, gut konzipierte Studien erforderlich, um ihren Einsatz als Teil der Standardempfehlungen auszuweiten.","['Ayahuasca', 'Depression', 'Ketamine', 'Psilocybin', 'Psychedelic agents', 'Treatment resistance']","CA. Estela-Fernandez, R. Mohamed Yousif Elsheikh, DB. Beatrice, A. A Alhendal, C. Irene Ewe, SY. Montesinos, J. Wensel, AP. Mishra, AA. Yousif, HT. Ali",2026
42369371,"Bolus versus Continuous Infusion of Esketamine for Prevention of Postpartum Depression After Caesarean Delivery: A Randomized, Double-Blind, Controlled Trial.^
BACKGROUND: Esketamine is increasingly being applied for preventing postpartum depression (PPD). However, clinical protocols for this application are inconsistent, particularly concerning the route of administration. The aim was to determine whether esketamine bolus administration differed from continuous infusion in terms of preventing PPD. METHODS: A total of 503 subjects without prenatal depression undergoing caesarean delivery were included in this superiority trial and randomly allocated to three groups: the esketamine bolus group received a bolus injection of 0.25 mg/kg esketamine, the esketamine infusion group was administered a continuous infusion of 0.25 mg/kg esketamine, while the control group was given an equivalent volume of normal saline. Primary outcome was set as the incidence of PPD at 6 weeks postpartum. The positive screening of PPD was defined as Edinburgh Postnatal Depression Scale (EPDS) with scores of more than 10. Incidence of PPD at 1 and 4 weeks postpartum, pain scores and all adverse events were also assessed. RESULTS: Esketamine bolus administration significantly reduced the incidence of PPD compared with control group (9.15% vs 19.33%; RR 0.47, 95% CI 0.25-0.91). However, no statistically significant difference was observed between the bolus group and the infusion group (9.15% vs 11.54%; RR 0.79, 95% CI 0.40-1.57). There were no significant differences in PPD incidence at 1 and 4 weeks postpartum among the three groups. Similarly, the analgesic effects were comparable across the three groups. Regarding adverse events, less dizziness and nausea/vomiting during surgery was revealed with esketamine bolus administration. Overall, subjects receiving esketamine bolus administration also experienced fewer intraoperative adverse events than those in the infusion group (45.75% vs 65.38%, RR 0.73, 95% CI 0.56-0.95). CONCLUSION: For patients without prenatal depression undergoing caesarean delivery, esketamine bolus administration or continuous infusion demonstrated comparable efficacy for preventing PPD, bolus administration may be the preferred route due to a lower incidence of adverse events.",1,"[0.008135640993714333, 0.9918644428253174]",42369371,https://pubmed.ncbi.nlm.nih.gov/42369371/,10.2147/DDDT.S601347,"Bolus versus Continuous Infusion of Esketamine for Prevention of Postpartum Depression After Caesarean Delivery: A Randomized, Double-Blind, Controlled Trial.",2026-01-01,"BACKGROUND: Esketamine is increasingly being applied for preventing postpartum depression (PPD). However, clinical protocols for this application are inconsistent, particularly concerning the route of administration. The aim was to determine whether esketamine bolus administration differed from continuous infusion in terms of preventing PPD. METHODS: A total of 503 subjects without prenatal depression undergoing caesarean delivery were included in this superiority trial and randomly allocated to three groups: the esketamine bolus group received a bolus injection of 0.25 mg/kg esketamine, the esketamine infusion group was administered a continuous infusion of 0.25 mg/kg esketamine, while the control group was given an equivalent volume of normal saline. Primary outcome was set as the incidence of PPD at 6 weeks postpartum. The positive screening of PPD was defined as Edinburgh Postnatal Depression Scale (EPDS) with scores of more than 10. Incidence of PPD at 1 and 4 weeks postpartum, pain scores and all adverse events were also assessed. RESULTS: Esketamine bolus administration significantly reduced the incidence of PPD compared with control group (9.15% vs 19.33%; RR 0.47, 95% CI 0.25-0.91). However, no statistically significant difference was observed between the bolus group and the infusion group (9.15% vs 11.54%; RR 0.79, 95% CI 0.40-1.57). There were no significant differences in PPD incidence at 1 and 4 weeks postpartum among the three groups. Similarly, the analgesic effects were comparable across the three groups. Regarding adverse events, less dizziness and nausea/vomiting during surgery was revealed with esketamine bolus administration. Overall, subjects receiving esketamine bolus administration also experienced fewer intraoperative adverse events than those in the infusion group (45.75% vs 65.38%, RR 0.73, 95% CI 0.56-0.95). CONCLUSION: For patients without prenatal depression undergoing caesarean delivery, esketamine bolus administration or continuous infusion demonstrated comparable efficacy for preventing PPD, bolus administration may be the preferred route due to a lower incidence of adverse events.","['administration route', 'caesarean section', 'esketamine', 'postpartum depression']","J. Yang, Q. Yan, T. Zhang, Y. Hu, F. Peng, R. Zhao, M. Deng, L. Ren",2026
42368324,"U.S. Psychedelic Use and Microdosing in 2025: Insights from a Probability-Based and Nationally Representative Survey.^
An increasing number of U.S. states are implementing or considering alternative policies to the prohibition of some psychedelic substances for nonclinical purposes. The authors present new data and analysis to inform these discussions with survey results on the use of 11 psychedelic substances and detailed information about the prevalence of microdosing (i.e., taking a fraction of a full dose, often on a schedule) for psilocybin, LSD, and MDMA.",0,"[0.9641373157501221, 0.03586264327168465]",42368324,https://pubmed.ncbi.nlm.nih.gov/42368324/,,U.S. Psychedelic Use and Microdosing in 2025: Insights from a Probability-Based and Nationally Representative Survey.,2026-06-01,"An increasing number of U.S. states are implementing or considering alternative policies to the prohibition of some psychedelic substances for nonclinical purposes. The authors present new data and analysis to inform these discussions with survey results on the use of 11 psychedelic substances and detailed information about the prevalence of microdosing (i.e., taking a fraction of a full dose, often on a schedule) for psilocybin, LSD, and MDMA.","['Controlled Substances and Illegal Drugs', 'Drug Markets and Supply', 'Drug Policy and Trends', 'Mental Health Treatment']","M. Priest, B. Kilmer, B. Senator, CM. Setodji",2026
42365496,"Psilocybin reduces fear memory and restores neuroplasticity in the hippocampus and medial prefrontal cortex.^
BACKGROUND: Posttraumatic stress disorder (PTSD) and major depressive disorder are often comorbid in humans. Psilocybin reportedly has beneficial therapeutic effects on depression, possibly by promoting neuroplasticity. PTSD is associated with the dysregulation of neuroplasticity in the hippocampus and medial prefrontal cortex (mPFC). We hypothesized that psilocybin might reduce fear memory by promoting neuroplasticity in the hippocampus and mPFC. AIMS: We investigated the effects of psilocybin on fear memory and explored its underlying mechanisms. We generated a mouse model of PTSD via auditory-cued fear conditioning and treated the mice with either vehicle or psilocybin (2.5 mg/kg, intraperitoneal) on day 0. Fear memory was assessed by the percentage of freezing time in response to conditioned stimuli. Fear memory tests were conducted on days 1, 6, and 7, after which the mice were sacrificed. To investigate the role of neuroplasticity in mediating the effects of psilocybin on fear memory, we assessed structural neuroplasticity and neuroplasticity-associated marker protein levels in the hippocampus and mPFC 7 days after a single dose of psilocybin. RESULTS: Psilocybin reduced the cue-induced fear response on days 1, 6, and 7. Psilocybin ameliorated the fear conditioning-induced decreases in neuroplasticity in the hippocampus and mPFC. Through Golgi-Cox staining, Western blotting, and immunofluorescence staining, we found that psilocybin increased dendritic branches and spine density, upregulated GluR1 and synapsin-1, enhanced brain-derived neurotrophic factor and mammalian target of rapamycin signaling, and promoted neurogenesis. CONCLUSIONS: A single dose of psilocybin reduces both the rapid and sustained fear memory in mice, at least in part by restoring neuroplasticity in the hippocampus and mPFC. These findings indicate that psilocybin has significant potential for use in the treatment of PTSD and other mental disorders characterized by fear memory.",0,"[0.9864431619644165, 0.01355687528848648]",42365496,https://pubmed.ncbi.nlm.nih.gov/42365496/,10.1177/02698811261453819,Psilocybin reduces fear memory and restores neuroplasticity in the hippocampus and medial prefrontal cortex.,2026-06-28,"BACKGROUND: Posttraumatic stress disorder (PTSD) and major depressive disorder are often comorbid in humans. Psilocybin reportedly has beneficial therapeutic effects on depression, possibly by promoting neuroplasticity. PTSD is associated with the dysregulation of neuroplasticity in the hippocampus and medial prefrontal cortex (mPFC). We hypothesized that psilocybin might reduce fear memory by promoting neuroplasticity in the hippocampus and mPFC. AIMS: We investigated the effects of psilocybin on fear memory and explored its underlying mechanisms. We generated a mouse model of PTSD via auditory-cued fear conditioning and treated the mice with either vehicle or psilocybin (2.5 mg/kg, intraperitoneal) on day 0. Fear memory was assessed by the percentage of freezing time in response to conditioned stimuli. Fear memory tests were conducted on days 1, 6, and 7, after which the mice were sacrificed. To investigate the role of neuroplasticity in mediating the effects of psilocybin on fear memory, we assessed structural neuroplasticity and neuroplasticity-associated marker protein levels in the hippocampus and mPFC 7 days after a single dose of psilocybin. RESULTS: Psilocybin reduced the cue-induced fear response on days 1, 6, and 7. Psilocybin ameliorated the fear conditioning-induced decreases in neuroplasticity in the hippocampus and mPFC. Through Golgi-Cox staining, Western blotting, and immunofluorescence staining, we found that psilocybin increased dendritic branches and spine density, upregulated GluR1 and synapsin-1, enhanced brain-derived neurotrophic factor and mammalian target of rapamycin signaling, and promoted neurogenesis. CONCLUSIONS: A single dose of psilocybin reduces both the rapid and sustained fear memory in mice, at least in part by restoring neuroplasticity in the hippocampus and mPFC. These findings indicate that psilocybin has significant potential for use in the treatment of PTSD and other mental disorders characterized by fear memory.","['fear memory', 'hippocampus', 'neuroplasticity', 'prefrontal cortex', 'psilocybin']","Y. Du, X. Zhao, Y. Yao, Y. Li, G. Wang, L. Zhang",2026
42365488,"Classical psychedelic microdosing, mood, and cognitive function: An umbrella review with narrative synthesis.^
BACKGROUND: Psychedelic microdosing-repeated sub-perceptual doses of lysergic acid diethylamide (LSD) or psilocybin-has attracted scientific interest as a potential mood and cognitive intervention. The evidence base remains methodologically heterogeneous and vulnerable to expectancy bias. METHODS: We conducted an umbrella review with narrative synthesis following Joanna Briggs Institute guidance and Preferred Reporting Items for Systematic Reviews and Meta-Analyses (PRISMA) 2020 standards (International Prospective Register of Systematic Reviews [PROSPERO]: 2020 standards (PROSPERO: CRD420251077340). Six databases were searched through February 2026. Eligible studies were systematic reviews and/or meta-analyses examining microdosing effects (⩽20 μg LSD or ⩽3 mg psilocybin per session) on mood or cognitive outcomes in adults. Quality was appraised with A Measurement Tool to Assess Systematic Reviews-2; primary-study overlap was quantified via corrected covered area (CCA). RESULTS: Three meta-analyses met quantitative criteria, drawing on 14 studies (13 unique samples, N = 1614); three reviews contributed to narrative synthesis. Primary-study overlap was very high (CCA = 0.29). The sole significant pooled effect was a small decrease in cognitive control (d = -0.34, 95% CI: -0.62 to -0.06); all other domains were non-significant. No eligible meta-analysis provided pooled mood-outcome effect sizes within the microdose threshold; narrative evidence indicates that self-reported mood benefits are largely attenuated under placebo-controlled conditions. Short-term tolerability was acceptable, though cardiovascular signals and long-term risks via 5-HT2B activation remain uncharacterized. CONCLUSIONS: Current evidence does not support cognitive enhancement through microdosing; the only consistent controlled finding runs counter to popular claims: microdosing was associated with a small but reliable impairment of cognitive control. Observed mood benefits are not replicated under blinded conditions, consistent with expectancy-driven responding. Adequately powered, preregistered, expectancy-controlled trials are required before clinical recommendations can be made.",1,"[0.0032429597340524197, 0.9967570900917053]",42365488,https://pubmed.ncbi.nlm.nih.gov/42365488/,10.1177/02698811261456196,"Classical psychedelic microdosing, mood, and cognitive function: An umbrella review with narrative synthesis.",2026-06-28,"BACKGROUND: Psychedelic microdosing-repeated sub-perceptual doses of lysergic acid diethylamide (LSD) or psilocybin-has attracted scientific interest as a potential mood and cognitive intervention. The evidence base remains methodologically heterogeneous and vulnerable to expectancy bias. METHODS: We conducted an umbrella review with narrative synthesis following Joanna Briggs Institute guidance and Preferred Reporting Items for Systematic Reviews and Meta-Analyses (PRISMA) 2020 standards (International Prospective Register of Systematic Reviews [PROSPERO]: 2020 standards (PROSPERO: CRD420251077340). Six databases were searched through February 2026. Eligible studies were systematic reviews and/or meta-analyses examining microdosing effects (⩽20 μg LSD or ⩽3 mg psilocybin per session) on mood or cognitive outcomes in adults. Quality was appraised with A Measurement Tool to Assess Systematic Reviews-2; primary-study overlap was quantified via corrected covered area (CCA). RESULTS: Three meta-analyses met quantitative criteria, drawing on 14 studies (13 unique samples, N = 1614); three reviews contributed to narrative synthesis. Primary-study overlap was very high (CCA = 0.29). The sole significant pooled effect was a small decrease in cognitive control (d = -0.34, 95% CI: -0.62 to -0.06); all other domains were non-significant. No eligible meta-analysis provided pooled mood-outcome effect sizes within the microdose threshold; narrative evidence indicates that self-reported mood benefits are largely attenuated under placebo-controlled conditions. Short-term tolerability was acceptable, though cardiovascular signals and long-term risks via 5-HT2B activation remain uncharacterized. CONCLUSIONS: Current evidence does not support cognitive enhancement through microdosing; the only consistent controlled finding runs counter to popular claims: microdosing was associated with a small but reliable impairment of cognitive control. Observed mood benefits are not replicated under blinded conditions, consistent with expectancy-driven responding. Adequately powered, preregistered, expectancy-controlled trials are required before clinical recommendations can be made.","['AMSTAR-2', 'LSD', 'cognitive function', 'expectancy effects', 'mood', 'narrative synthesis', 'placebo', 'psilocybin', 'psychedelic microdosing', 'serotonin receptor partial agonist (5-HT2A)', 'serotonin reuptake inhibitor', 'umbrella review']","Y. Özaydın, B. Canlan Özaydın",2026
42364550,"Development and validation of a UPLC-MS/MS method for real-time neuropharmacokinetic monitoring of iboga alkaloids in rat brain.^
Iboga alkaloids, including ibogaine, its primary metabolite noribogaine, and the naturally occurring congener ibogamine, have shown promise for the treatment of substance use and other neuropsychiatric disorders but are limited by cardiotoxic effects. Safer synthetic analogs, such as oxa-noribogaine, are under active development; however, validated analytical methods for quantifying these compounds in brain extracellular fluid are lacking. Existing approaches that rely on tissue homogenate analysis reflect total tissue drug content, encompassing intracellular, protein-bound, and vascular compartments, and cannot directly measure pharmacologically active, unbound drug at the site of receptor interaction. Here, we report the development and validation of a sensitive UPLC-MS/MS method capable of quantifying ibogaine, noribogaine, ibogamine, and oxa-noribogaine in rat brain microdialysate. Using D2-noribogaine, a custom-synthesized isotopically labeled internal standard, the method achieved lower limits of quantification of 0.78-1.56 ng/mL with a 6-minute run time. Calibration curves were linear over 0.78-75 ng/mL for ibogamine and 1.56-75 ng/mL for ibogaine, noribogaine, and oxa-noribogaine, and intra- and inter-day accuracy and precision met acceptance criteria for all analytes. Analytes were stable under freeze-thaw, long-term storage (-80°C), and autosampler conditions. The method was successfully applied to measure noribogaine levels in the nucleus accumbens following intraperitoneal administration (10 mg/kg) in rats (n = 4), yielding a recovery-corrected peak unbound extracellular fluid (ECF) concentration (Cmax,u) of 292 ± 68 ng/mL (∼0.98 µM) at a mean Tmax of 50 min, demonstrating the method's suitability for real-time neuropharmacokinetic profiling of iboga alkaloids in brain ECF. This validated method provides an essential preclinical tool for pharmacokinetic-pharmacodynamic characterization of iboga alkaloids at their sites of therapeutic action, supporting the development of safer iboga-derived therapeutics.",0,"[0.9407267570495605, 0.05927325785160065]",42364550,https://pubmed.ncbi.nlm.nih.gov/42364550/,10.1016/j.jpba.2026.117630,Development and validation of a UPLC-MS/MS method for real-time neuropharmacokinetic monitoring of iboga alkaloids in rat brain.,2026-06-24,"Iboga alkaloids, including ibogaine, its primary metabolite noribogaine, and the naturally occurring congener ibogamine, have shown promise for the treatment of substance use and other neuropsychiatric disorders but are limited by cardiotoxic effects. Safer synthetic analogs, such as oxa-noribogaine, are under active development; however, validated analytical methods for quantifying these compounds in brain extracellular fluid are lacking. Existing approaches that rely on tissue homogenate analysis reflect total tissue drug content, encompassing intracellular, protein-bound, and vascular compartments, and cannot directly measure pharmacologically active, unbound drug at the site of receptor interaction. Here, we report the development and validation of a sensitive UPLC-MS/MS method capable of quantifying ibogaine, noribogaine, ibogamine, and oxa-noribogaine in rat brain microdialysate. Using D2-noribogaine, a custom-synthesized isotopically labeled internal standard, the method achieved lower limits of quantification of 0.78-1.56 ng/mL with a 6-minute run time. Calibration curves were linear over 0.78-75 ng/mL for ibogamine and 1.56-75 ng/mL for ibogaine, noribogaine, and oxa-noribogaine, and intra- and inter-day accuracy and precision met acceptance criteria for all analytes. Analytes were stable under freeze-thaw, long-term storage (-80°C), and autosampler conditions. The method was successfully applied to measure noribogaine levels in the nucleus accumbens following intraperitoneal administration (10 mg/kg) in rats (n = 4), yielding a recovery-corrected peak unbound extracellular fluid (ECF) concentration (Cmax,u) of 292 ± 68 ng/mL (∼0.98 µM) at a mean Tmax of 50 min, demonstrating the method's suitability for real-time neuropharmacokinetic profiling of iboga alkaloids in brain ECF. This validated method provides an essential preclinical tool for pharmacokinetic-pharmacodynamic characterization of iboga alkaloids at their sites of therapeutic action, supporting the development of safer iboga-derived therapeutics.","['Bioanalytical method validation', 'Brain microdialysis', 'Iboga alkaloids', 'Neuropharmacokinetics', 'UPLC-MS/MS']","S. McIntosh, I. Maldonado, NC. Smith, RS. Gadepalli, JM. Rimoldi, V. Havel, D. Sames, SE. Hemby",2026
42364133,"Challenges in the interpretation of amphetamine results: differences of reactivity between immunoassay and immunochromatography.^
Urine drug screening is a valuable diagnostic tool for assessing acute intoxications in the emergency department. Enzyme immunoassay (IA) and immunochromatography (IC) are the two main techniques routinely used due to their rapid turnaround, low cost, and high sensitivity. However, results must be interpreted with caution, as structural cross-reactivity may cause false-positive (FP) findings. We retrospectively analyzed 55 urine samples from emergency patients initially screened for amphetamines by IA and confirmed by gas chromatography-mass spectrometry (GC-MS). Samples containing amphetamine derivatives or potentially cross-reactive substances (tetracaine, trazodone, methylphenidate, ritalinic acid, phentermine, procainamide, ephedrine, bisoprolol, and synthetic cathinones) were subsequently analyzed using an IC assay. Diagnostic performance and cross-reactivity were compared between both screening methods. Of the 55 samples selected by IA, 34 were true positives (TP), 8 true negatives (TN), 2 false negatives (FN), and 11 FP. FP by IA were mainly due to tetracaine, trazodone, phentermine, ephedrine, and procainamide. In comparison, IC yielded 32 TP, 17 TN, 2 FP (phentermine and bisoprolol), and 4 FN. No cross-reactivity with methylphenidate and synthetic cathinones was observed in either technique. IC showed frequent misclassifications between amphetamine and methamphetamine while MDMA detection was more specific. IC is a reliable and rapid alternative for amphetamine screening in the emergency setting, providing improved specificity and fewer false positives than IA. Given its limited discrimination between amphetamine and methamphetamine, IC results should be reported as 'amphetamine derivatives'. These findings highlight assay-dependent cross-reactivity and the importance of understanding methodological limitations for an accurate interpretation.",0,"[0.9909568428993225, 0.009043129161000252]",42364133,https://pubmed.ncbi.nlm.nih.gov/42364133/,10.1080/00365513.2026.2694040,Challenges in the interpretation of amphetamine results: differences of reactivity between immunoassay and immunochromatography.,2026-06-27,"Urine drug screening is a valuable diagnostic tool for assessing acute intoxications in the emergency department. Enzyme immunoassay (IA) and immunochromatography (IC) are the two main techniques routinely used due to their rapid turnaround, low cost, and high sensitivity. However, results must be interpreted with caution, as structural cross-reactivity may cause false-positive (FP) findings. We retrospectively analyzed 55 urine samples from emergency patients initially screened for amphetamines by IA and confirmed by gas chromatography-mass spectrometry (GC-MS). Samples containing amphetamine derivatives or potentially cross-reactive substances (tetracaine, trazodone, methylphenidate, ritalinic acid, phentermine, procainamide, ephedrine, bisoprolol, and synthetic cathinones) were subsequently analyzed using an IC assay. Diagnostic performance and cross-reactivity were compared between both screening methods. Of the 55 samples selected by IA, 34 were true positives (TP), 8 true negatives (TN), 2 false negatives (FN), and 11 FP. FP by IA were mainly due to tetracaine, trazodone, phentermine, ephedrine, and procainamide. In comparison, IC yielded 32 TP, 17 TN, 2 FP (phentermine and bisoprolol), and 4 FN. No cross-reactivity with methylphenidate and synthetic cathinones was observed in either technique. IC showed frequent misclassifications between amphetamine and methamphetamine while MDMA detection was more specific. IC is a reliable and rapid alternative for amphetamine screening in the emergency setting, providing improved specificity and fewer false positives than IA. Given its limited discrimination between amphetamine and methamphetamine, IC results should be reported as 'amphetamine derivatives'. These findings highlight assay-dependent cross-reactivity and the importance of understanding methodological limitations for an accurate interpretation.","['Amphetamine', 'MDMA', 'cross reactions', 'gas chromatography-mass spectrometry', 'immunoassay', 'immunochromatography', 'methamphetamine']","N. Sainz-Pastor, E. Martín, E. Julià, L. Cosmina Sabau, E. Navas, JA. Quiles, B. González de la Presa, M. Parra-Robert",2026
42363614,"The purpose of the psychosocial protocol in the psychedelic-assisted therapy: A scoping review.^
With growing research on the use of psychedelics to treat mental health conditions, greater attention to the psychosocial procedures accompanying substance administration is warranted. This scoping review aims to categorize psychosocial protocols used in research involving psychedelics as psychiatric treatment according to their purpose, denomination, format, therapeutic orientation, formalization, and duration. Experimental and observational studies were identified through online search platforms, covering Ayahuasca, Dimethyltryptamine, 5-methoxy-N,N-dimethyltryptamine, Lysergic Acid Diethylamide, Ibogaine, Mescaline, 3,4-methylenedioxymethamphetamine, Psilocybin, and 4-hydroxy-N,N-diisopropyltryptamine, yielding 62 eligible studies that were also assessed for methodological quality. Seven categories were defined, reflecting distinct emphases on the substance, participant, research team, and sociocultural context. Although limited reporting and heterogeneity remain methodological challenges, these features reveal divergent research intentions and contextual constraints. The proposed parameters suggest a shared language to describe, compare, and examine psychosocial protocols across studies and reduce conceptual uncertainty in the field. This review may facilitate research decision-making and support the development of structured and replicable study designs, while predicting flexibility to accommodate individualized, culturally responsive, and population-specific care. Ultimately, researchers explicitly defining the intended purpose of psychosocial protocols may improve its transparent reporting, and evaluation. Future research should balance methodological rigor with attention to real-world studies, interdisciplinary perspectives, and demographic diversity for responsible advancing.",0,"[0.9846200346946716, 0.015380030497908592]",42363614,https://pubmed.ncbi.nlm.nih.gov/42363614/,10.1177/02698811261453850,The purpose of the psychosocial protocol in the psychedelic-assisted therapy: A scoping review.,2026-06-26,"With growing research on the use of psychedelics to treat mental health conditions, greater attention to the psychosocial procedures accompanying substance administration is warranted. This scoping review aims to categorize psychosocial protocols used in research involving psychedelics as psychiatric treatment according to their purpose, denomination, format, therapeutic orientation, formalization, and duration. Experimental and observational studies were identified through online search platforms, covering Ayahuasca, Dimethyltryptamine, 5-methoxy-N,N-dimethyltryptamine, Lysergic Acid Diethylamide, Ibogaine, Mescaline, 3,4-methylenedioxymethamphetamine, Psilocybin, and 4-hydroxy-N,N-diisopropyltryptamine, yielding 62 eligible studies that were also assessed for methodological quality. Seven categories were defined, reflecting distinct emphases on the substance, participant, research team, and sociocultural context. Although limited reporting and heterogeneity remain methodological challenges, these features reveal divergent research intentions and contextual constraints. The proposed parameters suggest a shared language to describe, compare, and examine psychosocial protocols across studies and reduce conceptual uncertainty in the field. This review may facilitate research decision-making and support the development of structured and replicable study designs, while predicting flexibility to accommodate individualized, culturally responsive, and population-specific care. Ultimately, researchers explicitly defining the intended purpose of psychosocial protocols may improve its transparent reporting, and evaluation. Future research should balance methodological rigor with attention to real-world studies, interdisciplinary perspectives, and demographic diversity for responsible advancing.","['psychedelic assisted therapy', 'psychosocial', 'psychotherapy', 'support', 'therapeutic', 'therapy']","F. Giaffone de Paiva Ferreira, JAB. Fernandes, R. Filev, DX. da Silveira, TM. Fidalgo",2026
42361342,"Psychological Adverse Effects of Psychedelic Use.^
The Psychiatric Consultation Service at Massachusetts General Hospital sees medical and surgical inpatients with comorbid psychiatric symptoms and conditions. During their twice-weekly rounds, Dr Stern and other members of the Consultation Service discuss diagnosis and management of hospitalized patients with complex medical or surgical problems who also demonstrate psychiatric symptoms or conditions. These discussions have given rise to rounds reports that will prove useful for clinicians practicing at the interface of medicine and psychiatry. Prim Care Companion CNS Disord 2026;28(3):25f04172. Author affiliations are listed at the end of this article.",0,"[0.9869011044502258, 0.013098875992000103]",42361342,https://pubmed.ncbi.nlm.nih.gov/42361342/,10.4088/PCC.25f04172,Psychological Adverse Effects of Psychedelic Use.,2026-06-25,"The Psychiatric Consultation Service at Massachusetts General Hospital sees medical and surgical inpatients with comorbid psychiatric symptoms and conditions. During their twice-weekly rounds, Dr Stern and other members of the Consultation Service discuss diagnosis and management of hospitalized patients with complex medical or surgical problems who also demonstrate psychiatric symptoms or conditions. These discussions have given rise to rounds reports that will prove useful for clinicians practicing at the interface of medicine and psychiatry. Prim Care Companion CNS Disord 2026;28(3):25f04172. Author affiliations are listed at the end of this article.",[],"F. King, J. Zambrano, E. Mauney, K. Nigam, FE. Forcen, BS. Barnett, ST. Taylor, SA. Mattson, TA. Stern",2026
42361340,"Medical Complications of Psychedelics.^
The Psychiatric Consultation Service at Massachusetts General Hospital sees medical and surgical inpatients with comorbid psychiatric symptoms and conditions. During their twice-weekly rounds, Dr Stern and other members of the Consultation Service discuss diagnosis and management of hospitalized patients with complex medical or surgical problems who also demonstrate psychiatric symptoms or conditions. These discussions have given rise to rounds reports that will prove useful for clinicians practicing at the interface of medicine and psychiatry. Prim Care Companion CNS Disord 2026;28(3):25f04171. Author affiliations are listed at the end of this article.",0,"[0.9869909882545471, 0.013008986599743366]",42361340,https://pubmed.ncbi.nlm.nih.gov/42361340/,10.4088/PCC.25f04171,Medical Complications of Psychedelics.,2026-06-23,"The Psychiatric Consultation Service at Massachusetts General Hospital sees medical and surgical inpatients with comorbid psychiatric symptoms and conditions. During their twice-weekly rounds, Dr Stern and other members of the Consultation Service discuss diagnosis and management of hospitalized patients with complex medical or surgical problems who also demonstrate psychiatric symptoms or conditions. These discussions have given rise to rounds reports that will prove useful for clinicians practicing at the interface of medicine and psychiatry. Prim Care Companion CNS Disord 2026;28(3):25f04171. Author affiliations are listed at the end of this article.",[],"F. King, BS. Barnett, ST. Taylor, SA. Mattson, E. Mauney, J. Zambrano, FE. Forcen, K. Nigam, TA. Stern",2026
42359292,"An exploratory study of breathwork-induced altered states of consciousness in experienced practitioners: the airways to alteration (A2A) trial.^
BACKGROUND: Breathwork that increases ventilatory rate or depth represents an accessible non-pharmacological modality for potentially inducing altered states of consciousness (ASCs). Despite gaining traction as a potential therapeutic tool, empirical controlled research on breathwork and ASCs remains limited. METHODS: We examined the effects of a single session of high ventilation breathwork, compared to body scan meditation, in 24 healthy adults with primary outcomes of acute ASCs including mystical experience and emotional breakthrough. Sub-acute secondary outcomes were collected 1 week later. RESULTS: Breathwork was associated with larger effects on oceanic boundlessness (p = 0.007, r = 0.63), visionary restructuralisation (p = 0.018, r = 0.60), total mystical experience (p = 0.007, r = 0.66), oneness (p = 0.018, r = 0.60), positive mood (p = 0.007, r = 0.66), ineffability (p = 0.038, r = 0.55), and emotional breakthrough (p = 0.028, r = 0.45). At follow-up, breathwork was associated with substantially greater psychological insight (p = 0.002, r = 0.67) and behavioral change (p = 0.008, r = 0.60) relative to body scan meditation. Stress, anxiety, depression and wellbeing improved in both groups over time. DISCUSSION: Results from this preliminary experimental study indicate that breathwork is associated with larger acute psychedelic-like effects than meditation, alongside greater emotional breakthrough, insight, and self-reported behavioral change. These exploratory relationships and preliminary observations provide greater context around breathwork-induced ASCs, and support the feasibility of ASC-focused breathwork research for future confirmatory trials.",0,"[0.9833801984786987, 0.01661982573568821]",42359292,https://pubmed.ncbi.nlm.nih.gov/42359292/,10.3389/fpsyg.2026.1851882,An exploratory study of breathwork-induced altered states of consciousness in experienced practitioners: the airways to alteration (A2A) trial.,2026-01-01,"BACKGROUND: Breathwork that increases ventilatory rate or depth represents an accessible non-pharmacological modality for potentially inducing altered states of consciousness (ASCs). Despite gaining traction as a potential therapeutic tool, empirical controlled research on breathwork and ASCs remains limited. METHODS: We examined the effects of a single session of high ventilation breathwork, compared to body scan meditation, in 24 healthy adults with primary outcomes of acute ASCs including mystical experience and emotional breakthrough. Sub-acute secondary outcomes were collected 1 week later. RESULTS: Breathwork was associated with larger effects on oceanic boundlessness (p = 0.007, r = 0.63), visionary restructuralisation (p = 0.018, r = 0.60), total mystical experience (p = 0.007, r = 0.66), oneness (p = 0.018, r = 0.60), positive mood (p = 0.007, r = 0.66), ineffability (p = 0.038, r = 0.55), and emotional breakthrough (p = 0.028, r = 0.45). At follow-up, breathwork was associated with substantially greater psychological insight (p = 0.002, r = 0.67) and behavioral change (p = 0.008, r = 0.60) relative to body scan meditation. Stress, anxiety, depression and wellbeing improved in both groups over time. DISCUSSION: Results from this preliminary experimental study indicate that breathwork is associated with larger acute psychedelic-like effects than meditation, alongside greater emotional breakthrough, insight, and self-reported behavioral change. These exploratory relationships and preliminary observations provide greater context around breathwork-induced ASCs, and support the feasibility of ASC-focused breathwork research for future confirmatory trials.","['altered states of consciousness', 'behavior change', 'breathwork', 'emotional breakthrough', 'high ventilation', 'meditation', 'mystical experience', 'psychological insight']","GW. Fincham, E. Caddye, AA. Kartar, EA. Lilley, N. Stoke, A. Colasanti",2026
42350785,"Novel approaches in depression treatment: from rapid-acting antidepressants to personalized interventions.^
Major depressive disorder (MDD) and treatment-resistant depression (TRD) are prevalent and debilitating conditions. Over 50% of patients have inadequate response to first-line serotonergic antidepressants and are left with suboptimal treatment options. Rapid-acting and individually tailored treatments for MDD remain major unmet needs. This review discusses promising rapid-acting treatments, including psychedelic and neuroplastogen compounds, currently under investigation for the treatment of MDD and TRD. Among these, psilocybin has advanced to late-stage trials. In addition, we examine the emerging role of repetitive transcranial magnetic stimulation (rTMS), including novel personalized interventions, such as the Stanford Accelerated Intelligent Neuromodulation Therapy (SAINT) protocol, which has demonstrated rapid antidepressant effects and is now FDA-cleared for TRD, positioning it closest to clinical translation. We also highlight the ongoing ALTO-300 trial, which is evaluating an adjunctive treatment for MDD in patients identified by an EEG biomarker-representing another promising step toward personalized treatment. Finally, we review the results of a Phase 2 study reporting outcomes that vary by a specific genotype sequence, underscoring the potential for genetically guided personalized interventions. Despite these advances, key limitations, including unblinding in psychedelic trials, scalability challenges of intensive neuromodulation protocols, and the need for validated biomarkers, pose ongoing challenges for real-world implementation.",0,"[0.9923121333122253, 0.007687818259000778]",42350785,https://pubmed.ncbi.nlm.nih.gov/42350785/,10.1038/s41380-026-03722-0,Novel approaches in depression treatment: from rapid-acting antidepressants to personalized interventions.,2026-06-25,"Major depressive disorder (MDD) and treatment-resistant depression (TRD) are prevalent and debilitating conditions. Over 50% of patients have inadequate response to first-line serotonergic antidepressants and are left with suboptimal treatment options. Rapid-acting and individually tailored treatments for MDD remain major unmet needs. This review discusses promising rapid-acting treatments, including psychedelic and neuroplastogen compounds, currently under investigation for the treatment of MDD and TRD. Among these, psilocybin has advanced to late-stage trials. In addition, we examine the emerging role of repetitive transcranial magnetic stimulation (rTMS), including novel personalized interventions, such as the Stanford Accelerated Intelligent Neuromodulation Therapy (SAINT) protocol, which has demonstrated rapid antidepressant effects and is now FDA-cleared for TRD, positioning it closest to clinical translation. We also highlight the ongoing ALTO-300 trial, which is evaluating an adjunctive treatment for MDD in patients identified by an EEG biomarker-representing another promising step toward personalized treatment. Finally, we review the results of a Phase 2 study reporting outcomes that vary by a specific genotype sequence, underscoring the potential for genetically guided personalized interventions. Despite these advances, key limitations, including unblinding in psychedelic trials, scalability challenges of intensive neuromodulation protocols, and the need for validated biomarkers, pose ongoing challenges for real-world implementation.",[],"C. Guidetti, M. Fava, GI. Papakostas",2026
42348297,"Psychedelic Therapy and the Role of Music: A Scoping Review of Quantitative Evidence on Subjective and Objective Outcomes.^
PURPOSE: Psychedelics have received considerable attention due to their potential in treating psychiatric disorders. The ""setting"" during psychedelic-assisted therapy (PAT) is recognized as playing a central role in the experience, during which music features prominently. Although music is theorized as directing and shaping psychedelic sessions, its precise contribution to acute experience and therapeutic outcomes is unclear. This scoping review aimed to map quantitative research on the interplay of psychedelics and music by consolidating existing evidence, identifying gaps, and where possible, reporting on effects of psychedelics and music on subjective (e.g., psychological) and objective (e.g., biological) outcomes. METHOD: Following PRISMA (Preferred Reporting Items for Systematic Reviews and Meta-Analyses) guidelines, relevant papers were identified through electronic databases (MEDLINE, Embase, PsychINFO, Scopus) using terms associated with psychedelic compounds, psychedelic-assisted therapy, and music. Papers were restricted to quantitative studies published in peer-reviewed journals investigating human subjects within therapeutic and controlled experimental contexts, focusing on interactions between music and psychedelics. FINDING: A total of 19 papers (total human sample = 330) met inclusion criteria. Psilocybin and LSD were the most studied psychedelic compounds; no studies were found investigating MDMA and music. Characteristics of music conditions across studies have been limited. The findings suggest that music modulates the psychedelic experience through: (1) amplifying and intensifying emotions, (2) recruiting brain networks involved in meaning-attribution and visual imagery, and (3) increasing overall neural entropy. CONCLUSION: Considerable gaps remain in understanding mechanisms of action and how music is delivered to optimize therapeutic response, due in part to methodological inconsistencies and small sample sizes. This review underscores the critical role of music in shaping psychedelic experiences and therapeutic outcomes.",1,"[0.02106432244181633, 0.978935718536377]",42348297,https://pubmed.ncbi.nlm.nih.gov/42348297/,10.1002/brb3.71533,Psychedelic Therapy and the Role of Music: A Scoping Review of Quantitative Evidence on Subjective and Objective Outcomes.,2026-06-01,"PURPOSE: Psychedelics have received considerable attention due to their potential in treating psychiatric disorders. The ""setting"" during psychedelic-assisted therapy (PAT) is recognized as playing a central role in the experience, during which music features prominently. Although music is theorized as directing and shaping psychedelic sessions, its precise contribution to acute experience and therapeutic outcomes is unclear. This scoping review aimed to map quantitative research on the interplay of psychedelics and music by consolidating existing evidence, identifying gaps, and where possible, reporting on effects of psychedelics and music on subjective (e.g., psychological) and objective (e.g., biological) outcomes. METHOD: Following PRISMA (Preferred Reporting Items for Systematic Reviews and Meta-Analyses) guidelines, relevant papers were identified through electronic databases (MEDLINE, Embase, PsychINFO, Scopus) using terms associated with psychedelic compounds, psychedelic-assisted therapy, and music. Papers were restricted to quantitative studies published in peer-reviewed journals investigating human subjects within therapeutic and controlled experimental contexts, focusing on interactions between music and psychedelics. FINDING: A total of 19 papers (total human sample = 330) met inclusion criteria. Psilocybin and LSD were the most studied psychedelic compounds; no studies were found investigating MDMA and music. Characteristics of music conditions across studies have been limited. The findings suggest that music modulates the psychedelic experience through: (1) amplifying and intensifying emotions, (2) recruiting brain networks involved in meaning-attribution and visual imagery, and (3) increasing overall neural entropy. CONCLUSION: Considerable gaps remain in understanding mechanisms of action and how music is delivered to optimize therapeutic response, due in part to methodological inconsistencies and small sample sizes. This review underscores the critical role of music in shaping psychedelic experiences and therapeutic outcomes.","['music', 'neuroimaging', 'psychedelic', 'psychedelic‐assisted therapy']","T. Rowe, T. Hurzeler, E. Towers, E. Louie, KC. Morley",2026
42345450,"The intersection between psychedelics and schizophrenia spectrum disorders: Reevaluating risk and therapeutic potential.^
In the past decade, interest in studying psychedelic compounds as potential therapeutic agents has resurged. These studies carefully exclude individuals at risk for developing psychotic symptoms in response to psychedelic use. Given the potential for psychedelics to be established as treatments in psychiatry, it is important to more robustly understand their link with psychosis and schizophrenia spectrum disorders (SSDs). In this narrative review, we examine the historical and theoretical relationship between psychedelic drugs and SSDs, including the origins of the psychotomimetic hypothesis. For key psychedelic compounds, we review their phenomenological manifestations in relation to the experiential alterations characteristic of SSDs, revealing both areas of overlap and important qualitative differences that challenge the uniform psychotomimetic classification. We also review putative neural mechanisms underlying altered experiential states associated with psychedelic use and SSDs, with attention to serotonergic, dopaminergic, and glutamatergic contributions. Clinical evidence demonstrates that psychedelics can exacerbate pre-existing psychotic illness and may trigger psychosis in vulnerable individuals, though the magnitude of these risks remains inadequately quantified. However, phenomenological and mechanistic distinctions suggest that potential therapeutic applications may exist for carefully selected symptoms (negative symptoms, depression) in stable patients using low-dose, controlled approaches. Based on published work, we provide recommendations regarding psychosis-related risk and potential avenues for the treatment of SSDs as psychedelics gain traction as therapeutics.",0,"[0.9948122501373291, 0.005187781061977148]",42345450,https://pubmed.ncbi.nlm.nih.gov/42345450/,10.1177/02698811261456191,The intersection between psychedelics and schizophrenia spectrum disorders: Reevaluating risk and therapeutic potential.,2026-06-25,"In the past decade, interest in studying psychedelic compounds as potential therapeutic agents has resurged. These studies carefully exclude individuals at risk for developing psychotic symptoms in response to psychedelic use. Given the potential for psychedelics to be established as treatments in psychiatry, it is important to more robustly understand their link with psychosis and schizophrenia spectrum disorders (SSDs). In this narrative review, we examine the historical and theoretical relationship between psychedelic drugs and SSDs, including the origins of the psychotomimetic hypothesis. For key psychedelic compounds, we review their phenomenological manifestations in relation to the experiential alterations characteristic of SSDs, revealing both areas of overlap and important qualitative differences that challenge the uniform psychotomimetic classification. We also review putative neural mechanisms underlying altered experiential states associated with psychedelic use and SSDs, with attention to serotonergic, dopaminergic, and glutamatergic contributions. Clinical evidence demonstrates that psychedelics can exacerbate pre-existing psychotic illness and may trigger psychosis in vulnerable individuals, though the magnitude of these risks remains inadequately quantified. However, phenomenological and mechanistic distinctions suggest that potential therapeutic applications may exist for carefully selected symptoms (negative symptoms, depression) in stable patients using low-dose, controlled approaches. Based on published work, we provide recommendations regarding psychosis-related risk and potential avenues for the treatment of SSDs as psychedelics gain traction as therapeutics.","['DMT', 'LSD', 'mescaline', 'phenomenology', 'psilocybin', 'psychedelics', 'psychosis', 'schizophrenia']","PS. Brar, RB. Price, S. Ross, B. Tofighi, DK. Sarpal",2026
42343606,"Clinical and non-clinical use of MDMA.^
3,4-methylenedioxymethamphetamine (MDMA), commonly known as ecstasy, has shown promising results in the treatment of post-traumatic stress disorder (PTSD). In clinical trials, the use of MDMA in combination with psychotherapy differs substantially from its illicit recreational use.",0,"[0.9878214001655579, 0.012178565375506878]",42343606,https://pubmed.ncbi.nlm.nih.gov/42343606/,10.4045/tidsskr.26.0122,Clinical and non-clinical use of MDMA.,2026-06-23,"3,4-methylenedioxymethamphetamine (MDMA), commonly known as ecstasy, has shown promising results in the treatment of post-traumatic stress disorder (PTSD). In clinical trials, the use of MDMA in combination with psychotherapy differs substantially from its illicit recreational use.",[],"TM. Kvam, IW. Goksøyr, LH. Stewart, M. Berthold-Losleben, I. Autran, OA. Andreassen",2026
42343328,"Unintentional ingestion of recreational drugs among young children, 2000-2024.^
BACKGROUND: Previous studies of pediatric recreational drug exposures have often been limited in scope. Given the rapidly changing recreational drug supply and the related unintentional ingestion of these drugs by young children, a comprehensive study that includes recent data about these exposures is needed. The objective of this study is to investigate the characteristics and trends of unintentional ingestions of recreational drugs by children < 6 years old. METHODS: Using a retrospective cohort study design, National Poison Data System data from 2000 to 2024 were analyzed. United States Census Bureau data were used to calculate population-based ingestion rates. Rate ratios (RRs) with 95% confidence intervals (CIs) were calculated to assess the magnitude of relationships between key characteristics and outcomes, such as highest level of health care received and medical outcome. RESULTS: There were 41,612 unintentional ingestions involving recreational drugs among children < 6 years old reported to United States poison centers from 2000 to 2024. Most were among children < 3 years old (57.6%), involved a single substance (95.9%), and occurred in a residence (96.4%). Although 50.6% of children experienced no or minor effects, 5.0% had a major effect and there were six deaths. Children < 3 years old were more likely to experience a major effect (RR: 1.54; 95% CI:1.39-1.71) or be admitted to a critical care unit (RR: 1.23; 95% CI: 1.16-1.30) than children 3-5 years old. Cannabinoids accounted for 84.7% of ingestions, followed by stimulants (8.4%), psychedelics (3.5%), opioids (2.8%), and dissociative agents (0.6%). Ingestions involving opioids (RR: 2.60; 95% CI: 2.36-2.86), stimulants (RR: 2.16; 95% CI: 2.01-2.31), and dissociative agents (RR: 1.59; 95% CI: 1.23-2.06) were more likely to be admitted to a critical care unit than the other substance categories combined. The recreational drug ingestion rate per 100,000 US children < 6 years old increased 3,307% from 1.05 in 2000 to 35.91 in 2024, with a rapid increase beginning in 2013, especially involving edible marijuana and psilocybin products. CONCLUSIONS: The recreational drug ingestion rate among children < 6 years old reported to United States poison centers increased substantially from 2000 to 2024. Additional efforts are needed to prevent these unintentional ingestions in this vulnerable population.",0,"[0.9759673476219177, 0.024032652378082275]",42343328,https://pubmed.ncbi.nlm.nih.gov/42343328/,10.1186/s12889-026-28233-z,"Unintentional ingestion of recreational drugs among young children, 2000-2024.",2026-06-24,"BACKGROUND: Previous studies of pediatric recreational drug exposures have often been limited in scope. Given the rapidly changing recreational drug supply and the related unintentional ingestion of these drugs by young children, a comprehensive study that includes recent data about these exposures is needed. The objective of this study is to investigate the characteristics and trends of unintentional ingestions of recreational drugs by children < 6 years old. METHODS: Using a retrospective cohort study design, National Poison Data System data from 2000 to 2024 were analyzed. United States Census Bureau data were used to calculate population-based ingestion rates. Rate ratios (RRs) with 95% confidence intervals (CIs) were calculated to assess the magnitude of relationships between key characteristics and outcomes, such as highest level of health care received and medical outcome. RESULTS: There were 41,612 unintentional ingestions involving recreational drugs among children < 6 years old reported to United States poison centers from 2000 to 2024. Most were among children < 3 years old (57.6%), involved a single substance (95.9%), and occurred in a residence (96.4%). Although 50.6% of children experienced no or minor effects, 5.0% had a major effect and there were six deaths. Children < 3 years old were more likely to experience a major effect (RR: 1.54; 95% CI:1.39-1.71) or be admitted to a critical care unit (RR: 1.23; 95% CI: 1.16-1.30) than children 3-5 years old. Cannabinoids accounted for 84.7% of ingestions, followed by stimulants (8.4%), psychedelics (3.5%), opioids (2.8%), and dissociative agents (0.6%). Ingestions involving opioids (RR: 2.60; 95% CI: 2.36-2.86), stimulants (RR: 2.16; 95% CI: 2.01-2.31), and dissociative agents (RR: 1.59; 95% CI: 1.23-2.06) were more likely to be admitted to a critical care unit than the other substance categories combined. The recreational drug ingestion rate per 100,000 US children < 6 years old increased 3,307% from 1.05 in 2000 to 35.91 in 2024, with a rapid increase beginning in 2013, especially involving edible marijuana and psilocybin products. CONCLUSIONS: The recreational drug ingestion rate among children < 6 years old reported to United States poison centers increased substantially from 2000 to 2024. Additional efforts are needed to prevent these unintentional ingestions in this vulnerable population.","['Pediatric', 'Poison', 'Recreational drugs', 'Toxicity']","K. Uskovich, HL. Hays, J. Badeti, NI. Rine, NL. Michaels, K. Ding, GA. Smith",2026
42343098,"Multi-metric evaluations of acute psychedelic effects on fMRI brain entropy.^
A prominent theory of psychedelics is that they increase brain entropy. Thirteen studies have evaluated psychedelic effects on fMRI brain entropy, each applying a distinct measure. Here we evaluated these metrics in an independent 28-participant healthy cohort with 121 pre- and post-psilocybin fMRI scans. We assessed relations between brain entropy and objective and subjective psychedelic drug effects using linear mixed-effects models. All metrics were evaluated using two parcellation strategies and 7 denoising pipelines. We observed consistent significant positive associations for Shannon entropy of the spatial eigendistribution of the time by voxel matrix, path-length, instantaneous correlations, brain-state switching, and sample entropy at short time-scales. We consistently did not observe significant effects for 8 of 14 entropy metrics and observe inconsistent positive effects for Lempel-Ziv complexity of the BOLD signal. Brain entropy quantifications showed limited inter-measure correlations. Our observations support a nuanced acute psychedelic effect on brain entropy, empirically demonstrating that these metrics do not reflect a singular construct.",1,"[0.0042475429363548756, 0.9957524538040161]",42343098,https://pubmed.ncbi.nlm.nih.gov/42343098/,10.1038/s41467-026-74215-5,Multi-metric evaluations of acute psychedelic effects on fMRI brain entropy.,2026-06-24,"A prominent theory of psychedelics is that they increase brain entropy. Thirteen studies have evaluated psychedelic effects on fMRI brain entropy, each applying a distinct measure. Here we evaluated these metrics in an independent 28-participant healthy cohort with 121 pre- and post-psilocybin fMRI scans. We assessed relations between brain entropy and objective and subjective psychedelic drug effects using linear mixed-effects models. All metrics were evaluated using two parcellation strategies and 7 denoising pipelines. We observed consistent significant positive associations for Shannon entropy of the spatial eigendistribution of the time by voxel matrix, path-length, instantaneous correlations, brain-state switching, and sample entropy at short time-scales. We consistently did not observe significant effects for 8 of 14 entropy metrics and observe inconsistent positive effects for Lempel-Ziv complexity of the BOLD signal. Brain entropy quantifications showed limited inter-measure correlations. Our observations support a nuanced acute psychedelic effect on brain entropy, empirically demonstrating that these metrics do not reflect a singular construct.",[],"DE. McCulloch, AS. Olsen, B. Ozenne, K. Larsen, DS. Stenbæk, S. Armand, MK. Madsen, GM. Knudsen, PM. Fisher",2026
42342649,"Mechanistic insights toward dissociating therapeutic from psychedelic effects: bridging the gap between psychedelic research and mental health care.^
Clinical trials investigating psychedelic compounds for depression and anxiety-related disorders are yielding promising preliminary results. Psychedelics produce profound alterations in brain function-such as suppression of the default mode network and thalamocortical dysregulation-leading to intense subjective experiences including ego dissolution and mystical-type states.While often described as meaningful or therapeutic, these effects can also be unpredictable or distressing. Because of these effects, which require labor-intensive, potentially cost-challenging preparation, administration, integration sessions, and exclude individuals with psychiatric vulnerabilities (e.g., bipolar disorder, borderline personality disorder, schizophrenia), questions remain about their real-world scalability. Consequently, there is growing interest in the possibility of dissociating the therapeutic benefits of psychedelics from their consciousness-altering effects.In this perspective, we examine emerging clinical and preclinical evidence investigating this scientifically timely and pressing question. Pharmacological strategies such as serotonin 2A receptor (5-HT2AR) antagonism and the development of ""biased"" psychedelic analogues or psychedelic-inspired compounds with reduced or null psychedelic potential may represent potential routes through which therapeutic efficacy may be retained even in the absence of psychedelic experiences. Current preclinical data suggest that downstream molecular and network-level mechanisms may mediate therapeutic effects independently of 5-HT2AR-driven subjective states.Whether these mechanisms can fully substitute for the experiential component of psychedelic therapy remains to be determined. Nonetheless, confirming this dissociation could mark a turning point in psychopharmacology, enabling the development of next-generation psychedelic-inspired treatments that may be more scalable, accessible, and appropriate for a broader range of psychiatric populations.",0,"[0.9949736595153809, 0.005026350729167461]",42342649,https://pubmed.ncbi.nlm.nih.gov/42342649/,10.1038/s41398-026-04203-2,Mechanistic insights toward dissociating therapeutic from psychedelic effects: bridging the gap between psychedelic research and mental health care.,2026-06-24,"Clinical trials investigating psychedelic compounds for depression and anxiety-related disorders are yielding promising preliminary results. Psychedelics produce profound alterations in brain function-such as suppression of the default mode network and thalamocortical dysregulation-leading to intense subjective experiences including ego dissolution and mystical-type states.While often described as meaningful or therapeutic, these effects can also be unpredictable or distressing. Because of these effects, which require labor-intensive, potentially cost-challenging preparation, administration, integration sessions, and exclude individuals with psychiatric vulnerabilities (e.g., bipolar disorder, borderline personality disorder, schizophrenia), questions remain about their real-world scalability. Consequently, there is growing interest in the possibility of dissociating the therapeutic benefits of psychedelics from their consciousness-altering effects.In this perspective, we examine emerging clinical and preclinical evidence investigating this scientifically timely and pressing question. Pharmacological strategies such as serotonin 2A receptor (5-HT2AR) antagonism and the development of ""biased"" psychedelic analogues or psychedelic-inspired compounds with reduced or null psychedelic potential may represent potential routes through which therapeutic efficacy may be retained even in the absence of psychedelic experiences. Current preclinical data suggest that downstream molecular and network-level mechanisms may mediate therapeutic effects independently of 5-HT2AR-driven subjective states.Whether these mechanisms can fully substitute for the experiential component of psychedelic therapy remains to be determined. Nonetheless, confirming this dissociation could mark a turning point in psychopharmacology, enabling the development of next-generation psychedelic-inspired treatments that may be more scalable, accessible, and appropriate for a broader range of psychiatric populations.",[],"M. Pettorruso, G. d'Andrea, A. Inserra, C. Cavallotto, S. Censi, E. Billard, A. Di Stefano, L. De Risio, MG. Tullo, C. D'Addario, G. Di Lorenzo, RG. Wise, SL. Sensi, F. Zoratto, G. Martinotti",2026
42341036,"Chemical ecology and convergent evolution of natural hallucinogens: From ecological defense to conserved neural targets.^
Natural hallucinogenic compounds have arisen independently across plants, fungi, and animals, evolving into a diverse chemical arsenal that includes phenethylamines, indolealkylamines, and terpenoid scaffolds. Beyond clinical and cultural frameworks, their ecological origins and evolutionary trajectories may help explain why such potent modulators of perception, emotion, and cognition persist in nature. Here, integrating chemical ecology, comparative genomics, biosynthetic logic, and evolutionary biology, we propose that these molecules may function as defensive agents or symbiosis-associated manipulators of herbivore and pollinator behavior. A ""building-block"" biosynthetic logic links primary metabolism to convergent psychotropic scaffolds via a recurrent set of tailoring reactions, including decarboxylations and methylations. Recent advances illuminate mescaline biosynthesis in cacti, horizontal gene transfer of psilocybin clusters in fungi, and symbiont-derived alkaloids in grasses. We also assess the debate surrounding endogenous mammalian tryptamines, arguing that the leading hypothesis points toward sigma-1 receptor-mediated cytoprotection and stress responses, supported by convergent pharmacological and cellular evidence, rather than inherent hallucinogenic functions. Across kingdoms, natural hallucinogens appear to converge on conserved neural targets, including serotonergic and other neuromodulatory systems that are shared across phyla. From this perspective, human psychoactivity is likely an evolutionary by-product of molecules selected for ecological interactions with animals possessing deeply conserved receptor architectures. Framing hallucinogens through chemical ecology not only clarifies their origins but also highlights translational opportunities in target discovery, pathway engineering, and sustainable production, while emphasizing the need to integrate conservation, ethical sourcing, and benefit-sharing into the current hallucinogenic renaissance.",0,"[0.9922283291816711, 0.0077716694213449955]",42341036,https://pubmed.ncbi.nlm.nih.gov/42341036/,10.1073/pnas.2535785123,Chemical ecology and convergent evolution of natural hallucinogens: From ecological defense to conserved neural targets.,2026-06-30,"Natural hallucinogenic compounds have arisen independently across plants, fungi, and animals, evolving into a diverse chemical arsenal that includes phenethylamines, indolealkylamines, and terpenoid scaffolds. Beyond clinical and cultural frameworks, their ecological origins and evolutionary trajectories may help explain why such potent modulators of perception, emotion, and cognition persist in nature. Here, integrating chemical ecology, comparative genomics, biosynthetic logic, and evolutionary biology, we propose that these molecules may function as defensive agents or symbiosis-associated manipulators of herbivore and pollinator behavior. A ""building-block"" biosynthetic logic links primary metabolism to convergent psychotropic scaffolds via a recurrent set of tailoring reactions, including decarboxylations and methylations. Recent advances illuminate mescaline biosynthesis in cacti, horizontal gene transfer of psilocybin clusters in fungi, and symbiont-derived alkaloids in grasses. We also assess the debate surrounding endogenous mammalian tryptamines, arguing that the leading hypothesis points toward sigma-1 receptor-mediated cytoprotection and stress responses, supported by convergent pharmacological and cellular evidence, rather than inherent hallucinogenic functions. Across kingdoms, natural hallucinogens appear to converge on conserved neural targets, including serotonergic and other neuromodulatory systems that are shared across phyla. From this perspective, human psychoactivity is likely an evolutionary by-product of molecules selected for ecological interactions with animals possessing deeply conserved receptor architectures. Framing hallucinogens through chemical ecology not only clarifies their origins but also highlights translational opportunities in target discovery, pathway engineering, and sustainable production, while emphasizing the need to integrate conservation, ethical sourcing, and benefit-sharing into the current hallucinogenic renaissance.","['chemical defense', 'chemical ecology', 'convergent evolution', 'hallucinogens']","Y. Wang, H. Wang, C. Lin, X. Wang",2026
42340723,"Oral Prolonged-Release Ketamine for Treatment-Resistant Depression: Two Randomized Clinical Trials.^
IMPORTANCE: Ketamine exerts rapid antidepressant effects. However, currently available ketamine-based treatments are associated with dissociative and cardiovascular adverse effects. OBJECTIVE: To evaluate the antidepressant efficacy and tolerability of KET01, a novel, oral, prolonged-release racemic ketamine tablet formulation. DESIGN, SETTING, AND PARTICIPANTS: KET01-03 was an active-comparator, double-blind, double-dummy, crossover phase 1 randomized clinical trial (RCT) conducted among healthy adult male volunteers (aged ≥18 years) between July and August 2023 at a single trial site in Germany. KET01-02 was a placebo-controlled, double-blind phase 2 RCT conducted between May 2022 and May 2023 among adult outpatients (aged ≥18 years) with treatment-resistant depression across 29 trial sites in the Czech Republic, Germany, and Poland. KET01-02 data were analyzed from May to October 2023 and KET01-03 data from August to October 2024. INTERVENTIONS: KET01-03 investigated a single dose of KET01 (240 mg) vs intranasal esketamine (84 mg), and KET01-02 evaluated KET01 dosages of 120 or 240 mg/d (adjunctive to ongoing standard therapy) against placebo for 3 weeks. MAIN OUTCOMES AND MEASURES: The primary end points were the difference in mean maximum change in Clinician-Administered Dissociative States Scale (CADSS) score between KET01 and intranasal esketamine within the first 24 hours in KET01-03 and the least squares (LS) mean change in Montgomery-Åsberg Depression Rating Scale (MADRS) score from baseline to day 21 for 240 mg/d of KET01 vs placebo in KET01-02. RESULTS: KET01-03 randomized 26 males (median age, 32 years [range, 21-45 years]), and KET01-02 randomized 122 outpatients with treatment-resistant depression (72 [59.0%] female; median age, 41 years [range, 19-65 years]). In KET01-03, intranasal esketamine but not KET01 induced significant dissociation within 24 hours after dosing (mean [SD] maximum change in CADSS score, 29.6 [12.5] points vs 0.7 [1.7] points; P < .001). The maximum plasma concentration was lower for KET01 (39.1 ng/mL) than esketamine (104.1 ng/mL); conversely, exposure to metabolites was higher for KET01 (eg, area under the curve [AUC] from baseline to last measurement for norketamine was 3.5 µg × h/mL) than esketamine (AUC for [S]-norketamine, 1.4 µg × h/mL). Pulse and blood pressure did not change markedly in the KET01 group in both trials, in contrast to rapid increases after intranasal esketamine in KET01-03. In KET01-02, the primary efficacy end point at day 21 was not met: LS mean MADRS score difference for 240 mg/d of KET01 vs placebo was -1.82 points (95% CI, -6.21 to 2.57 points; P = .41). However, a reduction in MADRS scores was observed 7 hours after administering the first 240 mg dose of KET01, with an LS mean difference vs placebo at day 4 (-3.66 [95% CI, -6.74 to -0.59] points; nominal P = .02) and day 7 (-3.95 [95% CI, -7.75 to -0.15] points; nominal P = .04). During follow-up, the LS mean MADRS point difference vs placebo at 4 weeks was -3.35 (95% CI, -7.62 to 0.93; nominal P = .13). CONCLUSIONS AND RELEVANCE: The antidepressant properties and tolerability profile of KET01 in these RCTs, including minimal dissociation and cardiovascular effects, support further development of oral KET01 formulation for at-home administration. TRIAL REGISTRATION: EU Clinical Trials Register Identifiers: 2023-503971-45-00 and 2021-004927-34.",1,"[0.00393537525087595, 0.9960646033287048]",42340723,https://pubmed.ncbi.nlm.nih.gov/42340723/,10.1001/jamanetworkopen.2026.19121,Oral Prolonged-Release Ketamine for Treatment-Resistant Depression: Two Randomized Clinical Trials.,2026-06-01,"IMPORTANCE: Ketamine exerts rapid antidepressant effects. However, currently available ketamine-based treatments are associated with dissociative and cardiovascular adverse effects. OBJECTIVE: To evaluate the antidepressant efficacy and tolerability of KET01, a novel, oral, prolonged-release racemic ketamine tablet formulation. DESIGN, SETTING, AND PARTICIPANTS: KET01-03 was an active-comparator, double-blind, double-dummy, crossover phase 1 randomized clinical trial (RCT) conducted among healthy adult male volunteers (aged ≥18 years) between July and August 2023 at a single trial site in Germany. KET01-02 was a placebo-controlled, double-blind phase 2 RCT conducted between May 2022 and May 2023 among adult outpatients (aged ≥18 years) with treatment-resistant depression across 29 trial sites in the Czech Republic, Germany, and Poland. KET01-02 data were analyzed from May to October 2023 and KET01-03 data from August to October 2024. INTERVENTIONS: KET01-03 investigated a single dose of KET01 (240 mg) vs intranasal esketamine (84 mg), and KET01-02 evaluated KET01 dosages of 120 or 240 mg/d (adjunctive to ongoing standard therapy) against placebo for 3 weeks. MAIN OUTCOMES AND MEASURES: The primary end points were the difference in mean maximum change in Clinician-Administered Dissociative States Scale (CADSS) score between KET01 and intranasal esketamine within the first 24 hours in KET01-03 and the least squares (LS) mean change in Montgomery-Åsberg Depression Rating Scale (MADRS) score from baseline to day 21 for 240 mg/d of KET01 vs placebo in KET01-02. RESULTS: KET01-03 randomized 26 males (median age, 32 years [range, 21-45 years]), and KET01-02 randomized 122 outpatients with treatment-resistant depression (72 [59.0%] female; median age, 41 years [range, 19-65 years]). In KET01-03, intranasal esketamine but not KET01 induced significant dissociation within 24 hours after dosing (mean [SD] maximum change in CADSS score, 29.6 [12.5] points vs 0.7 [1.7] points; P < .001). The maximum plasma concentration was lower for KET01 (39.1 ng/mL) than esketamine (104.1 ng/mL); conversely, exposure to metabolites was higher for KET01 (eg, area under the curve [AUC] from baseline to last measurement for norketamine was 3.5 µg × h/mL) than esketamine (AUC for [S]-norketamine, 1.4 µg × h/mL). Pulse and blood pressure did not change markedly in the KET01 group in both trials, in contrast to rapid increases after intranasal esketamine in KET01-03. In KET01-02, the primary efficacy end point at day 21 was not met: LS mean MADRS score difference for 240 mg/d of KET01 vs placebo was -1.82 points (95% CI, -6.21 to 2.57 points; P = .41). However, a reduction in MADRS scores was observed 7 hours after administering the first 240 mg dose of KET01, with an LS mean difference vs placebo at day 4 (-3.66 [95% CI, -6.74 to -0.59] points; nominal P = .02) and day 7 (-3.95 [95% CI, -7.75 to -0.15] points; nominal P = .04). During follow-up, the LS mean MADRS point difference vs placebo at 4 weeks was -3.35 (95% CI, -7.62 to 0.93; nominal P = .13). CONCLUSIONS AND RELEVANCE: The antidepressant properties and tolerability profile of KET01 in these RCTs, including minimal dissociation and cardiovascular effects, support further development of oral KET01 formulation for at-home administration. TRIAL REGISTRATION: EU Clinical Trials Register Identifiers: 2023-503971-45-00 and 2021-004927-34.",[],"M. Walter, C. Zu Eulenburg, A. Damyanova, K. Schmid, I. Schwienbacher, E. Papanastasiou, K. Maiboe, L. Arvastson, C. Strote, D. Gehrlach, H. Eriksson",2026
42334445,"Cardiovascular effects associated with acute recreational drug toxicity presentations to the emergency department: a European drug emergencies network (Euro-DEN plus) study.^
INTRODUCTION: Recreational drugs affect the cardiovascular system through distinct mechanisms; however, data regarding their cardiovascular impact in the emergency department setting is limited. This study aimed to assess the incidence of cardiovascular effects following recreational drug use in presentations to the emergency department, identify the main drug groups involved, and compare cases with and without cardiovascular effects. METHODS: Data were extracted from the European Drug Emergency Network (Euro-DEN Plus) dataset from October 2013 to December 2021. Recreational drugs were categorised into ten main drug groups: opioids, cocaine, crack cocaine, cannabis, 3,4-methylenedioxymethamfetamine, amfetamine-type stimulants, gamma-hydroxybutyrate and gamma-butyrolactone, hallucinogens, benzodiazepines, and ketamine. RESULTS: Among 59,571 presentations, 13,905 (23.3%) involved cardiovascular effects. Cocaine (OR 3.19, 95% CI 2.99-3.39) and 3,4 methylenedioxymethamphetamine (OR 1.18, 95% CI 1.13-1.23) showed the strongest associations with cardiovascular features, including chest pain, palpitations, hypertension, and arrhythmias. Opioids (OR 0.35, 95% CI 0.31-0.38) and benzodiazepines (OR 0.38, 95% CI 0.32-0.44) were associated with less frequent cardiovascular features. Patients with cardiovascular features exhibited higher median values for temperature, heart rate, blood pressure, and respiratory rate (p <0.001). Cardiovascular features were associated with an increased risk of intubation (OR 1.91, 95% CI 1.70-2.15), critical care admission (OR 2.18, 95% CI 2.00-2.38), and mortality (OR 15.8, 95% CI 7.36-33.9). DISCUSSION: Cardiovascular effects were common in acute recreational drug toxicity. Cocaine and amfetamine-type stimulants increased the risk of chest pain and arrhythmias, with chest pain being a key indicator of acute coronary syndrome. Cardiovascular effects were more frequently observed with cocaine than with crack cocaine. Cannabis was positively associated with palpitations but not arrhythmias. Gamma-hydroxybutyrate and gamma-butyrolactone, opioids, and benzodiazepines were linked to hypotension. The presence of cardiovascular effects was associated with worse outcomes, underscoring the need for thorough cardiac assessment. CONCLUSIONS: Cardiovascular effects were present in almost a quarter of emergency department presentations with acute recreational drug toxicity, particularly involving cocaine and 3,4 methylenedioxymethamphetamine.",0,"[0.9760053753852844, 0.02399466745555401]",42334445,https://pubmed.ncbi.nlm.nih.gov/42334445/,10.1080/15563650.2026.2669671,Cardiovascular effects associated with acute recreational drug toxicity presentations to the emergency department: a European drug emergencies network (Euro-DEN plus) study.,2026-06-23,"INTRODUCTION: Recreational drugs affect the cardiovascular system through distinct mechanisms; however, data regarding their cardiovascular impact in the emergency department setting is limited. This study aimed to assess the incidence of cardiovascular effects following recreational drug use in presentations to the emergency department, identify the main drug groups involved, and compare cases with and without cardiovascular effects. METHODS: Data were extracted from the European Drug Emergency Network (Euro-DEN Plus) dataset from October 2013 to December 2021. Recreational drugs were categorised into ten main drug groups: opioids, cocaine, crack cocaine, cannabis, 3,4-methylenedioxymethamfetamine, amfetamine-type stimulants, gamma-hydroxybutyrate and gamma-butyrolactone, hallucinogens, benzodiazepines, and ketamine. RESULTS: Among 59,571 presentations, 13,905 (23.3%) involved cardiovascular effects. Cocaine (OR 3.19, 95% CI 2.99-3.39) and 3,4 methylenedioxymethamphetamine (OR 1.18, 95% CI 1.13-1.23) showed the strongest associations with cardiovascular features, including chest pain, palpitations, hypertension, and arrhythmias. Opioids (OR 0.35, 95% CI 0.31-0.38) and benzodiazepines (OR 0.38, 95% CI 0.32-0.44) were associated with less frequent cardiovascular features. Patients with cardiovascular features exhibited higher median values for temperature, heart rate, blood pressure, and respiratory rate (p <0.001). Cardiovascular features were associated with an increased risk of intubation (OR 1.91, 95% CI 1.70-2.15), critical care admission (OR 2.18, 95% CI 2.00-2.38), and mortality (OR 15.8, 95% CI 7.36-33.9). DISCUSSION: Cardiovascular effects were common in acute recreational drug toxicity. Cocaine and amfetamine-type stimulants increased the risk of chest pain and arrhythmias, with chest pain being a key indicator of acute coronary syndrome. Cardiovascular effects were more frequently observed with cocaine than with crack cocaine. Cannabis was positively associated with palpitations but not arrhythmias. Gamma-hydroxybutyrate and gamma-butyrolactone, opioids, and benzodiazepines were linked to hypotension. The presence of cardiovascular effects was associated with worse outcomes, underscoring the need for thorough cardiac assessment. CONCLUSIONS: Cardiovascular effects were present in almost a quarter of emergency department presentations with acute recreational drug toxicity, particularly involving cocaine and 3,4 methylenedioxymethamphetamine.","['3,4 methylenedioxymeth\xadamphetamine', 'acute drug toxicity', 'amfetamine', 'amfetamine (amphetamine)', 'amphetamine', 'cardio\xadvascular', 'cocaine', 'lysergide (lyseric acid diethylamide)', 'midamafetamine (3,4 methylenedioxymethamphetamine', 'midomafetamine', 'psilocybine (psilocybin)']","WJ. van den Busken, AM. Dines, F. Eyer, F. Heyerdahl, KE. Hovda, ME. Liechti, Ò. Miró, OM. Vallersnes, DM. Wood, C. Yates, PI. Dargan, (on behalf of the Euro-DEN Plus Research Group), FMJ. Gresnigt, Euro-DEN Plus Research Group",2026
42334341,"Blocking 5-HT2B receptors abolishes psilocybin's efficacy in the rat forced swim test.^
BACKGROUND: Major depressive disorder is one of the most debilitating psychiatric disorders worldwide. First-line treatments such as selective serotonin reuptake inhibitors have significant limitations, including delayed onset of therapeutic effects and treatment resistance in about 30% of patients. Increasing evidence suggests that acute administration of serotonergic psychedelics, such as psilocybin, produces rapid and long-lasting antidepressant effects, including in treatment-resistant patients. However, it remains unknown which specific 5-HT receptor subtype mediates psilocybin's antidepressant activity. METHODS: We examined in Wistar rats whether pretreatment with the 5-HT2B receptor (5-HT2BR) antagonist RS-127445 (0.32, 1.0, or 3.2 mg/kg) blocked the rapid (day 1) and sustained (day 21) behavioral effects of a single psilocybin administration (0.32 mg/kg) in the forced swim test (FST), a test with predictive validity for antidepressant efficacy. We also measured the impact of RS-127445 on psilocybin-induced head-twitch response (HTR), a behavioral proxy in rodents for psychedelic properties. RESULTS: Our data showed that psilocybin produced both a rapid and sustained decrease in immobility and an increase in climbing behavior in the FST and significantly increased HTR counts. Although RS-127445 did not affect HTR counts at any tested dose, it dose-dependently reversed both the rapid and sustained psilocybin-induced reductions in immobility and increases in climbing behavior. CONCLUSION: These findings indicate that 5-HT2BRs are required for psilocybin's behavioral effects in the FST, but are not required for its HTR. The results add to evidence that psilocybin's predictive validity in the FST can be dissociated from its 5-HT2A-mediated psychedelic effects.",0,"[0.989584743976593, 0.010415266267955303]",42334341,https://pubmed.ncbi.nlm.nih.gov/42334341/,10.1177/02698811261458349,Blocking 5-HT2B receptors abolishes psilocybin's efficacy in the rat forced swim test.,2026-06-23,"BACKGROUND: Major depressive disorder is one of the most debilitating psychiatric disorders worldwide. First-line treatments such as selective serotonin reuptake inhibitors have significant limitations, including delayed onset of therapeutic effects and treatment resistance in about 30% of patients. Increasing evidence suggests that acute administration of serotonergic psychedelics, such as psilocybin, produces rapid and long-lasting antidepressant effects, including in treatment-resistant patients. However, it remains unknown which specific 5-HT receptor subtype mediates psilocybin's antidepressant activity. METHODS: We examined in Wistar rats whether pretreatment with the 5-HT2B receptor (5-HT2BR) antagonist RS-127445 (0.32, 1.0, or 3.2 mg/kg) blocked the rapid (day 1) and sustained (day 21) behavioral effects of a single psilocybin administration (0.32 mg/kg) in the forced swim test (FST), a test with predictive validity for antidepressant efficacy. We also measured the impact of RS-127445 on psilocybin-induced head-twitch response (HTR), a behavioral proxy in rodents for psychedelic properties. RESULTS: Our data showed that psilocybin produced both a rapid and sustained decrease in immobility and an increase in climbing behavior in the FST and significantly increased HTR counts. Although RS-127445 did not affect HTR counts at any tested dose, it dose-dependently reversed both the rapid and sustained psilocybin-induced reductions in immobility and increases in climbing behavior. CONCLUSION: These findings indicate that 5-HT2BRs are required for psilocybin's behavioral effects in the FST, but are not required for its HTR. The results add to evidence that psilocybin's predictive validity in the FST can be dissociated from its 5-HT2A-mediated psychedelic effects.","['RS-127445', 'forced swim test', 'head-twitched response', 'psilocybin', 'rectal temperature']","L. Seillier, A. Seillier, MA. Zvolska, R. Šlamberová",2026
42330793,"Non-adherence to registration further undermines the methodologically weak Stanford University Magnesium-Ibogaine Study.^
",0,"[0.9398282170295715, 0.06017172336578369]",42330793,https://pubmed.ncbi.nlm.nih.gov/42330793/,10.1016/j.drugpo.2026.105408,Non-adherence to registration further undermines the methodologically weak Stanford University Magnesium-Ibogaine Study.,2026-06-22,,[],DM. Gorman,2026
42329577,"Decoding the serotonin-alcohol crosstalk: the role of central serotonergic dysregulation in alcohol use disorder.^
Serotonin (5-hydroxytryptamine; 5-HT) is a key neuromodulator involved in the regulation of mood, appetite, aggression, and impulse control. Dysregulation of central 5-HT function has been implicated in alcohol use disorder (AUD) and comorbid depression. This review summarizes clinical and preclinical evidence on the role of 5-HT in AUD development, heterogeneity, and treatment response. Alterations in 5-HT function may be shaped by stress and genetic variation in serotonergic genes, including TPH2 and SLC6A4, contributing to individual vulnerability to AUD. Reduced 5-HT activity increases the risk of developing AUD, particularly Cloninger's type II, characterized by early onset, violent, and antisocial behaviors. Consistently, Tph2-deficient mice, which lack central 5-HT, exhibit increased ethanol consumption and behavioral features resembling Cloninger's type II alcohol dependence. Similarly, alcohol-preferring rat lines show reduced 5-HT levels, decreased serotonergic projections to the cortex, and reduced prefrontal 5-HT2A receptor binding, implicating raphe-prefrontal serotonergic projections as a critical pathway modulating vulnerability to AUD. Given the heterogeneity of AUD, the efficacy of selective 5-HT reuptake inhibitors (SSRIs) remains limited, with beneficial effects observed only in less severe, later-onset forms. Recently, serotonergic psychedelic-assisted therapies have attracted considerable interest as potential AUD treatments; mechanistically, their effects may be linked to activation of 5-HT2A receptors in the prefrontal cortex - a brain region known to be dysfunctional in AUD. The reviewed literature highlights the need for improved stratification of AUD subtypes and validation of 5-HT-related biomarkers to guide personalized therapeutic approaches.",0,"[0.9910111427307129, 0.00898884329944849]",42329577,https://pubmed.ncbi.nlm.nih.gov/42329577/,10.1007/s43440-026-00860-8,Decoding the serotonin-alcohol crosstalk: the role of central serotonergic dysregulation in alcohol use disorder.,2026-06-22,"Serotonin (5-hydroxytryptamine; 5-HT) is a key neuromodulator involved in the regulation of mood, appetite, aggression, and impulse control. Dysregulation of central 5-HT function has been implicated in alcohol use disorder (AUD) and comorbid depression. This review summarizes clinical and preclinical evidence on the role of 5-HT in AUD development, heterogeneity, and treatment response. Alterations in 5-HT function may be shaped by stress and genetic variation in serotonergic genes, including TPH2 and SLC6A4, contributing to individual vulnerability to AUD. Reduced 5-HT activity increases the risk of developing AUD, particularly Cloninger's type II, characterized by early onset, violent, and antisocial behaviors. Consistently, Tph2-deficient mice, which lack central 5-HT, exhibit increased ethanol consumption and behavioral features resembling Cloninger's type II alcohol dependence. Similarly, alcohol-preferring rat lines show reduced 5-HT levels, decreased serotonergic projections to the cortex, and reduced prefrontal 5-HT2A receptor binding, implicating raphe-prefrontal serotonergic projections as a critical pathway modulating vulnerability to AUD. Given the heterogeneity of AUD, the efficacy of selective 5-HT reuptake inhibitors (SSRIs) remains limited, with beneficial effects observed only in less severe, later-onset forms. Recently, serotonergic psychedelic-assisted therapies have attracted considerable interest as potential AUD treatments; mechanistically, their effects may be linked to activation of 5-HT2A receptors in the prefrontal cortex - a brain region known to be dysfunctional in AUD. The reviewed literature highlights the need for improved stratification of AUD subtypes and validation of 5-HT-related biomarkers to guide personalized therapeutic approaches.","['AUD heterogeneity', 'Alcohol use disorder', 'Psychedelics', 'Selective serotonin reuptake inhibitors', 'Serotonin', 'Tryptophan hydroxylase type 2']",M. Zaniewska,2026
42328945,"Therapeutic advances in fibromyalgia: one year in review 2026.^
Fibromyalgia (FM) is a chronic nociplastic pain syndrome characterised by widespread pain, fatigue, sleep disturbances and cognitive impairment, with a significant impact on health-related quality of life (HRQoL). Despite the availability of several therapeutic options, management remains challenging and often requires a personalised and multidimensional approach.Over the past year, growing attention has been directed toward both emerging pharmacological strategies and innovative non-pharmacological interventions. Among pharmacological treatments, low-dose naltrexone (LDN) continues to show potential benefits in modulating neuroinflammation and central sensitisation. Cannabinoids and other neuromodulatory agents have also been investigated, with preliminary evidence suggesting a role in symptom control. In addition, novel approaches involving serotonergic modulation, including psychedelic compounds such as psilocybin, are being explored in early-phase studies.Intravenous lidocaine remains a potential option in selected refractory patients, although recent evidence has not substantially expanded its clinical role. Similarly, interest in nutraceuticals and antioxidant compounds is increasing, particularly in relation to mitochondrial function and oxidative stress.Non-pharmacological interventions remain a cornerstone of FM management. Recent studies highlight the importance of structured physical activity, including supervised exercise programs and digitally supported rehabilitation. Emerging approaches such as neuromodulation techniques, including non-invasive brain stimulation and vagal nerve stimulation, are gaining attention. Complementary and body-oriented interventions are also being explored for their potential impact on pain perception and emotional well-being.Overall, current evidence supports a biopsychosocial and multimodal approach, integrating pharmacological and non-pharmacological strategies tailored to individual patient profiles. Future research should focus on better phenotyping of patients and on identifying predictors of treatment response to optimise personalised management.",0,"[0.9885653853416443, 0.011434577405452728]",42328945,https://pubmed.ncbi.nlm.nih.gov/42328945/,10.55563/clinexprheumatol/xscnij,Therapeutic advances in fibromyalgia: one year in review 2026.,2026-06-01,"Fibromyalgia (FM) is a chronic nociplastic pain syndrome characterised by widespread pain, fatigue, sleep disturbances and cognitive impairment, with a significant impact on health-related quality of life (HRQoL). Despite the availability of several therapeutic options, management remains challenging and often requires a personalised and multidimensional approach.Over the past year, growing attention has been directed toward both emerging pharmacological strategies and innovative non-pharmacological interventions. Among pharmacological treatments, low-dose naltrexone (LDN) continues to show potential benefits in modulating neuroinflammation and central sensitisation. Cannabinoids and other neuromodulatory agents have also been investigated, with preliminary evidence suggesting a role in symptom control. In addition, novel approaches involving serotonergic modulation, including psychedelic compounds such as psilocybin, are being explored in early-phase studies.Intravenous lidocaine remains a potential option in selected refractory patients, although recent evidence has not substantially expanded its clinical role. Similarly, interest in nutraceuticals and antioxidant compounds is increasing, particularly in relation to mitochondrial function and oxidative stress.Non-pharmacological interventions remain a cornerstone of FM management. Recent studies highlight the importance of structured physical activity, including supervised exercise programs and digitally supported rehabilitation. Emerging approaches such as neuromodulation techniques, including non-invasive brain stimulation and vagal nerve stimulation, are gaining attention. Complementary and body-oriented interventions are also being explored for their potential impact on pain perception and emotional well-being.Overall, current evidence supports a biopsychosocial and multimodal approach, integrating pharmacological and non-pharmacological strategies tailored to individual patient profiles. Future research should focus on better phenotyping of patients and on identifying predictors of treatment response to optimise personalised management.",[],"L. Bazzichi, M. Di Carlo, F. Salaffi, S. Farah, F. Porta, JN. Ablin, G. Varrassi, F. Galli, D. Fornasari, M. Carotti, A. Alciati, G. Pellegrino, A. Batticciotto, D. Lucini, R. Casale, M. Di Franco, P. Sarzi-Puttini, C. Iannuccelli, Pain Study Group of the Italian Society of Rheumatology (SIR)",2026
42325848,"Marketing by online tobacco retailers: An observational cross-sectional study.^
INTRODUCTION: Understanding retailer advertising has been identified as critical for developing effective policies to reduce tobacco product use, as these forms of advertising are among the tobacco industry's largest expenditures. Online retailer marketing has grown rapidly, and in this study, we sought to describe the marketing practices of these retailers. METHODS: Between March and July 2022, we conducted keyword searches (e.g. 'buy e-cigs', 'buy vapes') with the Brave search engine, embedded in the Brave browser, to identify online tobacco retailers, using the inclusion criteria: English-language websites of online retailers selling e-cigarette products that allowed online ordering and the sale of products to customers in the United States. Measures included name, address, and landing page characteristics, including products, brands, product types, seasonal specials, social media links, age gating, and whether the retailer sold non-tobacco products. Results are reported descriptively. RESULTS: We identified 97 unique online tobacco retailers. Of these, 58 (60%) had set a restriction on browsing based on age. E-cigarettes, both disposable and reusable, were the most available products, followed by liquid nicotine ('vape juice'). Thirty-seven percent of online tobacco retailers sold cannabis products, and 38% of retailer websites listed other types of products for sale (e.g. bongs, dab rigs, cannabis apparel, psilocybin chocolates). CONCLUSIONS: Our findings indicated that online tobacco retailers heavily marketed flavored products, and a majority sold derived cannabis products. Future research should continue to investigate whether this marketing conflicts with stated federal regulatory goals, and whether the U.S. Food and Drug Administration should expand enforcement of existing regulations on tobacco and derived cannabis products.",0,"[0.9814454913139343, 0.018554463982582092]",42325848,https://pubmed.ncbi.nlm.nih.gov/42325848/,10.18332/tid/220983,Marketing by online tobacco retailers: An observational cross-sectional study.,2026-01-01,"INTRODUCTION: Understanding retailer advertising has been identified as critical for developing effective policies to reduce tobacco product use, as these forms of advertising are among the tobacco industry's largest expenditures. Online retailer marketing has grown rapidly, and in this study, we sought to describe the marketing practices of these retailers. METHODS: Between March and July 2022, we conducted keyword searches (e.g. 'buy e-cigs', 'buy vapes') with the Brave search engine, embedded in the Brave browser, to identify online tobacco retailers, using the inclusion criteria: English-language websites of online retailers selling e-cigarette products that allowed online ordering and the sale of products to customers in the United States. Measures included name, address, and landing page characteristics, including products, brands, product types, seasonal specials, social media links, age gating, and whether the retailer sold non-tobacco products. Results are reported descriptively. RESULTS: We identified 97 unique online tobacco retailers. Of these, 58 (60%) had set a restriction on browsing based on age. E-cigarettes, both disposable and reusable, were the most available products, followed by liquid nicotine ('vape juice'). Thirty-seven percent of online tobacco retailers sold cannabis products, and 38% of retailer websites listed other types of products for sale (e.g. bongs, dab rigs, cannabis apparel, psilocybin chocolates). CONCLUSIONS: Our findings indicated that online tobacco retailers heavily marketed flavored products, and a majority sold derived cannabis products. Future research should continue to investigate whether this marketing conflicts with stated federal regulatory goals, and whether the U.S. Food and Drug Administration should expand enforcement of existing regulations on tobacco and derived cannabis products.","['cannabis', 'marijuana', 'marketing', 'tobacco']","DE. Apollonio, CE. Dennehy, C. Tsourounis, T. Wakefield",2026
42325314,"Approaches to ketamine-assisted couple therapy.^
Ketamine-assisted psychotherapy (KAP) is moving from the periphery toward the mainstream of mental healthcare. Research on the use of KAP in the context of couple therapy, however, remains limited. This phenomenological analysis sought data from psychotherapists (n = 9), representing four different modalities of couple therapy, who are incorporating ketamine into their work with dyads. Qualitative interviews revealed substantial diversity with respect to how and why respondents are using ketamine to facilitate attachment processes. Study respondents described ketamine's ability to help couples reduce fearfulness, deepen emotional expression, communicate frankly, enhance trust, gain perspective on relational dysfunction, and address issues related to trauma. Strategies around preparation, dosing, and integration were explored. Data also revealed how different modalities of couple therapy conceptualize the use of ketamine in unique ways. This study, though limited due to its small sample size, contributes to the development of the nascent, emergent subfield of psychedelic-assisted couple therapy.",1,"[0.06449320167303085, 0.9355067610740662]",42325314,https://pubmed.ncbi.nlm.nih.gov/42325314/,10.3389/fpsyg.2026.1843151,Approaches to ketamine-assisted couple therapy.,2026-01-01,"Ketamine-assisted psychotherapy (KAP) is moving from the periphery toward the mainstream of mental healthcare. Research on the use of KAP in the context of couple therapy, however, remains limited. This phenomenological analysis sought data from psychotherapists (n = 9), representing four different modalities of couple therapy, who are incorporating ketamine into their work with dyads. Qualitative interviews revealed substantial diversity with respect to how and why respondents are using ketamine to facilitate attachment processes. Study respondents described ketamine's ability to help couples reduce fearfulness, deepen emotional expression, communicate frankly, enhance trust, gain perspective on relational dysfunction, and address issues related to trauma. Strategies around preparation, dosing, and integration were explored. Data also revealed how different modalities of couple therapy conceptualize the use of ketamine in unique ways. This study, though limited due to its small sample size, contributes to the development of the nascent, emergent subfield of psychedelic-assisted couple therapy.","['couple therapy', 'emotionally focused couples therapy', 'imago relationship therapy', 'integrative behavioral couple therapy', 'internal family systems therapy', 'ketamine', 'ketamine-assisted psychotherapy']",DO. Avruch,2026
42322409,"Effects of repeated low-dose LSD on neuropsychological functioning in adults with ADHD: a randomized placebo-controlled study.^
RATIONALE: Attention-deficit hyperactivity disorder (ADHD) shows substantial heterogeneity in symptoms and cognitive deficits. According to the Triple Pathway Model, this variability may stem from impairments in three neuropsychological domains: inhibition, motivation, and temporal processing. Repeated low-dose administration of psychedelics is being explored as a treatment for ADHD, but evidence from controlled studies in this population remains limited. OBJECTIVES: This study investigated performance across neuropsychological domains relevant to ADHD: attention, inhibition, motivational processing, and temporal processing, before and after a six-week biweekly low-dose lysergic acid diethylamide (LSD) treatment (20 µg) in adults with ADHD. Based on previous findings, we expected improvements in attention and temporal processing and explored whether baseline ADHD symptoms and domain-specific task performance predicted treatment outcomes. METHODS: This study presents a secondary analysis of a double-blind, placebo-controlled, parallel group trial. Performance on objective behavioral tasks was assessed at baseline and after six weeks of treatment, before intake of the final dose. RESULTS: Fifty-three patients were randomized to LSD (n = 27) or placebo (n = 26), and 46 completed the study (LSD: n = 23; placebo: n = 23). An effect of LSD was observed on temporal processing (Time Reproduction Task), leaving performance on other tasks unaffected. Exploratory analyses indicated that baseline performance differentially predicted outcomes related to inhibition and time reproduction in the LSD and placebo groups. CONCLUSIONS: These findings do not provide convincing evidence for broad cumulative benefits of low-dose LSD treatment across neuropsychological domains in adults with ADHD. The observed effect was limited to a single time reproduction measure and should be interpreted cautiously, particularly given the absence of corresponding improvements in clinical symptoms in the parent trial. Future studies should investigate the robustness of this finding and whether effects are acute, cumulative, or subgroup-specific. REGISTRY: ClinicalTrials.gov, TRN: NCT05200936, Registration date: 21 December 2021.",1,"[0.0025964020751416683, 0.9974035620689392]",42322409,https://pubmed.ncbi.nlm.nih.gov/42322409/,10.1007/s00213-026-07107-7,Effects of repeated low-dose LSD on neuropsychological functioning in adults with ADHD: a randomized placebo-controlled study.,2026-06-20,"RATIONALE: Attention-deficit hyperactivity disorder (ADHD) shows substantial heterogeneity in symptoms and cognitive deficits. According to the Triple Pathway Model, this variability may stem from impairments in three neuropsychological domains: inhibition, motivation, and temporal processing. Repeated low-dose administration of psychedelics is being explored as a treatment for ADHD, but evidence from controlled studies in this population remains limited. OBJECTIVES: This study investigated performance across neuropsychological domains relevant to ADHD: attention, inhibition, motivational processing, and temporal processing, before and after a six-week biweekly low-dose lysergic acid diethylamide (LSD) treatment (20 µg) in adults with ADHD. Based on previous findings, we expected improvements in attention and temporal processing and explored whether baseline ADHD symptoms and domain-specific task performance predicted treatment outcomes. METHODS: This study presents a secondary analysis of a double-blind, placebo-controlled, parallel group trial. Performance on objective behavioral tasks was assessed at baseline and after six weeks of treatment, before intake of the final dose. RESULTS: Fifty-three patients were randomized to LSD (n = 27) or placebo (n = 26), and 46 completed the study (LSD: n = 23; placebo: n = 23). An effect of LSD was observed on temporal processing (Time Reproduction Task), leaving performance on other tasks unaffected. Exploratory analyses indicated that baseline performance differentially predicted outcomes related to inhibition and time reproduction in the LSD and placebo groups. CONCLUSIONS: These findings do not provide convincing evidence for broad cumulative benefits of low-dose LSD treatment across neuropsychological domains in adults with ADHD. The observed effect was limited to a single time reproduction measure and should be interpreted cautiously, particularly given the absence of corresponding improvements in clinical symptoms in the parent trial. Future studies should investigate the robustness of this finding and whether effects are acute, cumulative, or subgroup-specific. REGISTRY: ClinicalTrials.gov, TRN: NCT05200936, Registration date: 21 December 2021.","['Adult attention-deficit hyperactivity disorder', 'LSD treatment', 'Low doses', 'Neuropsychological functioning', 'Placebo-controlled trial', 'Triple Pathway Model']","ECHM. Haijen-Bongers, PPM. Hurks, J. Schepers, P. Vizeli, J. Santos de Jesus, L. Mueller, Y. Schmid, ME. Liechti, KPC. Kuypers",2026
42320232,"Integrated micro-solid-phase extraction with miniature mass spectrometry for on-site detection of illicit drugs in human hair.^
This study presents a novel, integrated micro-solid-phase extraction/miniature mass spectrometry (micro-SPE/mini-MS) platform designed for the rapid, on-site quantification of conventional illicit drugs and emerging new psychoactive substances (NPS) in human hair. The system addresses the critical need for laboratory-grade accuracy in field settings by coupling a streamlined, mixed-mode cation exchange (MCX) pipette-tip micro-SPE protocol with a miniaturized mass spectrometer utilizing paper-capillary spray (PCS) ionization. The method targets three conventional illicit drugs, methamphetamine (MA), 3,4-methylenedioxymethamphetamine (MDMA), and ketamine (KET), and three new NPS, etomidate (ETM), isopropoxate (IPX), and 2-oxo-PCE. By systematically optimizing the micro-SPE enrichment and mini-MS parameters, we achieved significant mitigation of matrix effects, yielding impressive limits of detection (LOD, 1-3 ng/mL in hair extract) and robust linearity (R² ≥ 0.9917). The entire analytical workflow, from sample preparation to result, is completed within 5 min, offering a drastic reduction in turnaround time compared to traditional chromatography-based methods. Validation using authentic hair samples previously confirmed by laboratory LC-MS/MS demonstrated superior quantitative consistency, with relative errors maintained within 15%. By bridging the gap between rigorous laboratory confirmation and point-of-need screening, this field-deployable platform represents a significant advancement in forensic toxicology, workplace drug testing, and clinical diagnostics.",0,"[0.9893082976341248, 0.010691734962165356]",42320232,https://pubmed.ncbi.nlm.nih.gov/42320232/,10.1016/j.chroma.2026.467190,Integrated micro-solid-phase extraction with miniature mass spectrometry for on-site detection of illicit drugs in human hair.,2026-08-30,"This study presents a novel, integrated micro-solid-phase extraction/miniature mass spectrometry (micro-SPE/mini-MS) platform designed for the rapid, on-site quantification of conventional illicit drugs and emerging new psychoactive substances (NPS) in human hair. The system addresses the critical need for laboratory-grade accuracy in field settings by coupling a streamlined, mixed-mode cation exchange (MCX) pipette-tip micro-SPE protocol with a miniaturized mass spectrometer utilizing paper-capillary spray (PCS) ionization. The method targets three conventional illicit drugs, methamphetamine (MA), 3,4-methylenedioxymethamphetamine (MDMA), and ketamine (KET), and three new NPS, etomidate (ETM), isopropoxate (IPX), and 2-oxo-PCE. By systematically optimizing the micro-SPE enrichment and mini-MS parameters, we achieved significant mitigation of matrix effects, yielding impressive limits of detection (LOD, 1-3 ng/mL in hair extract) and robust linearity (R² ≥ 0.9917). The entire analytical workflow, from sample preparation to result, is completed within 5 min, offering a drastic reduction in turnaround time compared to traditional chromatography-based methods. Validation using authentic hair samples previously confirmed by laboratory LC-MS/MS demonstrated superior quantitative consistency, with relative errors maintained within 15%. By bridging the gap between rigorous laboratory confirmation and point-of-need screening, this field-deployable platform represents a significant advancement in forensic toxicology, workplace drug testing, and clinical diagnostics.","['Hair analysis', 'Illicit drugs', 'Micro-SPE', 'Mini-MS', 'On-site detection']","Y. Zhang, J. Zhang, J. Wu, C. Liu, Y. Liu, B. Zou, L. Dong, X. Wu, Q. Du, Q. Shen, M. Zhang, Z. Ouyang, H. Wang",2026
42318842,"Psychedelic Use, Microdosing, Motives, and Information and Product Sources Among Young Adults in the United States.^
Given the increases in psychedelic use, we examined correlates of psychedelic use and use motives among US young adults. In 2025, adults ages 18-34 (n = 3,227; Mage = 26.38, ~50% past-month cannabis use by design) completed an online survey. Multivariable regression assessed sociodemographics, mental health, and adverse childhood events (ACEs) in relation to: (1) past-year psychedelic use; and (2) among those reporting lifetime use: (a) lifetime microdosing and (b) use motives. Lifetime and past-year psychedelic use were 27.7% and 11.9% (commonly psilocybin/amanita, MDMA, and LSD); 48.8% used only for nonmedical purposes. Of those reporting lifetime use, 26.5% ever microdosed. Correlates of use-related outcomes varied: (1) lifetime use: older, male (vs female), Black (vs White), metropolitan/urban (vs rural), more depressive symptoms and ACEs; (2) microdosing: not having children, more anxiety symptoms and ACEs; (3) higher expansion motives: male, White (vs Asian), more anxiety symptoms and ACEs; (4) higher mood/social enhancement motives: more depressive symptoms; and (5) higher symptom management motives: male, Hispanic, more depressive symptoms and ACEs. Despite half using exclusively for nonmedical purposes, mental health symptoms and ACEs were associated with use, microdosing, and higher use motives. Understanding the role of mental health across sociodemographic groups is necessary to address possible adverse outcomes.",1,"[0.007536865305155516, 0.9924631118774414]",42318842,https://pubmed.ncbi.nlm.nih.gov/42318842/,10.1080/02791072.2026.2685527,"Psychedelic Use, Microdosing, Motives, and Information and Product Sources Among Young Adults in the United States.",2026-06-19,"Given the increases in psychedelic use, we examined correlates of psychedelic use and use motives among US young adults. In 2025, adults ages 18-34 (n = 3,227; Mage = 26.38, ~50% past-month cannabis use by design) completed an online survey. Multivariable regression assessed sociodemographics, mental health, and adverse childhood events (ACEs) in relation to: (1) past-year psychedelic use; and (2) among those reporting lifetime use: (a) lifetime microdosing and (b) use motives. Lifetime and past-year psychedelic use were 27.7% and 11.9% (commonly psilocybin/amanita, MDMA, and LSD); 48.8% used only for nonmedical purposes. Of those reporting lifetime use, 26.5% ever microdosed. Correlates of use-related outcomes varied: (1) lifetime use: older, male (vs female), Black (vs White), metropolitan/urban (vs rural), more depressive symptoms and ACEs; (2) microdosing: not having children, more anxiety symptoms and ACEs; (3) higher expansion motives: male, White (vs Asian), more anxiety symptoms and ACEs; (4) higher mood/social enhancement motives: more depressive symptoms; and (5) higher symptom management motives: male, Hispanic, more depressive symptoms and ACEs. Despite half using exclusively for nonmedical purposes, mental health symptoms and ACEs were associated with use, microdosing, and higher use motives. Understanding the role of mental health across sociodemographic groups is necessary to address possible adverse outcomes.","['Psychedelics', 'hallucinogens', 'mental health', 'microdosing', 'risk factors', 'use motives']","CJ. Berg, DM. McCready, CR. LoParco, LC. Schubel, KF. Romm, S. Thakkar, J. Williams, PA. Cavazos-Rehg, YT. Yang",2026
42318639,"Cannabis, Psychedelics, and Other Substance Use to Manage Premenstrual Symptoms: A Survey Study.^
BACKGROUND: Despite increasing interest in the medical use of substances such as cannabis and psychedelics, little is known about their use to manage premenstrual symptoms. This study assessed self-reported use of substances to manage premenstrual mood and physical symptoms, including among those with premenstrual dysphoric disorder (PMDD) and in perimenopause. METHODS: Inclusion criteria were age 18 and older with a menstrual cycle within the past year. Participants responded to an online survey querying the use of substances (alcohol, nicotine, cannabis, psychedelics, cocaine, stimulants, opiates, benzodiazepines) to manage premenstrual or perimenopausal symptoms, including frequency in the follicular and luteal phases of the menstrual cycle. Premenstrual symptoms were assessed via the Premenstrual Symptoms Screening Tool (PSST). Participants were categorized as PMDD if diagnosed by a health care provider via daily symptom tracking for two menstrual cycles. RESULTS: Seven hundred and three individuals responded; 634 reported a menstrual cycle in the past year (n = 167 PMDD). To manage premenstrual mood symptoms, participants most commonly used cannabis (30.0%), alcohol (16.1%), and psychedelics (5.9%), with higher percentages within the PMDD group (51.5% cannabis, 16.2% psychedelics). PSST score positively correlated with luteal frequency of cannabis and nicotine use (ps < 0.01). Cannabis (p < 0.01) and psychedelics (p < 0.005) were used more frequently in the luteal phase than the follicular. Among n = 45 who reported perimenopausal symptoms, cannabis was most frequently used to manage symptoms. CONCLUSIONS: This study was the first to assess psychedelic use across the menstrual cycle. These data underscore the need for research to assess the efficacy of these substances for premenstrual and perimenopausal symptoms.",0,"[0.9793805480003357, 0.020619481801986694]",42318639,https://pubmed.ncbi.nlm.nih.gov/42318639/,10.1177/15409996261459360,"Cannabis, Psychedelics, and Other Substance Use to Manage Premenstrual Symptoms: A Survey Study.",2026-06-19,"BACKGROUND: Despite increasing interest in the medical use of substances such as cannabis and psychedelics, little is known about their use to manage premenstrual symptoms. This study assessed self-reported use of substances to manage premenstrual mood and physical symptoms, including among those with premenstrual dysphoric disorder (PMDD) and in perimenopause. METHODS: Inclusion criteria were age 18 and older with a menstrual cycle within the past year. Participants responded to an online survey querying the use of substances (alcohol, nicotine, cannabis, psychedelics, cocaine, stimulants, opiates, benzodiazepines) to manage premenstrual or perimenopausal symptoms, including frequency in the follicular and luteal phases of the menstrual cycle. Premenstrual symptoms were assessed via the Premenstrual Symptoms Screening Tool (PSST). Participants were categorized as PMDD if diagnosed by a health care provider via daily symptom tracking for two menstrual cycles. RESULTS: Seven hundred and three individuals responded; 634 reported a menstrual cycle in the past year (n = 167 PMDD). To manage premenstrual mood symptoms, participants most commonly used cannabis (30.0%), alcohol (16.1%), and psychedelics (5.9%), with higher percentages within the PMDD group (51.5% cannabis, 16.2% psychedelics). PSST score positively correlated with luteal frequency of cannabis and nicotine use (ps < 0.01). Cannabis (p < 0.01) and psychedelics (p < 0.005) were used more frequently in the luteal phase than the follicular. Among n = 45 who reported perimenopausal symptoms, cannabis was most frequently used to manage symptoms. CONCLUSIONS: This study was the first to assess psychedelic use across the menstrual cycle. These data underscore the need for research to assess the efficacy of these substances for premenstrual and perimenopausal symptoms.","['cannabis', 'menstrual cycle', 'premenstrual', 'psychedelic', 'substance use']","M. Nazareth, V. Paone, ME. Yaden, A. Getachew, L. Hantsoo",2026
42318348,"Clinical improvement following an integrative iboga microdosing protocol in post-concussive and hypoxic brain injury syndromes: a case series.^
BACKGROUND: Traumatic brain injury (TBI) can result in prolonged post-concussive syndrome and chronic hypoxic-ischemic brain injury (HIBI) sequelae remains therapeutically challenging with the persistence of significant neurological and cognitive impairments. While conventional treatments often provide limited relief, emerging research explores alternative therapeutic interventions, including psychedelic compounds combined with therapeutic interventions. OBJECTIVES: This naturalistic case series examines clinical observations following an integrative, participant-directed iboga-containing microdosing protocol paired with Accelerated Experiential Dynamic Psychotherapy (AEDP) in three individuals with persistent neurologic symptoms after traumatic brain injury (TBI) or hypoxic-ischemic brain injury. METHODS: Three participants completed a 6 week protocol using Tabernanthe iboga root bark biomass (participant-directed titration 0.1-1.0 g/day, 4 days-on/3 days-off). Quantitative qNMR/HPLC analysis (University of Cape Town) demonstrated approximately 3.845% ibogaine content by mass, yielding estimated ibogaine-equivalent exposure of 3.8-38.5 mg/day. All administration utilized whole root bark biomass only. Weekly AEDP psychotherapy and supportive nutraceuticals were provided concurrently. PATIENT ONE: A 43 year-old man with TBI sustained in a motorcycle accident. Patient Two: A 40-year-old woman with chronic hypoxic brain injury sustained during an avalanche burial event. Patient Three: A 19 year old woman with TBI sustained in a motor vehicle accident. RESULTS: All three patients demonstrated progressive neurological recovery over the 6-week microdosing iboga protocol with two of the patients declaring complete symptom remission at a long term follow up assessment. Initial reported symptoms included a constellation of daily headaches, episodic migraines, disequilibrium, irritability, mood swings, fatigue, brain fog, sleep disruptions, and loss of interest in typical life activities. At the conclusion of the protocol, and at long term follow-up visits, patients felt able to discontinue all prescription medications for symptomatic treatment, reporting absence of severe migraine headaches, resolution of brain fog, fatigue, irritability, and stabilized mood, with the ability to return all regular activities with a renewed enthusiasm for life. All patients provided consent to share their significant clinical and therapeutic improvement journey in this publication. SAFETY CONSIDERATIONS: The microdosing protocol was carefully implemented with rigorous screening to mitigate potential cardiac and neurological risks associated with iboga administration, including medical background screening for potential drug interactions, and past medical history contraindications including heart conditions and/or the concomitant administration of selective serotonin reuptake inhibitors (SSRIs). CONCLUSION: This naturalistic case series provides hypothesis-generating observations regarding possible clinical improvement following an integrative iboga-containing intervention paired with psychotherapeutic and supportive care. The findings do not establish causality or iboga-specific efficacy and should be interpreted within the context of multimodal therapeutic exposure and substantial methodological limitations. These preliminary observations suggest that an integrative iboga microdosing protocol, in association with psychotherapeutic and supportive care, may be linked to meaningful improvements in prolonged post-concussive symptoms. As a hypothesis-generating case series, these findings warrant further investigation in controlled trials to establish causality and specificity.",1,"[0.003638587426394224, 0.9963614344596863]",42318348,https://pubmed.ncbi.nlm.nih.gov/42318348/,10.3389/fphar.2026.1840956,Clinical improvement following an integrative iboga microdosing protocol in post-concussive and hypoxic brain injury syndromes: a case series.,2026-01-01,"BACKGROUND: Traumatic brain injury (TBI) can result in prolonged post-concussive syndrome and chronic hypoxic-ischemic brain injury (HIBI) sequelae remains therapeutically challenging with the persistence of significant neurological and cognitive impairments. While conventional treatments often provide limited relief, emerging research explores alternative therapeutic interventions, including psychedelic compounds combined with therapeutic interventions. OBJECTIVES: This naturalistic case series examines clinical observations following an integrative, participant-directed iboga-containing microdosing protocol paired with Accelerated Experiential Dynamic Psychotherapy (AEDP) in three individuals with persistent neurologic symptoms after traumatic brain injury (TBI) or hypoxic-ischemic brain injury. METHODS: Three participants completed a 6 week protocol using Tabernanthe iboga root bark biomass (participant-directed titration 0.1-1.0 g/day, 4 days-on/3 days-off). Quantitative qNMR/HPLC analysis (University of Cape Town) demonstrated approximately 3.845% ibogaine content by mass, yielding estimated ibogaine-equivalent exposure of 3.8-38.5 mg/day. All administration utilized whole root bark biomass only. Weekly AEDP psychotherapy and supportive nutraceuticals were provided concurrently. PATIENT ONE: A 43 year-old man with TBI sustained in a motorcycle accident. Patient Two: A 40-year-old woman with chronic hypoxic brain injury sustained during an avalanche burial event. Patient Three: A 19 year old woman with TBI sustained in a motor vehicle accident. RESULTS: All three patients demonstrated progressive neurological recovery over the 6-week microdosing iboga protocol with two of the patients declaring complete symptom remission at a long term follow up assessment. Initial reported symptoms included a constellation of daily headaches, episodic migraines, disequilibrium, irritability, mood swings, fatigue, brain fog, sleep disruptions, and loss of interest in typical life activities. At the conclusion of the protocol, and at long term follow-up visits, patients felt able to discontinue all prescription medications for symptomatic treatment, reporting absence of severe migraine headaches, resolution of brain fog, fatigue, irritability, and stabilized mood, with the ability to return all regular activities with a renewed enthusiasm for life. All patients provided consent to share their significant clinical and therapeutic improvement journey in this publication. SAFETY CONSIDERATIONS: The microdosing protocol was carefully implemented with rigorous screening to mitigate potential cardiac and neurological risks associated with iboga administration, including medical background screening for potential drug interactions, and past medical history contraindications including heart conditions and/or the concomitant administration of selective serotonin reuptake inhibitors (SSRIs). CONCLUSION: This naturalistic case series provides hypothesis-generating observations regarding possible clinical improvement following an integrative iboga-containing intervention paired with psychotherapeutic and supportive care. The findings do not establish causality or iboga-specific efficacy and should be interpreted within the context of multimodal therapeutic exposure and substantial methodological limitations. These preliminary observations suggest that an integrative iboga microdosing protocol, in association with psychotherapeutic and supportive care, may be linked to meaningful improvements in prolonged post-concussive symptoms. As a hypothesis-generating case series, these findings warrant further investigation in controlled trials to establish causality and specificity.","['accelerated experiential dynamic psychotherapy (AEDP)', 'hypoxic brain injury', 'iboga microdosing', 'neurological rehabilitation', 'neuroplasticity', 'post-concussive syndrome', 'psychedelic-assisted therapy', 'traumatic brain injury']","BJ. Tabaac, RL. Carhart-Harris, T. Yung",2026
42317626,"Dataset of illicit drug consumption during and post COVID-19 through wastewater in a city of Chile.^
The present dataset reports illicit drug consumption estimated through wastewater-based epidemiology (WBE) in San Pedro de la Paz, Biobío Region, Chile. We collected 24 hour flow proportional Influent wastewater samples at the city wastewater treatment plant (WWTP). Sampling during the COVID-19 period was conducted on twelve days between 9 and 29 August 2021. We collected 50 samples divided in two periods i) COVID-19 period (between 9 and 29 August 2021) and ii) Post-COVID-19 (5 September 2022 to 30 August 2023). Samples collected were preserved by adding Sodium metabisulfite (0.5 g/L), and samples were stored at -20 °C until further analysis. Target analytes included benzoylecgonine (cocaine metabolite), 11-nor-9-carboxy-Δ9-tetrahydrocannabinol (THCCOOH, cannabis metabolite), amphetamine, and 3,4-methylenedioxymethamphetamine (MDMA). Sample preparation involved filtration, pH adjustment, and solid-phase extraction, followed by quantitative analysis using liquid chromatography-tandem mass spectrometry (LC-MS/MS). Quality assurance and quality control (QA/QC) followed the best-practice protocols of the Sewage CORe Group Europe (SCORE) network, including isotopically labelled internal standards, matrix-matched calibration, recovery and matrix-effect assessment, and batch-level blanks and continuing calibration verifications. We normalized concentrations using the daily influent flow and estimated population served by the wastewater treatment plant according to the 2024 Chilean CENSUS. Results are reported as milligrams per day per 1000 inhabitants (mg/day/1000 inhabitants), with values below the limit of quantification informed as ""NA"". We provide the dataset in an excel file containing collection date, location information, population data, and normalized consumption estimates for each target compound. Data are publicly available in the Mendeley Data repository (DOI: 10.17632/vgpr6b99vf.1) and can be reused for methodological comparisons, inter-study analyses, and secondary modeling applications in WBE.",0,"[0.978154718875885, 0.021845271810889244]",42317626,https://pubmed.ncbi.nlm.nih.gov/42317626/,10.1016/j.dib.2026.112935,Dataset of illicit drug consumption during and post COVID-19 through wastewater in a city of Chile.,2026-08-01,"The present dataset reports illicit drug consumption estimated through wastewater-based epidemiology (WBE) in San Pedro de la Paz, Biobío Region, Chile. We collected 24 hour flow proportional Influent wastewater samples at the city wastewater treatment plant (WWTP). Sampling during the COVID-19 period was conducted on twelve days between 9 and 29 August 2021. We collected 50 samples divided in two periods i) COVID-19 period (between 9 and 29 August 2021) and ii) Post-COVID-19 (5 September 2022 to 30 August 2023). Samples collected were preserved by adding Sodium metabisulfite (0.5 g/L), and samples were stored at -20 °C until further analysis. Target analytes included benzoylecgonine (cocaine metabolite), 11-nor-9-carboxy-Δ9-tetrahydrocannabinol (THCCOOH, cannabis metabolite), amphetamine, and 3,4-methylenedioxymethamphetamine (MDMA). Sample preparation involved filtration, pH adjustment, and solid-phase extraction, followed by quantitative analysis using liquid chromatography-tandem mass spectrometry (LC-MS/MS). Quality assurance and quality control (QA/QC) followed the best-practice protocols of the Sewage CORe Group Europe (SCORE) network, including isotopically labelled internal standards, matrix-matched calibration, recovery and matrix-effect assessment, and batch-level blanks and continuing calibration verifications. We normalized concentrations using the daily influent flow and estimated population served by the wastewater treatment plant according to the 2024 Chilean CENSUS. Results are reported as milligrams per day per 1000 inhabitants (mg/day/1000 inhabitants), with values below the limit of quantification informed as ""NA"". We provide the dataset in an excel file containing collection date, location information, population data, and normalized consumption estimates for each target compound. Data are publicly available in the Mendeley Data repository (DOI: 10.17632/vgpr6b99vf.1) and can be reused for methodological comparisons, inter-study analyses, and secondary modeling applications in WBE.","['Amphetamine', 'Cannabis', 'Cocaine', 'Illicit drugs', 'MDMA', 'Wastewater-based epidemiology']","AS. Reis, F. Corthorn, P. Navarro, P. Assmann, E. Suazo Osses, MI. Hepp, C. Galbán-Malagón",2026
42316829,"Exploring Knowledge, Attitudes and Openness toward Psychedelics among Medical and Psychology Students in a Conservative Cultural Setting.^
<b>Background and Objective:</b> Psychedelic substances have re-emerged as promising tools in mental health treatment, yet their integration into clinical practice is influenced by public and professional perceptions. In Saudi Arabia, research on knowledge and attitudes toward psychedelic science remains scarce, particularly among future healthcare professionals. This study assesses and compares the knowledge, attitudes and openness toward psychedelic science among medical and psychology students in Jeddah, Saudi Arabia. <b>Materials and Methods:</b> A comparative cross-sectional study was conducted between September and December 2024 across six academic institutions. A total of 360 students (50.3% medical, 49.7% psychology) completed a validated bilingual questionnaire assessing knowledge, attitudes and openness toward psychedelics. Data were analyzed using descriptive statistics and Chi-square tests, with significance set at p<0.05. <b>Results:</b> Psychology students reported significantly higher knowledge across all indicators, including curricular exposure (58.7 vs. 38.7%, p<0.001) and self-rated awareness of psychedelic-assisted therapy (47.5 vs. 23.2%, p<0.001). Attitudinal differences were also evident, with psychology students showing greater support for legalization (50.9 vs. 33.1%, p = 0.001) and recognition of potential benefits, including spiritual value (51.3 vs. 29.8%, p<0.001). Openness to learning and clinical application was higher among psychology students (62.0% vs. 48.1%, p = 0.046), though both groups expressed concerns about potential risks. <b>Conclusion:</b> Psychology students demonstrated greater knowledge, more favorable attitudes and higher openness toward psychedelic science compared to medical students. Integrating evidence-based psychedelic education into curricula may enhance awareness, critical evaluation and responsible clinical adoption in Saudi Arabia.",0,"[0.6455281972885132, 0.3544718027114868]",42316829,https://pubmed.ncbi.nlm.nih.gov/42316829/,10.3923/pjbs.2026.171.178,"Exploring Knowledge, Attitudes and Openness toward Psychedelics among Medical and Psychology Students in a Conservative Cultural Setting.",2026-06-01,"<b>Background and Objective:</b> Psychedelic substances have re-emerged as promising tools in mental health treatment, yet their integration into clinical practice is influenced by public and professional perceptions. In Saudi Arabia, research on knowledge and attitudes toward psychedelic science remains scarce, particularly among future healthcare professionals. This study assesses and compares the knowledge, attitudes and openness toward psychedelic science among medical and psychology students in Jeddah, Saudi Arabia. <b>Materials and Methods:</b> A comparative cross-sectional study was conducted between September and December 2024 across six academic institutions. A total of 360 students (50.3% medical, 49.7% psychology) completed a validated bilingual questionnaire assessing knowledge, attitudes and openness toward psychedelics. Data were analyzed using descriptive statistics and Chi-square tests, with significance set at p<0.05. <b>Results:</b> Psychology students reported significantly higher knowledge across all indicators, including curricular exposure (58.7 vs. 38.7%, p<0.001) and self-rated awareness of psychedelic-assisted therapy (47.5 vs. 23.2%, p<0.001). Attitudinal differences were also evident, with psychology students showing greater support for legalization (50.9 vs. 33.1%, p = 0.001) and recognition of potential benefits, including spiritual value (51.3 vs. 29.8%, p<0.001). Openness to learning and clinical application was higher among psychology students (62.0% vs. 48.1%, p = 0.046), though both groups expressed concerns about potential risks. <b>Conclusion:</b> Psychology students demonstrated greater knowledge, more favorable attitudes and higher openness toward psychedelic science compared to medical students. Integrating evidence-based psychedelic education into curricula may enhance awareness, critical evaluation and responsible clinical adoption in Saudi Arabia.","['Psychedelics', 'Saudi Arabia', 'attitudes', 'knowledge', 'medical students', 'openness', 'psychedelic-assisted therapy', 'psychology students']","M. Albaik, AH. Shaikh, H. Kadi, S. Haidar, N. Ikram, S. Fuadah",2026
42315644,"Acute and post-acute neurobehavioral responses to lysergic acid diethylamide in healthy subjects: a randomized controlled study.^
Preclinical studies suggest that lysergic acid diethylamide (LSD) may induce lasting changes in brain function and learning ability, but evidence in humans is uncertain. Motor learning, in particular, has clinical relevance but has not been investigated in human studies of psychedelics. Forty-five healthy subjects (24 women) participated in this randomized crossover trial comparing 100 µg LSD with a placebo. For up to one week after dosing, we investigated LSD's post-acute neurophysiological effects using auditory tetanization with electroencephalography (EEG), paired associative stimulation (PAS) with transcranial magnetic stimulation (TMS), peripheral levels of brain-derived neurotrophic factor (BDNF). Additionally, online and offline motor learning were assessed one day after dosing with a sequence typing task. Questionnaires assessed perceived stress and cognitive flexibility one week after dosing. We found that offline motor learning significantly improved the day after LSD. One week after LSD, perceived stress was reduced and aspects of cognitive flexibility were increased. EEG data showed that LSD acutely decreased amplitudes of N1 and P2 auditory event-related potentials and still modulated P2 one week later. Motor-evoked potentials measured with TMS showed increased amplitude and faster latency under LSD. LSD did not alter BDNF levels. Our findings encourage future studies on LSD and learning and additionally highlight important challenges in the measurement of long-term potentiation in humans. The observed acute and lasting changes in neural signals provide insight into LSD's effects on the auditory and motor systems.",1,"[0.002606428461149335, 0.9973936080932617]",42315644,https://pubmed.ncbi.nlm.nih.gov/42315644/,10.1038/s41386-026-02454-7,Acute and post-acute neurobehavioral responses to lysergic acid diethylamide in healthy subjects: a randomized controlled study.,2026-06-18,"Preclinical studies suggest that lysergic acid diethylamide (LSD) may induce lasting changes in brain function and learning ability, but evidence in humans is uncertain. Motor learning, in particular, has clinical relevance but has not been investigated in human studies of psychedelics. Forty-five healthy subjects (24 women) participated in this randomized crossover trial comparing 100 µg LSD with a placebo. For up to one week after dosing, we investigated LSD's post-acute neurophysiological effects using auditory tetanization with electroencephalography (EEG), paired associative stimulation (PAS) with transcranial magnetic stimulation (TMS), peripheral levels of brain-derived neurotrophic factor (BDNF). Additionally, online and offline motor learning were assessed one day after dosing with a sequence typing task. Questionnaires assessed perceived stress and cognitive flexibility one week after dosing. We found that offline motor learning significantly improved the day after LSD. One week after LSD, perceived stress was reduced and aspects of cognitive flexibility were increased. EEG data showed that LSD acutely decreased amplitudes of N1 and P2 auditory event-related potentials and still modulated P2 one week later. Motor-evoked potentials measured with TMS showed increased amplitude and faster latency under LSD. LSD did not alter BDNF levels. Our findings encourage future studies on LSD and learning and additionally highlight important challenges in the measurement of long-term potentiation in humans. The observed acute and lasting changes in neural signals provide insight into LSD's effects on the auditory and motor systems.",[],"AE. Calder, VJ. Diehl, MP. Lietz, P. Yousefi, N. Friedli, F. Coviello, A. Rouaud, K. Beichmann, A. Eckert, G. Hasler",2026
42313772,"Protocol for a qualitative mechanistic study of MDMA with a sample of psychoanalytic psychotherapists: A phenomenological investigation.^
INTRODUCTION: Methylenedioxymethamphetamine (MDMA)-assisted psychotherapy (MDMA-AP) is a potentially transformative intervention for post-traumatic stress disorder (PTSD). Despite encouraging Phase III trial results, the psychological mechanisms underpinning MDMA's therapeutic effects remain insufficiently understood. Existing research on MDMA has emphasised neurobiological processes but has not adequately incorporated subjective, relational, and experiential processes that are likely to be central to optimising psychedelic-assisted treatments. In the absence of an established clinical psychological theory of MDMA-AP, qualitative approaches can support theory development to refine and optimise MDMA-AP, and identify cross-diagnostic change processes that may broaden its therapeutic scope. MATERIALS AND METHODS: Approximately 25 experienced psychodynamically trained psychotherapists will receive two doses of MDMA (80-120 mg, oral), separated by ≥1 week, under controlled research conditions in an open-label, qualitative mechanistic study. Clinician-participants will complete baseline interviews examining beliefs and attitudes toward MDMA-AP, brief phenomenological interviews during MDMA sessions, in-depth phenomenological and theory-oriented follow-up interviews examining experience and understandings of MDMA-associated change processes, and daily reflective journals between dosing sessions. Additional standardised measures will assess reflective functioning and related constructs. Qualitative data will be analysed using phenomenological and thematic approaches, and grounded theory-inspired techniques will be used to develop a theoretically coherent model of MDMA's psychological mechanisms of action grounded in the full dataset. DISCUSSION: In this study of MDMA's potential mechanisms-of-action, we treat psychotherapists as expert observers of their own psychological processes. By examining first-hand experience in participants selected for their well-developed capacity for self-reflection, meta-awareness, and advanced theoretical and clinical frameworks for understanding mental phenomena, psychopathology, and psychological treatment, we anticipate generating novel insights into MDMA's therapeutic mechanisms-of-action. The primary study output will be a theoretically grounded model of MDMA's psychological mechanisms of action, intended to inform novel treatment models amenable to future experimental evaluation. The study also offers a transferable framework for qualitative mechanistic investigations of psychedelic compounds, supporting the development of integrative and evidence-based models of psychedelic therapy.",1,"[0.0037026642821729183, 0.996297299861908]",42313772,https://pubmed.ncbi.nlm.nih.gov/42313772/,10.1371/journal.pone.0350728,Protocol for a qualitative mechanistic study of MDMA with a sample of psychoanalytic psychotherapists: A phenomenological investigation.,2026-01-01,"INTRODUCTION: Methylenedioxymethamphetamine (MDMA)-assisted psychotherapy (MDMA-AP) is a potentially transformative intervention for post-traumatic stress disorder (PTSD). Despite encouraging Phase III trial results, the psychological mechanisms underpinning MDMA's therapeutic effects remain insufficiently understood. Existing research on MDMA has emphasised neurobiological processes but has not adequately incorporated subjective, relational, and experiential processes that are likely to be central to optimising psychedelic-assisted treatments. In the absence of an established clinical psychological theory of MDMA-AP, qualitative approaches can support theory development to refine and optimise MDMA-AP, and identify cross-diagnostic change processes that may broaden its therapeutic scope. MATERIALS AND METHODS: Approximately 25 experienced psychodynamically trained psychotherapists will receive two doses of MDMA (80-120 mg, oral), separated by ≥1 week, under controlled research conditions in an open-label, qualitative mechanistic study. Clinician-participants will complete baseline interviews examining beliefs and attitudes toward MDMA-AP, brief phenomenological interviews during MDMA sessions, in-depth phenomenological and theory-oriented follow-up interviews examining experience and understandings of MDMA-associated change processes, and daily reflective journals between dosing sessions. Additional standardised measures will assess reflective functioning and related constructs. Qualitative data will be analysed using phenomenological and thematic approaches, and grounded theory-inspired techniques will be used to develop a theoretically coherent model of MDMA's psychological mechanisms of action grounded in the full dataset. DISCUSSION: In this study of MDMA's potential mechanisms-of-action, we treat psychotherapists as expert observers of their own psychological processes. By examining first-hand experience in participants selected for their well-developed capacity for self-reflection, meta-awareness, and advanced theoretical and clinical frameworks for understanding mental phenomena, psychopathology, and psychological treatment, we anticipate generating novel insights into MDMA's therapeutic mechanisms-of-action. The primary study output will be a theoretically grounded model of MDMA's psychological mechanisms of action, intended to inform novel treatment models amenable to future experimental evaluation. The study also offers a transferable framework for qualitative mechanistic investigations of psychedelic compounds, supporting the development of integrative and evidence-based models of psychedelic therapy.",[],"E. Liberati, HV. Curran, P. Fonagy, H. Clements, A. Lemma, R. McAlpine, DJ. Nutt, AK. Schlag, SK. Kamboj",2026
42313138,"Serotonin 2A receptor binding, functional activity, and in vitro metabolism of two trideuteromethoxy 2C-B isotopologues.^
The aim of this study was to investigate the effects of deuterium substitution on the in vitro pharmacology of the psychedelic drug 2-(4-bromo-2,5-dimethoxyphenyl)ethan-1-amine (2C-B). Two deuterated isotopologues of 2C-B, namely 2-(4-bromo-5-methoxy-2-(methoxy-d3)phenyl)ethan-1-amine (2CB-2OCD3) and 2-(4-bromo-2-methoxy-5-(methoxy-d3)phenyl)ethan-1-amine (2CB-5OCD3), were synthesized and tested in cell lines expressing human 5-HT2A receptors for potential isotope effects on 5-HT2A receptor binding and functional activity, and for metabolism by human liver microsomes (HLM). The 2C-B isotopologues and 2C-B exhibited picomolar-to-nanomolar potency in binding to [125I]DOI-labelled 5-HT2A receptors and were equally efficacious to 2C-B in stimulating 5-HT2A-mediated intracellular Ca++ release and β-arrestin 2 engagement. No appreciable metabolism was observed for 2C-B or the deuterated analogues by HLM over the time course of the experiment. Deuteration of the ring methoxys of 2C-B appeared to increase affinity at [125I]DOI-labelled 5-HT2A receptors, likely due to dampened internal vibrational frequencies and rotational motions arising from primary and secondary kinetic isotope effects. Deuteration did not affect the ability of the drugs to stimulate intracellular calcium release or to recruit β-arrestin 2, with all compounds displaying similar low nanomolar potency and efficacy in these assays.",0,"[0.989477813243866, 0.010522188618779182]",42313138,https://pubmed.ncbi.nlm.nih.gov/42313138/,10.1007/s00210-026-05566-5,"Serotonin 2A receptor binding, functional activity, and in vitro metabolism of two trideuteromethoxy 2C-B isotopologues.",2026-06-18,"The aim of this study was to investigate the effects of deuterium substitution on the in vitro pharmacology of the psychedelic drug 2-(4-bromo-2,5-dimethoxyphenyl)ethan-1-amine (2C-B). Two deuterated isotopologues of 2C-B, namely 2-(4-bromo-5-methoxy-2-(methoxy-d3)phenyl)ethan-1-amine (2CB-2OCD3) and 2-(4-bromo-2-methoxy-5-(methoxy-d3)phenyl)ethan-1-amine (2CB-5OCD3), were synthesized and tested in cell lines expressing human 5-HT2A receptors for potential isotope effects on 5-HT2A receptor binding and functional activity, and for metabolism by human liver microsomes (HLM). The 2C-B isotopologues and 2C-B exhibited picomolar-to-nanomolar potency in binding to [125I]DOI-labelled 5-HT2A receptors and were equally efficacious to 2C-B in stimulating 5-HT2A-mediated intracellular Ca++ release and β-arrestin 2 engagement. No appreciable metabolism was observed for 2C-B or the deuterated analogues by HLM over the time course of the experiment. Deuteration of the ring methoxys of 2C-B appeared to increase affinity at [125I]DOI-labelled 5-HT2A receptors, likely due to dampened internal vibrational frequencies and rotational motions arising from primary and secondary kinetic isotope effects. Deuteration did not affect the ability of the drugs to stimulate intracellular calcium release or to recruit β-arrestin 2, with all compounds displaying similar low nanomolar potency and efficacy in these assays.","['5-HT2A receptor', 'Binding affinity', 'Calcium', 'Deuterium', 'Kinetic isotope effect', 'Psychedelic', 'β-Arrestin 2']",NV. Cozzi,2026
42312173,"Overcoming Pharmacokinetic and Peripheral Safety Challenges in Psychedelic Therapies: The Promise of Advanced Drug Delivery Systems.^
Classic serotonergic psychedelics-such as lysergic acid diethylamide (LSD), psilocybin, and N,N-dimethyltryptamine (DMT)-hold remarkable promise for treating neuropsychiatric disorders, yet their clinical translation is severely constrained by first-pass metabolism, erratic pharmacokinetics, unsuitable action profiles, and off-target peripheral serotonin effects. To overcome these barriers, advanced delivery systemssuch as transdermal and microneedle patches, intranasal sprays, sublingual films, and injectable formulationshave been developed, alongside molecular strategies including prodrugs, ""off-switch"" 5-HT receptor antagonists for session control, selective receptor bias, and adjunctive pharmacological approaches. These innovations help bypass hepatic metabolism, enable precise control over onset and duration of action, and minimize peripheral receptor activation. Preclinical and early clinical evidence shows gains in bioavailability, half-life extension, and conversion of fleeting psychedelic effects into manageable windows. These platforms offer a path to safer, patient-centered therapies. Despite regulatory and trial-design challenges, delivery innovations provide the essential pharmacokinetic toolkit to advance the field and clinical adoption.",0,"[0.9905012845993042, 0.009498709812760353]",42312173,https://pubmed.ncbi.nlm.nih.gov/42312173/,10.1021/acsptsci.6c00146,Overcoming Pharmacokinetic and Peripheral Safety Challenges in Psychedelic Therapies: The Promise of Advanced Drug Delivery Systems.,2026-06-12,"Classic serotonergic psychedelics-such as lysergic acid diethylamide (LSD), psilocybin, and N,N-dimethyltryptamine (DMT)-hold remarkable promise for treating neuropsychiatric disorders, yet their clinical translation is severely constrained by first-pass metabolism, erratic pharmacokinetics, unsuitable action profiles, and off-target peripheral serotonin effects. To overcome these barriers, advanced delivery systemssuch as transdermal and microneedle patches, intranasal sprays, sublingual films, and injectable formulationshave been developed, alongside molecular strategies including prodrugs, ""off-switch"" 5-HT receptor antagonists for session control, selective receptor bias, and adjunctive pharmacological approaches. These innovations help bypass hepatic metabolism, enable precise control over onset and duration of action, and minimize peripheral receptor activation. Preclinical and early clinical evidence shows gains in bioavailability, half-life extension, and conversion of fleeting psychedelic effects into manageable windows. These platforms offer a path to safer, patient-centered therapies. Despite regulatory and trial-design challenges, delivery innovations provide the essential pharmacokinetic toolkit to advance the field and clinical adoption.","['drug delivery systems', 'intranasal administration', 'microneedle arrays', 'pharmacokinetics', 'psychedelics', 'transdermal patches']","T. Zhang, C. Lin, X. Wang",2026
42312080,"Assembly and comparative analysis of the first complete mitochondrial genome of Lophophora williamsii (Cactaceae).^
INTRODUCTION: The Cactaceae family exhibits remarkable adaptation to arid environments, yet mitochondrial genomic resources remain extremely scarce for this lineage. Lophophora williamsii (peyote) is an ecologically and culturally significant cactus species native to the Chihuahuan Desert, but its mitochondrial genome has never been characterized. METHODS: We assembled and annotated the first complete mitochondrial genome of L. williamsii using PacBio HiFi long-read sequencing, and conducted comprehensive analyses including repeat identification, codon usage, RNA editing prediction, intracellular gene transfer detection, phylogenetic reconstruction, selection pressure assessment, and synteny comparison. RESULTS: The assembled mitogenome is exceptionally large (2,422,778 bp) and structurally complex, comprising 57 contigs that resolve into five linear molecules. It encodes 33 core and 13 variable protein-coding genes, three rRNA genes, and 49 tRNA genes. A total of 587 simple sequence repeats (SSRs), 124 tandem repeats, and 5,519 interspersed repeats (≥30 bp) were identified. Codon usage bias is predominantly driven by natural selection. We predicted 431 C-to-U RNA editing sites across 32 PCGs and detected 18 chloroplast-derived DNA fragments (31,614 bp) containing 19 intact genes. Phylogenetic analysis based on 30 conserved mitochondrial PCGs placed L. williamsii as sister to Mammillaria huitzilopochtli. Most mitochondrial genes are under purifying selection, whereas atp8 and matR exhibit positive selection. Synteny analysis revealed extensive collinear blocks decreasing with phylogenetic distance. DISCUSSION: This first complete mitogenome of L. williamsii provides a fundamental genomic resource for understanding mitochondrial evolution in Cactaceae, offers high-resolution molecular markers for species identification and forensic authentication, and supports conservation genetics for this threatened species.",0,"[0.9785674214363098, 0.021432600915431976]",42312080,https://pubmed.ncbi.nlm.nih.gov/42312080/,10.3389/fpls.2026.1870314,Assembly and comparative analysis of the first complete mitochondrial genome of Lophophora williamsii (Cactaceae).,2026-01-01,"INTRODUCTION: The Cactaceae family exhibits remarkable adaptation to arid environments, yet mitochondrial genomic resources remain extremely scarce for this lineage. Lophophora williamsii (peyote) is an ecologically and culturally significant cactus species native to the Chihuahuan Desert, but its mitochondrial genome has never been characterized. METHODS: We assembled and annotated the first complete mitochondrial genome of L. williamsii using PacBio HiFi long-read sequencing, and conducted comprehensive analyses including repeat identification, codon usage, RNA editing prediction, intracellular gene transfer detection, phylogenetic reconstruction, selection pressure assessment, and synteny comparison. RESULTS: The assembled mitogenome is exceptionally large (2,422,778 bp) and structurally complex, comprising 57 contigs that resolve into five linear molecules. It encodes 33 core and 13 variable protein-coding genes, three rRNA genes, and 49 tRNA genes. A total of 587 simple sequence repeats (SSRs), 124 tandem repeats, and 5,519 interspersed repeats (≥30 bp) were identified. Codon usage bias is predominantly driven by natural selection. We predicted 431 C-to-U RNA editing sites across 32 PCGs and detected 18 chloroplast-derived DNA fragments (31,614 bp) containing 19 intact genes. Phylogenetic analysis based on 30 conserved mitochondrial PCGs placed L. williamsii as sister to Mammillaria huitzilopochtli. Most mitochondrial genes are under purifying selection, whereas atp8 and matR exhibit positive selection. Synteny analysis revealed extensive collinear blocks decreasing with phylogenetic distance. DISCUSSION: This first complete mitogenome of L. williamsii provides a fundamental genomic resource for understanding mitochondrial evolution in Cactaceae, offers high-resolution molecular markers for species identification and forensic authentication, and supports conservation genetics for this threatened species.","['Lophophora williamsii', 'RNA editing', 'genome architecture', 'intracellular gene transfer', 'mitochondrial genome', 'phylogeny']","X. Liu, Y. Zhang, Y. Wang, S. Gao, N. Li, Z. Cui, L. Zhang, T. Zhang",2026
42311441,"Meaning-Centered Psychotherapy for Psilocybin-Assisted Therapy Among Patients with Advanced Cancer and Depression: Rationale and Preliminary Evaluation of MCP-PSIL.^
INTRODUCTION: Psilocybin shows encouraging outcomes for patients with cancer and major depressive disorder (MDD). However, there is insufficient evidence on the use of evidence-based psychotherapeutic interventions to consistently guide and standardize psilocybin preparation, dosing, and integration. Meaning-centered psychotherapy (MCP) is a manualized, brief psychotherapeutic intervention that enhances meaning and purpose among recipients. This article substantiates the rationale for using MCP as a psychotherapeutic intervention to accompany psychedelic-assisted therapy (PAT) with psilocybin for patients with cancer and MDD. MATERIALS AND METHODS: We sampled seven patients with cancer and MDD who previously received PAT with psilocybin followed by group MCP in a phase 2 open-label trial, as well as six therapists who delivered the interventions. First, electronic open-ended response surveys were distributed to explore participant experiences during the phase 2 trial and elicit recommendations to adapt MCP for psilocybin. Second, the research team developed a 5-session model of MCP and psilocybin therapy (MCP-PSIL) based on survey responses. Finally, four focus groups were conducted (two with patients and two with therapists) to expand on patient experiences during the phase 2 trial and gather feedback on MCP-PSIL. RESULTS: Seven patients (ages 53-80 years) and six therapists (mental health professional experience ranging 9-44 years) participated in both surveys and focus groups. Focus groups underscored the value of experiences related to psilocybin, the group, and MCP, as distinct elements and in conjunction. Participants shared key recommendations to enhance combined psilocybin and MCP experiences and the 5-session MCP-PSIL model. The importance of the group format was also emphasized while noting that individual MCP may be indicated in certain circumstances. CONCLUSION: Findings suggest that MCP is a natural therapeutic partner to guide patients throughout the PAT continuum. As MCP-PSIL is tested in the future, we anticipate MCP will leverage the PAT experience by building therapist capacity to optimize care while reducing avoidable distress for patients and maximizing their meaning-making opportunities.",1,"[0.006857785861939192, 0.9931421279907227]",42311441,https://pubmed.ncbi.nlm.nih.gov/42311441/,10.1177/28314425251363983,Meaning-Centered Psychotherapy for Psilocybin-Assisted Therapy Among Patients with Advanced Cancer and Depression: Rationale and Preliminary Evaluation of MCP-PSIL.,2026-06-01,"INTRODUCTION: Psilocybin shows encouraging outcomes for patients with cancer and major depressive disorder (MDD). However, there is insufficient evidence on the use of evidence-based psychotherapeutic interventions to consistently guide and standardize psilocybin preparation, dosing, and integration. Meaning-centered psychotherapy (MCP) is a manualized, brief psychotherapeutic intervention that enhances meaning and purpose among recipients. This article substantiates the rationale for using MCP as a psychotherapeutic intervention to accompany psychedelic-assisted therapy (PAT) with psilocybin for patients with cancer and MDD. MATERIALS AND METHODS: We sampled seven patients with cancer and MDD who previously received PAT with psilocybin followed by group MCP in a phase 2 open-label trial, as well as six therapists who delivered the interventions. First, electronic open-ended response surveys were distributed to explore participant experiences during the phase 2 trial and elicit recommendations to adapt MCP for psilocybin. Second, the research team developed a 5-session model of MCP and psilocybin therapy (MCP-PSIL) based on survey responses. Finally, four focus groups were conducted (two with patients and two with therapists) to expand on patient experiences during the phase 2 trial and gather feedback on MCP-PSIL. RESULTS: Seven patients (ages 53-80 years) and six therapists (mental health professional experience ranging 9-44 years) participated in both surveys and focus groups. Focus groups underscored the value of experiences related to psilocybin, the group, and MCP, as distinct elements and in conjunction. Participants shared key recommendations to enhance combined psilocybin and MCP experiences and the 5-session MCP-PSIL model. The importance of the group format was also emphasized while noting that individual MCP may be indicated in certain circumstances. CONCLUSION: Findings suggest that MCP is a natural therapeutic partner to guide patients throughout the PAT continuum. As MCP-PSIL is tested in the future, we anticipate MCP will leverage the PAT experience by building therapist capacity to optimize care while reducing avoidable distress for patients and maximizing their meaning-making opportunities.","['cancer', 'group therapy', 'major depressive disorder', 'meaning-centered psychotherapy', 'psilocybin', 'psychedelic-assisted therapy']","WE. Rosa, S. Napolitano, N. McAndrew, B. Jenkins, WG. Lichtenthal, AJ. Applebaum, W. Breitbart, M. Agrawal",2026
42311156,"Psychedelics, the media portrayal and large-language model evaluations.^
Psychedelics were used for centuries in healing and spiritual rituals, long before the mid-20th century when they became subjects of biomedical research. Although initial trials generated optimism, these were quickly overshadowed by sensationalist media coverage and political backlash. Following decades of inactivity, research on compounds including 3,4-methylenedioxymethamphetamine (MDMA) has resurged, along with the media attention. Investigating this growing interest, Bender et al employed a large-language model, validated against human raters, to analyse 25 years of media articles (2000-2025), quantifying trends in sentiment towards psychedelic therapies. Findings showed a dramatic increase in coverage, with positive sentiment peaking in 2020 followed by a significant decline from 2024, coinciding with the U.S. Food and Drug Administration's decision not to approve MDMA-assisted therapy for post-traumatic stress disorder, and echoing the dynamics of the 1960s. The authors emphasise that sustained progress in the field will require reliance on scientific evidence to advance therapeutic applications.",0,"[0.9846388697624207, 0.015361135825514793]",42311156,https://pubmed.ncbi.nlm.nih.gov/42311156/,10.1192/bjo.2026.12025,"Psychedelics, the media portrayal and large-language model evaluations.",2026-06-18,"Psychedelics were used for centuries in healing and spiritual rituals, long before the mid-20th century when they became subjects of biomedical research. Although initial trials generated optimism, these were quickly overshadowed by sensationalist media coverage and political backlash. Following decades of inactivity, research on compounds including 3,4-methylenedioxymethamphetamine (MDMA) has resurged, along with the media attention. Investigating this growing interest, Bender et al employed a large-language model, validated against human raters, to analyse 25 years of media articles (2000-2025), quantifying trends in sentiment towards psychedelic therapies. Findings showed a dramatic increase in coverage, with positive sentiment peaking in 2020 followed by a significant decline from 2024, coinciding with the U.S. Food and Drug Administration's decision not to approve MDMA-assisted therapy for post-traumatic stress disorder, and echoing the dynamics of the 1960s. The authors emphasise that sustained progress in the field will require reliance on scientific evidence to advance therapeutic applications.","['History of psychiatry', 'policy', 'psychedelics', 'psychiatry and law', 'psychopharmacology']",CL. Clelland,2026
42308914,"Anxiety-related platform in zebrafish (Danio rerio) larvae: An integrated analysis of behavioural and molecular assay in drug screening research.^
Zebrafish larvae are increasingly used in behavioural pharmacology because of their translational relevance and suitability for anxiety- and stress-related studies. However, it remains unclear whether commonly used behavioural assays and molecular stress markers provide convergent evidence of anxiolytic-like drug activity. This study therefore aimed not to validate a single predictive screening platform, but to assess the concordance and interpretative value of behavioural and molecular endpoints in larval zebrafish anxiety-related drug screening. Reference compounds with established anxiolytic or antidepressant activity, including diazepam, amitriptyline, and fluoxetine, were used to anchor assay performance. TP003, a GABAergic modulator, and three serotonergic psychedelic compounds, DOI, 5-MeO-DMT, and psilocybin, were included to challenge the assays with pharmacologically diverse mechanisms relevant to stress- and anxiety-related responses. Diazepam showed the strongest cross-assay behavioural consistency compatible with an anxiolytic-like profile. However, this response was not accompanied by reduced cortisol levels or straightforward normalisation of stress-related gene expression. Amitriptyline reduced cortisol but produced only partial behavioural effects, whereas DOI affected selected behavioural preference endpoints and transcriptional markers without significantly reducing cortisol. Fluoxetine and 5-MeO-DMT altered locomotor activity in patterns requiring cautious interpretation, as reduced movement may reflect locomotor suppression or sedation rather than anxiolysis alone. These findings indicate that behavioural and molecular endpoints should not be treated as interchangeable measures of a single anxiety construct. Instead, combined behavioural and molecular assessment is most useful as a profiling framework to identify endpoint-dependent responses, detect sedative or nonspecific locomotor confounds, and support more cautious interpretation of putative anxiolytic-like effects in larval zebrafish.",0,"[0.9933736324310303, 0.006626407150179148]",42308914,https://pubmed.ncbi.nlm.nih.gov/42308914/,10.1016/j.biopha.2026.119680,Anxiety-related platform in zebrafish (Danio rerio) larvae: An integrated analysis of behavioural and molecular assay in drug screening research.,2026-06-17,"Zebrafish larvae are increasingly used in behavioural pharmacology because of their translational relevance and suitability for anxiety- and stress-related studies. However, it remains unclear whether commonly used behavioural assays and molecular stress markers provide convergent evidence of anxiolytic-like drug activity. This study therefore aimed not to validate a single predictive screening platform, but to assess the concordance and interpretative value of behavioural and molecular endpoints in larval zebrafish anxiety-related drug screening. Reference compounds with established anxiolytic or antidepressant activity, including diazepam, amitriptyline, and fluoxetine, were used to anchor assay performance. TP003, a GABAergic modulator, and three serotonergic psychedelic compounds, DOI, 5-MeO-DMT, and psilocybin, were included to challenge the assays with pharmacologically diverse mechanisms relevant to stress- and anxiety-related responses. Diazepam showed the strongest cross-assay behavioural consistency compatible with an anxiolytic-like profile. However, this response was not accompanied by reduced cortisol levels or straightforward normalisation of stress-related gene expression. Amitriptyline reduced cortisol but produced only partial behavioural effects, whereas DOI affected selected behavioural preference endpoints and transcriptional markers without significantly reducing cortisol. Fluoxetine and 5-MeO-DMT altered locomotor activity in patterns requiring cautious interpretation, as reduced movement may reflect locomotor suppression or sedation rather than anxiolysis alone. These findings indicate that behavioural and molecular endpoints should not be treated as interchangeable measures of a single anxiety construct. Instead, combined behavioural and molecular assessment is most useful as a profiling framework to identify endpoint-dependent responses, detect sedative or nonspecific locomotor confounds, and support more cautious interpretation of putative anxiolytic-like effects in larval zebrafish.","['anxiety-like behaviour', 'anxiolytic-like activity', 'behavioural pharmacology', 'cortisol', 'stress-related gene expression', 'zebrafish']","M. Potoczna, N. Kasica, M. Chmielewska-Krzesińska, J. Dybalska-Szczepanek, K. Wąsowicz, E. Sokołowska, P. Podlasz",2026
42307775,"Psilocybin's kinematic effect on manual dexterity.^
RATIONALE: Clinical interest in psilocybin-assisted rehabilitation for motor disorders is growing. However, psilocybin's motor effects are under-researched, and quantifying them is essential for assessing treatment risks and outcomes. OBJECTIVES: This study aims to clarify whether acute effects of psilocybin disrupt established patterns of manual dexterity and coordination. Specifically, we evaluate the impact of psilocybin on velocity, smoothness and kinematic manifold stability. METHODS: In a randomised, blinded trial, healthy participants received three doses of psilocybin (5-20 mg) administered one week apart. Manual dexterity was assessed using the Box and Block Test (BBT) at baseline and 1.5, 3, and 4.5 hours post-drug administration. Task performance was analysed using a Bayesian mixed-effects model. For kinematic analysis, 21 hand landmarks were tracked from video recordings obtained at baseline and 1.5 hours post-administration. Principal component analysis (PCA) was the basis for evaluating the stability and dimensionality of latent structure. RESULTS: BBT performance showed a modest biphasic dose-response pattern at higher doses (10-20 mg), with slight impairment during peak effects and slight improvement 4.5 hours post-administration relative to baseline. Effect sizes were small compared to inter-individual baseline variability. Kinematic analyses revealed no substantial changes in movement smoothness or velocity. Dimensionality metrics indicated a stable coordination structure, although finger movements showed a subtle increase in complexity. CONCLUSIONS: Low to moderate doses of psilocybin did not meaningfully disrupt manual dexterity or the latent structure of hand coordination. These findings support the feasibility of combining psilocybin administration with active motor rehabilitation.",1,"[0.0024807173758745193, 0.9975192546844482]",42307775,https://pubmed.ncbi.nlm.nih.gov/42307775/,10.1007/s00213-026-07106-8,Psilocybin's kinematic effect on manual dexterity.,2026-06-17,"RATIONALE: Clinical interest in psilocybin-assisted rehabilitation for motor disorders is growing. However, psilocybin's motor effects are under-researched, and quantifying them is essential for assessing treatment risks and outcomes. OBJECTIVES: This study aims to clarify whether acute effects of psilocybin disrupt established patterns of manual dexterity and coordination. Specifically, we evaluate the impact of psilocybin on velocity, smoothness and kinematic manifold stability. METHODS: In a randomised, blinded trial, healthy participants received three doses of psilocybin (5-20 mg) administered one week apart. Manual dexterity was assessed using the Box and Block Test (BBT) at baseline and 1.5, 3, and 4.5 hours post-drug administration. Task performance was analysed using a Bayesian mixed-effects model. For kinematic analysis, 21 hand landmarks were tracked from video recordings obtained at baseline and 1.5 hours post-administration. Principal component analysis (PCA) was the basis for evaluating the stability and dimensionality of latent structure. RESULTS: BBT performance showed a modest biphasic dose-response pattern at higher doses (10-20 mg), with slight impairment during peak effects and slight improvement 4.5 hours post-administration relative to baseline. Effect sizes were small compared to inter-individual baseline variability. Kinematic analyses revealed no substantial changes in movement smoothness or velocity. Dimensionality metrics indicated a stable coordination structure, although finger movements showed a subtle increase in complexity. CONCLUSIONS: Low to moderate doses of psilocybin did not meaningfully disrupt manual dexterity or the latent structure of hand coordination. These findings support the feasibility of combining psilocybin administration with active motor rehabilitation.","['Box and block test', 'Kinematic stability', 'Manual dexterity', 'Motor control', 'Motor function', 'PCA', 'Psilocin', 'Psilocybin']","P. Klintefors, C. Bhagavan, R. Kanaan, A. Bryson, D. Berlowitz, Z. Attard, O. Carter",2026
42307216,"Ketamine versus propofol for sedation in acute psychiatric emergencies during aeromedical retrieval: a randomized clinical trial.^
OBJECTIVES: The prevalence of psychiatric disease is increasing globally. Regional Australian communities are disproportionately affected and uniquely lacking mental health resources. Those needing inpatient psychiatric care often require aeromedical retrieval, creating safety and operational challenges. The optimal medication regimen for sedation of non-intubated patients experiencing psychiatric agitation is unclear. METHODS: We performed a prospective, single-center, open-label, phase IV randomized clinical trial (RCT) of ketamine versus propofol for the sedation of acutely agitated patients undergoing aeromedical transport. Our primary outcome of interest was a composite adverse event endpoint including airway complications (need for adjuncts, manipulation, suctioning), breathing complications (hypoxemia, hypoventilation, need for bag-valve-mask ventilation or stimulation), circulatory compromise (hypotension, need for intravenous fluid bolus), and aspiration. We evaluated clinician satisfaction as a secondary outcome, and medication efficacy as an exploratory analysis. RESULTS: Of 1,078 referrals screened for inclusion, 170 were enrolled after requiring sedation - 52% randomized to receive propofol and 48% ketamine. Most patients were young (median age 30 years), First Nations (75.9%), male (66.5%), and diagnosed with psychosis (82.4%). Adverse events were more common in the propofol group (12.4% vs. 24.7%; RR = 0.50, 95% CI (0.25-0.99); x2(1) = 4.25, p = 0.039), yet clinicians preferred propofol to ketamine (median Likert rating 4 (IQR 4,5) vs. 4 (IQR 2,4), p = 0.0007). Both medications exhibited similar efficacy at reaching the target Richmond Agitation Sedation Scale score (OR 0.73 (95%CI 0.50-1.07)). The study was stopped early due to low enrollment. CONCLUSIONS: In this RCT of 170 patients, ketamine was associated with fewer adverse events compared to propofol when used for sedation during aeromedical retrieval of patients experiencing acute psychiatric agitation. There was no significant difference in achieving the goal RASS between the two agents, however clinicians reported higher satisfaction scores with propofol.",0,"[0.972287654876709, 0.027712354436516762]",42307216,https://pubmed.ncbi.nlm.nih.gov/42307216/,10.1080/10903127.2026.2690178,Ketamine versus propofol for sedation in acute psychiatric emergencies during aeromedical retrieval: a randomized clinical trial.,2026-06-17,"OBJECTIVES: The prevalence of psychiatric disease is increasing globally. Regional Australian communities are disproportionately affected and uniquely lacking mental health resources. Those needing inpatient psychiatric care often require aeromedical retrieval, creating safety and operational challenges. The optimal medication regimen for sedation of non-intubated patients experiencing psychiatric agitation is unclear. METHODS: We performed a prospective, single-center, open-label, phase IV randomized clinical trial (RCT) of ketamine versus propofol for the sedation of acutely agitated patients undergoing aeromedical transport. Our primary outcome of interest was a composite adverse event endpoint including airway complications (need for adjuncts, manipulation, suctioning), breathing complications (hypoxemia, hypoventilation, need for bag-valve-mask ventilation or stimulation), circulatory compromise (hypotension, need for intravenous fluid bolus), and aspiration. We evaluated clinician satisfaction as a secondary outcome, and medication efficacy as an exploratory analysis. RESULTS: Of 1,078 referrals screened for inclusion, 170 were enrolled after requiring sedation - 52% randomized to receive propofol and 48% ketamine. Most patients were young (median age 30 years), First Nations (75.9%), male (66.5%), and diagnosed with psychosis (82.4%). Adverse events were more common in the propofol group (12.4% vs. 24.7%; RR = 0.50, 95% CI (0.25-0.99); x2(1) = 4.25, p = 0.039), yet clinicians preferred propofol to ketamine (median Likert rating 4 (IQR 4,5) vs. 4 (IQR 2,4), p = 0.0007). Both medications exhibited similar efficacy at reaching the target Richmond Agitation Sedation Scale score (OR 0.73 (95%CI 0.50-1.07)). The study was stopped early due to low enrollment. CONCLUSIONS: In this RCT of 170 patients, ketamine was associated with fewer adverse events compared to propofol when used for sedation during aeromedical retrieval of patients experiencing acute psychiatric agitation. There was no significant difference in achieving the goal RASS between the two agents, however clinicians reported higher satisfaction scores with propofol.","['aeromedical retrieval', 'ketamine', 'propofol', 'psychiatric emergency', 'sedation']","J. Mills, NH. George, MA. Ross, T. Wallace, P. Clark",2026
42307188,"Attitudes of Mental Healthcare Professionals Towards the Use of Psychedelics in the Treatment of Substance Use Disorders: A Systematic Review.^
Psychedelic-assisted therapy (PAT) is increasingly recognized as a potential novel treatment for substance use disorder (SUD). As evidence continues to grow, the successful implementation of this modality into clinical practice will depend significantly on the perceptions and attitudes of mental healthcare professionals. Accordingly, a systematic review was conducted to provide a comprehensive overview of the scientific literature on how professionals view the use of psychedelics for the treatment of SUD. A systematic search was performed across six databases, including PubMed, MEDLINE, PsycINFO, Academic Search Premier, CINAHL, and SocIndex. A total of six studies were identified with a total of 966 participants. Findings revealed that the majority of mental healthcare professionals hold a cautiously optimistic attitude toward PAT. Moreover, a minority expressed hesitancy and critical perspectives, citing concerns about safety, efficacy, and the practical challenges of integrating PAT into existing clinical frameworks. Finally, the results indicate that knowledge and familiarity with PAT were key predictors of a more positive outlook. Given the current limited level of knowledge among professionals, these findings underscore a significant need for targeted education and training. Addressing these barriers is essential to facilitate the effective and responsible integration of PAT into standard clinical care for SUD.",0,"[0.9831222891807556, 0.01687771826982498]",42307188,https://pubmed.ncbi.nlm.nih.gov/42307188/,10.1080/02791072.2026.2685514,Attitudes of Mental Healthcare Professionals Towards the Use of Psychedelics in the Treatment of Substance Use Disorders: A Systematic Review.,2026-06-17,"Psychedelic-assisted therapy (PAT) is increasingly recognized as a potential novel treatment for substance use disorder (SUD). As evidence continues to grow, the successful implementation of this modality into clinical practice will depend significantly on the perceptions and attitudes of mental healthcare professionals. Accordingly, a systematic review was conducted to provide a comprehensive overview of the scientific literature on how professionals view the use of psychedelics for the treatment of SUD. A systematic search was performed across six databases, including PubMed, MEDLINE, PsycINFO, Academic Search Premier, CINAHL, and SocIndex. A total of six studies were identified with a total of 966 participants. Findings revealed that the majority of mental healthcare professionals hold a cautiously optimistic attitude toward PAT. Moreover, a minority expressed hesitancy and critical perspectives, citing concerns about safety, efficacy, and the practical challenges of integrating PAT into existing clinical frameworks. Finally, the results indicate that knowledge and familiarity with PAT were key predictors of a more positive outlook. Given the current limited level of knowledge among professionals, these findings underscore a significant need for targeted education and training. Addressing these barriers is essential to facilitate the effective and responsible integration of PAT into standard clinical care for SUD.","['Psychedelics', 'addiction', 'psychedelic-assisted therapy', 'substance use disorder']","F. van Dalen, SC. Tap, SD. Venema, AFA. Schellekens, RA. Schoevers, SK. Spoelstra",2026
42307049,"Efficacy of Low-Dose Intravenous Ketamine With Spinal Anesthesia for Postoperative Pain Control in Total Knee Arthroplasty: A Randomized Clinical Trial.^
BACKGROUND: The efficacy of low-dose intravenous (IV) ketamine as an adjunct analgesic to spinal anesthesia in total knee arthroplasty (TKA) remains uncertain. This study aims to assess ketamine's impact on postoperative pain level and opioid consumption. METHODS: In a randomized, triple-blind, placebo-controlled trial conducted at Shariati Hospital, Tehran, Iran, 65 patients undergoing unilateral TKA were assigned to receive either 0.5 mg/kg IV ketamine or saline. The primary outcome was cumulative opioid consumption in the first 24 h. Secondary outcomes were visual analog scale (VAS) pain scores at 2, 6, 12, and 24 h and at 2 and 6 weeks, knee range of motion at discharge, operative time, length of stay, and adverse effects. RESULTS: Median 0- to 24-h opioid use was similar (ketamine 10 [range 10-17.5] vs. placebo 10 [range 10-15] morphine milligram equivalents [MME]; p = 1.00). VAS scores were numerically lower with ketamine at all time points, but no comparison remained significant after adjustment for multiple comparisons, and there was no time × treatment interaction. No significant differences were observed in other secondary outcomes, including knee flexion and extension, operative time, and length of stay. Side effects were minimal and comparable between groups. CONCLUSIONS: Low-dose IV ketamine shows no measurable analgesic benefits in the long term, and it does not significantly reduce pain or opioid use after TKA within a multimodal pain protocol. Further research is needed to explore various analgesia strategies and follow-up durations to optimize pain management. TRIAL REGISTRATION: Iranian Registry of Clinical Trials: IRCT20220315054298N1.",1,"[0.05186357721686363, 0.9481364488601685]",42307049,https://pubmed.ncbi.nlm.nih.gov/42307049/,10.1155/prm/8176907,Efficacy of Low-Dose Intravenous Ketamine With Spinal Anesthesia for Postoperative Pain Control in Total Knee Arthroplasty: A Randomized Clinical Trial.,2026-01-01,"BACKGROUND: The efficacy of low-dose intravenous (IV) ketamine as an adjunct analgesic to spinal anesthesia in total knee arthroplasty (TKA) remains uncertain. This study aims to assess ketamine's impact on postoperative pain level and opioid consumption. METHODS: In a randomized, triple-blind, placebo-controlled trial conducted at Shariati Hospital, Tehran, Iran, 65 patients undergoing unilateral TKA were assigned to receive either 0.5 mg/kg IV ketamine or saline. The primary outcome was cumulative opioid consumption in the first 24 h. Secondary outcomes were visual analog scale (VAS) pain scores at 2, 6, 12, and 24 h and at 2 and 6 weeks, knee range of motion at discharge, operative time, length of stay, and adverse effects. RESULTS: Median 0- to 24-h opioid use was similar (ketamine 10 [range 10-17.5] vs. placebo 10 [range 10-15] morphine milligram equivalents [MME]; p = 1.00). VAS scores were numerically lower with ketamine at all time points, but no comparison remained significant after adjustment for multiple comparisons, and there was no time × treatment interaction. No significant differences were observed in other secondary outcomes, including knee flexion and extension, operative time, and length of stay. Side effects were minimal and comparable between groups. CONCLUSIONS: Low-dose IV ketamine shows no measurable analgesic benefits in the long term, and it does not significantly reduce pain or opioid use after TKA within a multimodal pain protocol. Further research is needed to explore various analgesia strategies and follow-up durations to optimize pain management. TRIAL REGISTRATION: Iranian Registry of Clinical Trials: IRCT20220315054298N1.","['ketamine', 'postoperative pain', 'spinal anesthesia', 'total knee arthroplasty']","AS. Vaziri, S. Javidmehr, A. Arvin, A. Heroabadi, F. Vosoughi, S. Keyhani, M. Salimi, MS. Yekaninejad, H. Zolghadr, SR. Hosseini",2026
42304595,"Expectations and Motivations for Participation in Clinical Trials Utilizing Psychedelics for Treatment-Resistant Depression: A Qualitative Study.^
PURPOSE: Expectations strongly shape participant experiences in clinical trials, contributing to placebo effects that complicate interpretation of outcomes. While quantitative tools exist to measure expectations, their subjective and multidimensional nature, especially for individuals with treatment-resistant depression (TRD), remains underexplored. This study aimed to explore the motivations and expectations of participants in psychedelic clinical trials. METHOD: Seventeen semi-structured interviews were conducted with individuals prior to screening for two TRD clinical trials involving 5-MeO-DMT or psilocybin at a German university hospital. Two matched follow-up interviews were also completed after trial participation. Data were analyzed thematically to identify overarching themes and subthemes. FINDINGS: Two main themes emerged: motivations and expectations, each with four subthemes. Motivations included hope, demoralization, prior psychedelic experience, and social motivation. Expectations involved anticipated symptom reduction, perceived mechanisms of change during the psychedelic experience, the role of setting, and retrospective expectations. Many participants viewed trial participation as a last resort due to chronic illness and previous treatment failures. In two cases, retrospective accounts suggested that initially cautious expectations were reinterpreted as stronger after participation. CONCLUSION: Expectations in psychedelic trials are complex and may evolve over time. These findings highlight the need to systematically address expectancy in trial design, informed consent, and interpretation of clinical outcomes, particularly in treatment-resistant populations.",1,"[0.015465679578483105, 0.9845342636108398]",42304595,https://pubmed.ncbi.nlm.nih.gov/42304595/,10.1002/brb3.71544,Expectations and Motivations for Participation in Clinical Trials Utilizing Psychedelics for Treatment-Resistant Depression: A Qualitative Study.,2026-06-01,"PURPOSE: Expectations strongly shape participant experiences in clinical trials, contributing to placebo effects that complicate interpretation of outcomes. While quantitative tools exist to measure expectations, their subjective and multidimensional nature, especially for individuals with treatment-resistant depression (TRD), remains underexplored. This study aimed to explore the motivations and expectations of participants in psychedelic clinical trials. METHOD: Seventeen semi-structured interviews were conducted with individuals prior to screening for two TRD clinical trials involving 5-MeO-DMT or psilocybin at a German university hospital. Two matched follow-up interviews were also completed after trial participation. Data were analyzed thematically to identify overarching themes and subthemes. FINDINGS: Two main themes emerged: motivations and expectations, each with four subthemes. Motivations included hope, demoralization, prior psychedelic experience, and social motivation. Expectations involved anticipated symptom reduction, perceived mechanisms of change during the psychedelic experience, the role of setting, and retrospective expectations. Many participants viewed trial participation as a last resort due to chronic illness and previous treatment failures. In two cases, retrospective accounts suggested that initially cautious expectations were reinterpreted as stronger after participation. CONCLUSION: Expectations in psychedelic trials are complex and may evolve over time. These findings highlight the need to systematically address expectancy in trial design, informed consent, and interpretation of clinical outcomes, particularly in treatment-resistant populations.","['clinical trials', 'expectations', 'motivation', 'psychedelic treatments']","C. Poppe, L. Lyck, L. Bechtold, D. Repantis",2026
42303077,"The claustrum as a central hub for reward and threat processing.^
The claustrum (CLA) complex is composed of the CLA and the dorsal endopiriform nucleus. The CLA is a small, evolutionarily conserved brain structure situated between the striatum and insular cortex. Although the CLA is present in nearly all mammals, its precise anatomical delineation, particularly in rodents, remains poorly defined due to unclear boundaries with adjacent cortical regions. Interest in the CLA has augmented following the influential hypothesis proposed by Crick and Koch regarding its potential involvement in consciousness. Over the past two decades, accumulating evidence has implicated the CLA in a range of neural processes, including cortical information processing, sensory integration, anesthesia, regulation of sleep-wake cycles, and hallucinogenic effects. Notably, recent findings suggest that the CLA plays an important role in modulating both reward (appetitive) and threat (aversive) responses, two fundamental and antagonistic systems essential for organismal survival. For instance, the CLA may contribute to drug reward-related behaviors as well as threat conditioning and defensive responses. This review summarizes current anatomical and functional insights into the CLA and introduces a conceptual framework for understanding its contributions to reward and threat processing. We further review recent advances regarding the role of the CLA in regulating these processes and their relevance to psychiatric disorders such as drug addiction and post-traumatic stress disorder (PTSD). Finally, we outline several scientific questions for future research in this domain. In summary, despite a limited understanding of CLA function and circuitry in the context of reward and threat processing, existing data support the CLA's involvement in mediating related behaviors and associated psychiatric disorders.",0,"[0.9941415190696716, 0.005858457647264004]",42303077,https://pubmed.ncbi.nlm.nih.gov/42303077/,10.1016/j.pnpbp.2026.111787,The claustrum as a central hub for reward and threat processing.,2026-06-16,"The claustrum (CLA) complex is composed of the CLA and the dorsal endopiriform nucleus. The CLA is a small, evolutionarily conserved brain structure situated between the striatum and insular cortex. Although the CLA is present in nearly all mammals, its precise anatomical delineation, particularly in rodents, remains poorly defined due to unclear boundaries with adjacent cortical regions. Interest in the CLA has augmented following the influential hypothesis proposed by Crick and Koch regarding its potential involvement in consciousness. Over the past two decades, accumulating evidence has implicated the CLA in a range of neural processes, including cortical information processing, sensory integration, anesthesia, regulation of sleep-wake cycles, and hallucinogenic effects. Notably, recent findings suggest that the CLA plays an important role in modulating both reward (appetitive) and threat (aversive) responses, two fundamental and antagonistic systems essential for organismal survival. For instance, the CLA may contribute to drug reward-related behaviors as well as threat conditioning and defensive responses. This review summarizes current anatomical and functional insights into the CLA and introduces a conceptual framework for understanding its contributions to reward and threat processing. We further review recent advances regarding the role of the CLA in regulating these processes and their relevance to psychiatric disorders such as drug addiction and post-traumatic stress disorder (PTSD). Finally, we outline several scientific questions for future research in this domain. In summary, despite a limited understanding of CLA function and circuitry in the context of reward and threat processing, existing data support the CLA's involvement in mediating related behaviors and associated psychiatric disorders.","['Claustrum', 'Drug addiction', 'PTSD', 'Reward', 'Threat']","L. Chen, H. Yang, J. Ge, J. Liu",2026
42302281,"IARS Emery Brown Award 2026: Anesthetics and Serotonergic Psychedelics May Promote Therapeutic Neuroplasticity by Destabilizing Pathological Neuronal Circuitry.^
",0,"[0.9722622632980347, 0.027737721800804138]",42302281,https://pubmed.ncbi.nlm.nih.gov/42302281/,10.1213/ANE.0000000000008168,IARS Emery Brown Award 2026: Anesthetics and Serotonergic Psychedelics May Promote Therapeutic Neuroplasticity by Destabilizing Pathological Neuronal Circuitry.,2026-06-16,,[],J. Cichon,2026
42301163,"Hallucinogen-Assisted Psychotherapy for Trauma Disorders: A Bionian Lens.^
There has been an increasing interest in the use of classic psychedelics (such as psilocybin) and 3,4-methylenedioxymethamphetamine (MDMA) for treating mental health conditions. Individuals often describe psychedelic sessions as among the most significant experiences in their lives, emphasizing the sense of awe, connectedness, and spiritual transformation taking place. While the psychedelic literature from the past two decades has mostly focused on using these drugs in the treatment of major depressive, anxiety, and substance use disorders, researchers have also investigated the utility of classic psychedelics and MDMA for other conditions, including trauma- and stressor-related disorders. Trauma can profoundly affect biological systems, including stress hormone pathways and neural circuitry, often leading to hyperarousal and rigid cognitions. In this article, we discuss how some of the concepts posited by Wilfred Bion can be applied to neurobiological models of the mind and to the effects of these drugs. Relevant concepts from neurodevelopment are presented first, including how key areas can be significantly affected by early adversity. This is followed by a discussion of Bion's theory of containment and of how the K link (K denoting knowledge) is developed or disrupted, depending on one's experience. Finally, we present extant literature on the use of MDMA and classic psychedelics in trauma disorders, reflecting on how a Bionian lens can enrich our understanding of their therapeutic action.",0,"[0.9950653910636902, 0.004934652708470821]",42301163,https://pubmed.ncbi.nlm.nih.gov/42301163/,10.1521/pdps.2026.54.2.308,Hallucinogen-Assisted Psychotherapy for Trauma Disorders: A Bionian Lens.,2026-06-01,"There has been an increasing interest in the use of classic psychedelics (such as psilocybin) and 3,4-methylenedioxymethamphetamine (MDMA) for treating mental health conditions. Individuals often describe psychedelic sessions as among the most significant experiences in their lives, emphasizing the sense of awe, connectedness, and spiritual transformation taking place. While the psychedelic literature from the past two decades has mostly focused on using these drugs in the treatment of major depressive, anxiety, and substance use disorders, researchers have also investigated the utility of classic psychedelics and MDMA for other conditions, including trauma- and stressor-related disorders. Trauma can profoundly affect biological systems, including stress hormone pathways and neural circuitry, often leading to hyperarousal and rigid cognitions. In this article, we discuss how some of the concepts posited by Wilfred Bion can be applied to neurobiological models of the mind and to the effects of these drugs. Relevant concepts from neurodevelopment are presented first, including how key areas can be significantly affected by early adversity. This is followed by a discussion of Bion's theory of containment and of how the K link (K denoting knowledge) is developed or disrupted, depending on one's experience. Finally, we present extant literature on the use of MDMA and classic psychedelics in trauma disorders, reflecting on how a Bionian lens can enrich our understanding of their therapeutic action.","['Wilfred Bion', 'object relations', 'psychedelics', 'psychoanalysis', 'psychotherapy']","CWT. Miller, Z. Kozak",2026
42301162,"The Neurobiology of Trauma: Guest Editors' Introduction.^
The articles included in this Special Issue of Psychodynamic Psychiatry focus on the neuroscience of intrapsychic trauma. Understanding the brain basis of trauma allows for more informed therapeutic decisions-both biological and psychodynamic. Just as there is no one cause of mental disorders, there is no one treatment. Furthermore, the neuroscience of trauma is early in its development as a discipline. This editorial highlights important aspects of trauma and current knowledge in relationship to the brain and behavior. A variety of approaches to this topic may be found in the articles included in this Special Issue.",0,"[0.9897863864898682, 0.01021365262567997]",42301162,https://pubmed.ncbi.nlm.nih.gov/42301162/,10.1521/pdps.2026.54.2.183,The Neurobiology of Trauma: Guest Editors' Introduction.,2026-06-01,"The articles included in this Special Issue of Psychodynamic Psychiatry focus on the neuroscience of intrapsychic trauma. Understanding the brain basis of trauma allows for more informed therapeutic decisions-both biological and psychodynamic. Just as there is no one cause of mental disorders, there is no one treatment. Furthermore, the neuroscience of trauma is early in its development as a discipline. This editorial highlights important aspects of trauma and current knowledge in relationship to the brain and behavior. A variety of approaches to this topic may be found in the articles included in this Special Issue.","['addiction', 'adverse childhood experience', 'default mode network', 'posttraumatic stress disorder', 'psychedelics', 'trauma']","J. Chambers, R. Brockman",2026
42301160,"Psychodynamic Perspectives on Psychedelic States and Treatment Contexts: A Conceptual and Clinical Introduction.^
Recent clinical trials have suggested the safety and efficacy of psychedelic therapy for treatment-resistant depression, posttraumatic stress disorder, addiction, and end-of-life distress. While neurobiological mechanisms such as 5-HT2A receptor activation, increased neural entropy, and default mode network modulation have been well-characterized, significantly less attention has been given to the emergence of unconscious material within psychedelic states. This article introduces a psychodynamically informed framework for understanding and working with such material in clinical contexts. Drawing on psychoanalytic theory, we explore how psychedelic compounds may facilitate access to preverbal, dissociated, and developmentally embedded psychic content, often expressed through somatic experience, symbolic imagery, and unconstrained affect. Using the four standard phases of psychedelic screening, preparation, psychedelic treatment session, and follow-up or integration, we present a structured psychodynamic lens, integrating conceptual theory with illustrative clinical vignettes. These fictional composites, informed by publicly funded clinical research programs, highlight how unspoken experience, affective intensity, and shifts in psychic structure may unfold within the psychedelic experience. We argue that consideration of unconscious communication, symbolic processes, and defensive functioning can foster greater clinical depth. This article advances the position that psychoanalytic models, though underrepresented in current psychedelic research, offer valuable tools for conceptualizing mechanisms of change beyond symptom reduction. As psychedelic treatments approach regulatory approval and broader clinical use, such perspectives may play an important role in future research, training, supervision, and individualized care models.",0,"[0.9933788776397705, 0.00662107253447175]",42301160,https://pubmed.ncbi.nlm.nih.gov/42301160/,10.1521/pdps.2026.54.2.338,Psychodynamic Perspectives on Psychedelic States and Treatment Contexts: A Conceptual and Clinical Introduction.,2026-06-01,"Recent clinical trials have suggested the safety and efficacy of psychedelic therapy for treatment-resistant depression, posttraumatic stress disorder, addiction, and end-of-life distress. While neurobiological mechanisms such as 5-HT2A receptor activation, increased neural entropy, and default mode network modulation have been well-characterized, significantly less attention has been given to the emergence of unconscious material within psychedelic states. This article introduces a psychodynamically informed framework for understanding and working with such material in clinical contexts. Drawing on psychoanalytic theory, we explore how psychedelic compounds may facilitate access to preverbal, dissociated, and developmentally embedded psychic content, often expressed through somatic experience, symbolic imagery, and unconstrained affect. Using the four standard phases of psychedelic screening, preparation, psychedelic treatment session, and follow-up or integration, we present a structured psychodynamic lens, integrating conceptual theory with illustrative clinical vignettes. These fictional composites, informed by publicly funded clinical research programs, highlight how unspoken experience, affective intensity, and shifts in psychic structure may unfold within the psychedelic experience. We argue that consideration of unconscious communication, symbolic processes, and defensive functioning can foster greater clinical depth. This article advances the position that psychoanalytic models, though underrepresented in current psychedelic research, offer valuable tools for conceptualizing mechanisms of change beyond symptom reduction. As psychedelic treatments approach regulatory approval and broader clinical use, such perspectives may play an important role in future research, training, supervision, and individualized care models.","['MDMA-assisted therapy', 'altered states of consciousness', 'classical psychedelics', 'psychedelic treatment', 'psychodynamic psychiatry', 'unconscious mental processes']","NL. Modlin, Z. Elek, C. Maggio, M. Agrawal, L. Lepow, J. Rucker, J. Stubley, J. Guss",2026
42300589,"Ten practical suggestions for setting up a psychedelic study.^
The therapeutic potential of psychedelics is currently being explored in a range of neuropsychiatric conditions. Nevertheless, their designation as Schedule 1 substances causes substantial regulatory and economic barriers to research. Rigorous human mechanistic studies are required to address the critical knowledge gaps surrounding the mechanisms underlying the putative treatment effects of psychedelics. This article presents practical guidance for navigating challenges relating to study design, legislation, and drug sourcing, to assist researchers in navigating the complex process of setting up human psychedelic studies, drawing on our experience of setting up non-clinical studies in the United Kingdom, while acknowledging that some of the content will be relevant for investigator-initiated studies more broadly.",0,"[0.9906512498855591, 0.009348778054118156]",42300589,https://pubmed.ncbi.nlm.nih.gov/42300589/,10.1177/02698811261458350,Ten practical suggestions for setting up a psychedelic study.,2026-06-16,"The therapeutic potential of psychedelics is currently being explored in a range of neuropsychiatric conditions. Nevertheless, their designation as Schedule 1 substances causes substantial regulatory and economic barriers to research. Rigorous human mechanistic studies are required to address the critical knowledge gaps surrounding the mechanisms underlying the putative treatment effects of psychedelics. This article presents practical guidance for navigating challenges relating to study design, legislation, and drug sourcing, to assist researchers in navigating the complex process of setting up human psychedelic studies, drawing on our experience of setting up non-clinical studies in the United Kingdom, while acknowledging that some of the content will be relevant for investigator-initiated studies more broadly.","['Schedule 1', 'mechanistic study', 'non-CTIMP', 'psychedelic', 'study design']","A. Caulfield, M. Butler, MA. Mehta",2026
42300484,"Engineering fluorine and nitrogen co-doped magnetic organic polymers to enrich and detect amphetamine-type stimulants.^
The development of sensitive, accurate methods for detecting amphetamine-type stimulants (ATSs) has become increasingly urgent, driven by the pressing need to protect human health and environmental safety. However, achieving efficient, selective detection in complex sample matrices remains a major analytical challenge. Magnetic solid-phase extraction (MSPE) offers notable advantages over conventional methods (e.g., LLE, SPE, and DLLME), including shorter extraction times, simpler procedures, and more rapid separation. In this study, a double-shell Fe3O4@SiO2@5F composite was developed via the deposition of a fluorine- and nitrogen-doped polymer onto Fe3O4@SiO2. The characterization confirmed the successful preparation of the coating and showed that the composite material has an adsorption capacity superior to that of traditional materials. An MRM-based GC-MS/MS method was established, for the enrichment and quantification of six ATSs, including AMP, MATM, PEA, MDA, MDMA and MDEA. This method exhibits good recoveries, with linear correlation coefficients (R2) ranging from 0.9974 to 0.9999. The limits of detection (LODs) and quantification (LOQs) were 0.66-1.11 ng mL-1 and 1.98-3.30 ng mL-1, respectively. The adsorption mechanism, explored through theoretical calculations, was consistent with experimental data: kinetics followed the pseudo-second-order (PSO) model, while isotherms followed the Langmuir model. Furthermore, density functional theory (DFT) calculations demonstrated that the adsorption process was synergistically driven by π-π, C-H⋯π, and hydrogen-bonding interactions. The composite demonstrated excellent stability across eight consecutive extraction-desorption cycles. Moreover, its successful use in real environmental water and biological samples confirmed its practical value. This study underscores the significant potential of the developed composite for the reliable monitoring and screening of trace drugs.",0,"[0.9848431348800659, 0.015156935900449753]",42300484,https://pubmed.ncbi.nlm.nih.gov/42300484/,10.1039/d6ay00338a,Engineering fluorine and nitrogen co-doped magnetic organic polymers to enrich and detect amphetamine-type stimulants.,2026-06-10,"The development of sensitive, accurate methods for detecting amphetamine-type stimulants (ATSs) has become increasingly urgent, driven by the pressing need to protect human health and environmental safety. However, achieving efficient, selective detection in complex sample matrices remains a major analytical challenge. Magnetic solid-phase extraction (MSPE) offers notable advantages over conventional methods (e.g., LLE, SPE, and DLLME), including shorter extraction times, simpler procedures, and more rapid separation. In this study, a double-shell Fe3O4@SiO2@5F composite was developed via the deposition of a fluorine- and nitrogen-doped polymer onto Fe3O4@SiO2. The characterization confirmed the successful preparation of the coating and showed that the composite material has an adsorption capacity superior to that of traditional materials. An MRM-based GC-MS/MS method was established, for the enrichment and quantification of six ATSs, including AMP, MATM, PEA, MDA, MDMA and MDEA. This method exhibits good recoveries, with linear correlation coefficients (R2) ranging from 0.9974 to 0.9999. The limits of detection (LODs) and quantification (LOQs) were 0.66-1.11 ng mL-1 and 1.98-3.30 ng mL-1, respectively. The adsorption mechanism, explored through theoretical calculations, was consistent with experimental data: kinetics followed the pseudo-second-order (PSO) model, while isotherms followed the Langmuir model. Furthermore, density functional theory (DFT) calculations demonstrated that the adsorption process was synergistically driven by π-π, C-H⋯π, and hydrogen-bonding interactions. The composite demonstrated excellent stability across eight consecutive extraction-desorption cycles. Moreover, its successful use in real environmental water and biological samples confirmed its practical value. This study underscores the significant potential of the developed composite for the reliable monitoring and screening of trace drugs.",[],"M. Juanjuan, L. Zhaozhou, N. Huawei, Z. Wenfen",2026
42300394,"MFCC-DFT mapping of ligand recognition at the 5-HT2A receptor: energetic analysis of the interactions between serotonin, psychedelics, and antipsychotics.^
Mental disorders represent a major global health problem, with depression being one of the most prevalent and disabling conditions worldwide. Growing evidence suggests that the serotonergic system, particularly the 5-HT2A receptor, plays an important role in modulating mood and cognitive processes, constituting a key pharmacological target for several psychoactive compounds. In this study, we investigated the molecular interaction profile between the 5-HT2A receptor and four pharmacologically relevant ligands, serotonin (5-HT), psilocybin/psilocin (PSILO), lysergic acid diethylamide (LSD), and lumateperone (LMTP). Interaction energies were evaluated using the molecular fragmentation with conjugated caps (MFCC) method combined with density functional theory (DFT) calculations. Crystallographic structures were used as initial models, and residue-level interaction energies were calculated to identify the amino acids that contribute most to ligand stabilization at the receptor binding site. The results reveal that the complexes exhibit total interaction energies ranging from -35.38 to -71.98 kcal mol-1 under dielectric conditions representative of the protein environment. Key residues such as Asp155, Phe339, Leu229, and Val366 were identified as the main contributors to ligand stabilization in the studied systems, highlighting their role as structural anchors within the orthosteric binding pocket. Energy decomposition further revealed distinct interaction patterns associated with different regions of the ligand. Therefore, this study provides a detailed energetic characterization of ligand recognition in the 5-HT2A receptor and offers details that may contribute to the rational design of new serotonergic agents with potential for therapeutic applications.",0,"[0.988856852054596, 0.01114313118159771]",42300394,https://pubmed.ncbi.nlm.nih.gov/42300394/,10.1039/d6cp00943c,"MFCC-DFT mapping of ligand recognition at the 5-HT2A receptor: energetic analysis of the interactions between serotonin, psychedelics, and antipsychotics.",2026-07-01,"Mental disorders represent a major global health problem, with depression being one of the most prevalent and disabling conditions worldwide. Growing evidence suggests that the serotonergic system, particularly the 5-HT2A receptor, plays an important role in modulating mood and cognitive processes, constituting a key pharmacological target for several psychoactive compounds. In this study, we investigated the molecular interaction profile between the 5-HT2A receptor and four pharmacologically relevant ligands, serotonin (5-HT), psilocybin/psilocin (PSILO), lysergic acid diethylamide (LSD), and lumateperone (LMTP). Interaction energies were evaluated using the molecular fragmentation with conjugated caps (MFCC) method combined with density functional theory (DFT) calculations. Crystallographic structures were used as initial models, and residue-level interaction energies were calculated to identify the amino acids that contribute most to ligand stabilization at the receptor binding site. The results reveal that the complexes exhibit total interaction energies ranging from -35.38 to -71.98 kcal mol-1 under dielectric conditions representative of the protein environment. Key residues such as Asp155, Phe339, Leu229, and Val366 were identified as the main contributors to ligand stabilization in the studied systems, highlighting their role as structural anchors within the orthosteric binding pocket. Energy decomposition further revealed distinct interaction patterns associated with different regions of the ligand. Therefore, this study provides a detailed energetic characterization of ligand recognition in the 5-HT2A receptor and offers details that may contribute to the rational design of new serotonergic agents with potential for therapeutic applications.",[],"WSC. Junior, KS. Bezerra, EGC. Matias, JIN. Oliveira, UL. Fulco",2026
42299720,"Psychedelic Therapy: A Primer for Primary Care Clinicians-Mescaline.^
BACKGROUND: Mescaline (3,4,5-trimethoxyphenethylamine) is a classic serotonergic psychedelic with a history of indigenous ceremonial use. There is renewed scientific interest in mescaline because of the potential psychiatric benefits of psychedelic-assisted therapy. Mescaline primarily exerts its psychoactive effects through serotonin-2A (5-HT 2A ) receptor agonism. AREAS OF UNCERTAINTY: There is a lack of controlled clinical trials evaluating mescaline in patient populations, and most modern safety data are derived from healthy volunteers. Consequently, its safety in individuals with cardiovascular, metabolic, or psychiatric comorbidities remains unclear. Additional uncertainty exists regarding its psychological risks, long duration of action, and long-term safety in therapeutic settings. THERAPEUTIC ADVANCES: Randomized, placebo-controlled studies in healthy participants demonstrate that mescaline produces dose-dependent subjective effects with moderate, transient autonomic stimulation and no serious medical complications under controlled conditions. Adverse effects are generally self-limited, and pooled safety analyses and observational data support an overall favorable safety profile in screened human populations. CONCLUSION: Mescaline shows preliminary safety in healthy humans but remains understudied in clinical populations. Controlled clinical trials are needed to establish its safety and therapeutic potential.",0,"[0.9891970753669739, 0.010802906937897205]",42299720,https://pubmed.ncbi.nlm.nih.gov/42299720/,10.1097/MJT.0000000000002160,Psychedelic Therapy: A Primer for Primary Care Clinicians-Mescaline.,2026-06-17,"BACKGROUND: Mescaline (3,4,5-trimethoxyphenethylamine) is a classic serotonergic psychedelic with a history of indigenous ceremonial use. There is renewed scientific interest in mescaline because of the potential psychiatric benefits of psychedelic-assisted therapy. Mescaline primarily exerts its psychoactive effects through serotonin-2A (5-HT 2A ) receptor agonism. AREAS OF UNCERTAINTY: There is a lack of controlled clinical trials evaluating mescaline in patient populations, and most modern safety data are derived from healthy volunteers. Consequently, its safety in individuals with cardiovascular, metabolic, or psychiatric comorbidities remains unclear. Additional uncertainty exists regarding its psychological risks, long duration of action, and long-term safety in therapeutic settings. THERAPEUTIC ADVANCES: Randomized, placebo-controlled studies in healthy participants demonstrate that mescaline produces dose-dependent subjective effects with moderate, transient autonomic stimulation and no serious medical complications under controlled conditions. Adverse effects are generally self-limited, and pooled safety analyses and observational data support an overall favorable safety profile in screened human populations. CONCLUSION: Mescaline shows preliminary safety in healthy humans but remains understudied in clinical populations. Controlled clinical trials are needed to establish its safety and therapeutic potential.","['mescaline', 'psychedelics', 'serotonin']","BJ. Tabaac, K. Shinozuka, M. Fadel, G. Jones, J. Worchel, OS. Muir",2026
42299469,"MDMA-induced CYP2D6 inhibition: concentration-dependent variability using dextromethorphan as a probe.^
OBJECTIVES: Ecstasy is commonly abused due to entactogenic effects. Although our previous studies on isolated perfused rat model confirmed inhibition of CYP2D6 by MDMA, the time for enzyme recovery was different when mirtazapine and tramadol were used as substrates. Therefore, present study intended to investigate CYP2D6 inhibition by MDMA using dextromethorphan as a well-known probe. Two different concentrations of dextromethorphan were used at therapeutic and saturated level to clarify observations. METHODS: Thirty-two rats were divided into two groups (dextromethorphan concentration: 2 µM or 300 µM). Each group was divided into four subgroups. Except for control, three treatment subgroups received a single dose of MDMA (1 mg/kg) 1 h, 1 week, and 1 month before liver perfusion, respectively. RESULTS: Mean metabolic ratio using therapeutic dextromethorphan concentration showed a statistically significant decrease only in the 1-hour group compared to control. The results of the mean metabolic ratio using the saturated concentration showed a reduction in all treatment groups (p-value<0.05). CONCLUSIONS: It can be concluded that the isoenzyme behavior can be completely different using therapeutic vs. saturated probe concentrations. The best explanation for the duality observed in metabolic behavior seems to be the dependence of the metabolite on enzymatic pathway.",0,"[0.9731462001800537, 0.02685382589697838]",42299469,https://pubmed.ncbi.nlm.nih.gov/42299469/,10.1515/dmpt-2025-0029,MDMA-induced CYP2D6 inhibition: concentration-dependent variability using dextromethorphan as a probe.,2026-06-17,"OBJECTIVES: Ecstasy is commonly abused due to entactogenic effects. Although our previous studies on isolated perfused rat model confirmed inhibition of CYP2D6 by MDMA, the time for enzyme recovery was different when mirtazapine and tramadol were used as substrates. Therefore, present study intended to investigate CYP2D6 inhibition by MDMA using dextromethorphan as a well-known probe. Two different concentrations of dextromethorphan were used at therapeutic and saturated level to clarify observations. METHODS: Thirty-two rats were divided into two groups (dextromethorphan concentration: 2 µM or 300 µM). Each group was divided into four subgroups. Except for control, three treatment subgroups received a single dose of MDMA (1 mg/kg) 1 h, 1 week, and 1 month before liver perfusion, respectively. RESULTS: Mean metabolic ratio using therapeutic dextromethorphan concentration showed a statistically significant decrease only in the 1-hour group compared to control. The results of the mean metabolic ratio using the saturated concentration showed a reduction in all treatment groups (p-value<0.05). CONCLUSIONS: It can be concluded that the isoenzyme behavior can be completely different using therapeutic vs. saturated probe concentrations. The best explanation for the duality observed in metabolic behavior seems to be the dependence of the metabolite on enzymatic pathway.","['dextromethorphan', 'ecstasy', 'isolated perfused rat liver', 'metabolism', 'mirtazapine', 'tramadol']","F. Ahmadi, H. Lavasani, M. Keshvadi, Y. Daali, M. Rouini, S. Jamshidfar, YH. Ardakani",2026
42296474,"Music Playlist Use in Clinical Trials of Psychedelic Assisted Psychotherapy: A Systematic Review.^
Recent studies have shown promising results for psychedelics in the treatment of psychiatric disorders. Both in clinical and recreational settings, contextual elements, such as music, can influence the experience of users and may be linked to positive outcomes. This systematic review identifies how music is being selected and used in psychedelisc-assisted psychotherapy (PAP). The search adopted PRISMA criteria and was conducted using PubMed, PsycNet, Web of Science, Scopus and Cochrane as databases. The use of music in PAP was compared, considering aspects such as the creation of a playlist, playlist features and characteristics of the setting. A total of 36 articles were found, with 25 articles mentioning the use of music, predominantly addressing depressive disorders and post-traumatic stress disorder using psilocybin and 3,4-methylenedioxymethamphetamine (MDMA). There was considerable variation in terms of procedures, mostly because studies explored different disorders and substances, but also because there was no standardized protocol regarding music. Understanding which aspects are being privileged when choosing music for use in PAP may orient future clinical and research efforts.",0,"[0.9796704053878784, 0.020329589024186134]",42296474,https://pubmed.ncbi.nlm.nih.gov/42296474/,10.1002/jclp.70167,Music Playlist Use in Clinical Trials of Psychedelic Assisted Psychotherapy: A Systematic Review.,2026-06-15,"Recent studies have shown promising results for psychedelics in the treatment of psychiatric disorders. Both in clinical and recreational settings, contextual elements, such as music, can influence the experience of users and may be linked to positive outcomes. This systematic review identifies how music is being selected and used in psychedelisc-assisted psychotherapy (PAP). The search adopted PRISMA criteria and was conducted using PubMed, PsycNet, Web of Science, Scopus and Cochrane as databases. The use of music in PAP was compared, considering aspects such as the creation of a playlist, playlist features and characteristics of the setting. A total of 36 articles were found, with 25 articles mentioning the use of music, predominantly addressing depressive disorders and post-traumatic stress disorder using psilocybin and 3,4-methylenedioxymethamphetamine (MDMA). There was considerable variation in terms of procedures, mostly because studies explored different disorders and substances, but also because there was no standardized protocol regarding music. Understanding which aspects are being privileged when choosing music for use in PAP may orient future clinical and research efforts.","['music', 'playlist', 'psychedelics', 'psychedelic‐assisted psychotherapy']","L. Cruz, FR. Beserra, JMK. Freind, SE. Rodrigues, DC. Mograbi",2026
42296389,"Development and application of a simplified, quantitative method for 30+ New Psychoactive Substances in hair.^
The rapid emergence of novel psychoactive substances (NPS) poses a significant challenge for forensic toxicology and public health. While blood and urine enable rapid detection for early warning systems, long-term monitoring is essential for retrospective exposure assessment and temporal trend analysis. In this context, hair represents a valuable biological matrix; however, multi-class NPS determination remains difficult due to their chemical diversity and typically low concentrations. In this work, we targeted 12 synthetic opioids, 8 synthetic cathinones, 3 dissociatives, 3 designer benzodiazepines, 3 hallucinogens, and 2 synthetic cannabinoids. Sample preparation included a three-step wash procedure (water, methanol, and ethyl acetate), followed by simultaneous pulverization and methanolic extraction of 20 mg of hair, using an Omni Ruptor bead-mill homogenizer (10 cycles, 40 s at 4.5 m/s with dwell periods; total time ∼43 min). After centrifugation (5000 rpm, 10 min), extracts were evaporated under nitrogen stream at 40°C (20 psi) and reconstituted in 100 µl of 90:10 (v/v) water/acetonitrile, both containing 0.1% formic acid, followed by filtration. Chromatographic separation was achieved by liquid chromatography on a Kinetex C18 column (100 × 2.1 mm, 1.7 µm) using gradient elution with a total runtime of 10 min. Identification and quantitation were performed by tandem mass spectrometry in positive electrospray ionization using multiple reaction monitoring with quantifier and qualifier transitions. The method was validated according to ANSI/ASB Standard 036. Linearity was demonstrated from 5 to 500 pg/mg. Intra- and inter-day precision were <20% and bias within ±20% for most analytes, with no significant carryover or interferences observed. Matrix effects were observed but consistent across analytes, allowing reliable quantitation. Application to authentic hair samples from electronic music festival attendees in Europe and Brazil confirmed the presence of emerging NPS. This integrated pulverization-extraction approach enables rapid, robust multi-class NPS detection in hair for biomonitoring and forensic applications.",0,"[0.9879064559936523, 0.012093599885702133]",42296389,https://pubmed.ncbi.nlm.nih.gov/42296389/,10.1093/jat/bkag052,"Development and application of a simplified, quantitative method for 30+ New Psychoactive Substances in hair.",2026-06-04,"The rapid emergence of novel psychoactive substances (NPS) poses a significant challenge for forensic toxicology and public health. While blood and urine enable rapid detection for early warning systems, long-term monitoring is essential for retrospective exposure assessment and temporal trend analysis. In this context, hair represents a valuable biological matrix; however, multi-class NPS determination remains difficult due to their chemical diversity and typically low concentrations. In this work, we targeted 12 synthetic opioids, 8 synthetic cathinones, 3 dissociatives, 3 designer benzodiazepines, 3 hallucinogens, and 2 synthetic cannabinoids. Sample preparation included a three-step wash procedure (water, methanol, and ethyl acetate), followed by simultaneous pulverization and methanolic extraction of 20 mg of hair, using an Omni Ruptor bead-mill homogenizer (10 cycles, 40 s at 4.5 m/s with dwell periods; total time ∼43 min). After centrifugation (5000 rpm, 10 min), extracts were evaporated under nitrogen stream at 40°C (20 psi) and reconstituted in 100 µl of 90:10 (v/v) water/acetonitrile, both containing 0.1% formic acid, followed by filtration. Chromatographic separation was achieved by liquid chromatography on a Kinetex C18 column (100 × 2.1 mm, 1.7 µm) using gradient elution with a total runtime of 10 min. Identification and quantitation were performed by tandem mass spectrometry in positive electrospray ionization using multiple reaction monitoring with quantifier and qualifier transitions. The method was validated according to ANSI/ASB Standard 036. Linearity was demonstrated from 5 to 500 pg/mg. Intra- and inter-day precision were <20% and bias within ±20% for most analytes, with no significant carryover or interferences observed. Matrix effects were observed but consistent across analytes, allowing reliable quantitation. Application to authentic hair samples from electronic music festival attendees in Europe and Brazil confirmed the presence of emerging NPS. This integrated pulverization-extraction approach enables rapid, robust multi-class NPS detection in hair for biomonitoring and forensic applications.",[],"S. Hwang, BP. Dos Santos, A. Ameer, PS. Schwarz, L. Birk, A. Salomone, S. Eller, T. Franco de Oliveira, JP. Matias, M. Concheiro-Guisán, AM. Fonseca Pego",2026
42296364,"Tuning reductase activity in monoterpene indole alkaloid biosynthesis.^
Monoterpene indole alkaloids encompass a diverse class of plant natural products. Many of these valuable compounds, including the anticancer medicines vinblastine and vincristine (Catharanthus roseus) and the antiaddiction treatment ibogaine (Tabernanthe iboga) utilize a common biosynthetic intermediate, 19E-geissoschizine, which is produced by the medium-chain dehydrogenase/reductase geissoschizine synthase (GS). Herein, we report facilitator of geissoschizine synthase (FoGS), a protein that improves formation of 19E-geissoschizine by acting in combination with GS. The identification of a FoGS ortholog that works with GS to produce 19Z-geissoschizine shows how this protein also enables control over product stereochemistry. We demonstrate that FoGS and GS interact to form a stable heterodimer and through mutagenesis identify FoGS residues that contribute to the combined activity of FoGS and GS. This work highlights the involvement of proteins in metabolic pathways that, when assayed alone, appear nonessential, but nevertheless increase the efficiency or specificity of a given metabolic step.",0,"[0.9890133142471313, 0.010986709035933018]",42296364,https://pubmed.ncbi.nlm.nih.gov/42296364/,10.1073/pnas.2605425123,Tuning reductase activity in monoterpene indole alkaloid biosynthesis.,2026-06-23,"Monoterpene indole alkaloids encompass a diverse class of plant natural products. Many of these valuable compounds, including the anticancer medicines vinblastine and vincristine (Catharanthus roseus) and the antiaddiction treatment ibogaine (Tabernanthe iboga) utilize a common biosynthetic intermediate, 19E-geissoschizine, which is produced by the medium-chain dehydrogenase/reductase geissoschizine synthase (GS). Herein, we report facilitator of geissoschizine synthase (FoGS), a protein that improves formation of 19E-geissoschizine by acting in combination with GS. The identification of a FoGS ortholog that works with GS to produce 19Z-geissoschizine shows how this protein also enables control over product stereochemistry. We demonstrate that FoGS and GS interact to form a stable heterodimer and through mutagenesis identify FoGS residues that contribute to the combined activity of FoGS and GS. This work highlights the involvement of proteins in metabolic pathways that, when assayed alone, appear nonessential, but nevertheless increase the efficiency or specificity of a given metabolic step.","['alkaloids', 'biosynthesis', 'geissoschizine', 'heterodimer', 'natural products']","SC. Carr, S. Wu, K. Gase, Y. Nakamura, MO. Kamileen, M. Kunert, S. Heinicke, M. Kang, V. Grabe, L. Caputi, SE. O'Connor",2026
42295696,"Dextromethorphan Beyond the Cough: Exploring Its Psychedelic Potential: A Systematic Review.^
UNLABELLED: BACKGROUND AND OBJECTIVE: Dextromethorphan (DXM), widely used as an over-the-counter antitussive in the United States, exhibits psychoactive effects at supratherapeutic levels that overlap with those of classic and dissociative psychedelics. Reported psychoactive effects have generated interest in DXM as a potential therapeutic agent for treatment-resistant psychiatric disorders. Despite this emerging interest, its therapeutic dosing parameters, safety profile, and dose-response characteristics remain inadequately defined. This systematic review evaluates the existing literature on DXM administered for its psychedelic properties, with the aim of examining dose relationship patterns. METHODS: This systematic review was conducted according to the Preferred Reporting Items for Systematic reviews and Meta-Analyses (PRISMA) guidelines and was preregistered in PROSPERO (CRD420251142239). PubMed, Embase, and the Cochrane Library were searched through August 8, 2025. Eligible studies included randomized controlled trials, cohort studies, case series, and observational studies reporting DXM effects on primary psychedelic outcomes including hallucinatory effects, subjective experiences, or cognitive effects and secondary outcomes focused on tolerability in human participants. Two independent reviewers conducted screening, data extraction, risk-of-bias assessment, and Grading of Recommendations Assessment, Development, and Evaluation (GRADE). Because of substantial heterogeneity in study designs, samples, and outcomes, findings were synthesized narratively using normalized relative subjective and physiological response scores derived from reported peak effects, effect gradients, and comparative ratings. RESULTS: Of 297 records identified, eight studies representing four unique samples met inclusion criteria. One was an ascending dose-sequence study (n = 12), two were crossover studies (n = 20; n = 32), and one was a single-dose study (n = 40) (n = 104 total). Doses ranged from 100 to 960 mg. Psychedelic effects were observed at 100 mg, while adverse effects, including nausea, vomiting, motor impairment, and cognitive slowing, became more prominent above 200 mg. Hallucinatory and mystical phenomena intensified at 300 and 400 mg. Risk of bias was generally rated as having some concerns or high risk, and certainty of evidence was low for most primary outcomes and moderate for secondary outcomes. CONCLUSION: Although the evidence is too limited to evaluate true dose-response relationships, the literature showed DXM psychedelic effects beginning at 100 mg, with greater phenomenology intensity at 300 and 400 mg. Current findings support only a preliminary descriptive summary of reported psychedelic effects and highlight the need for larger, prospectively designed dose-finding and clinical applicability studies.",1,"[0.005546757485717535, 0.9944532513618469]",42295696,https://pubmed.ncbi.nlm.nih.gov/42295696/,10.1007/s40263-026-01305-9,Dextromethorphan Beyond the Cough: Exploring Its Psychedelic Potential: A Systematic Review.,2026-06-15,"UNLABELLED: BACKGROUND AND OBJECTIVE: Dextromethorphan (DXM), widely used as an over-the-counter antitussive in the United States, exhibits psychoactive effects at supratherapeutic levels that overlap with those of classic and dissociative psychedelics. Reported psychoactive effects have generated interest in DXM as a potential therapeutic agent for treatment-resistant psychiatric disorders. Despite this emerging interest, its therapeutic dosing parameters, safety profile, and dose-response characteristics remain inadequately defined. This systematic review evaluates the existing literature on DXM administered for its psychedelic properties, with the aim of examining dose relationship patterns. METHODS: This systematic review was conducted according to the Preferred Reporting Items for Systematic reviews and Meta-Analyses (PRISMA) guidelines and was preregistered in PROSPERO (CRD420251142239). PubMed, Embase, and the Cochrane Library were searched through August 8, 2025. Eligible studies included randomized controlled trials, cohort studies, case series, and observational studies reporting DXM effects on primary psychedelic outcomes including hallucinatory effects, subjective experiences, or cognitive effects and secondary outcomes focused on tolerability in human participants. Two independent reviewers conducted screening, data extraction, risk-of-bias assessment, and Grading of Recommendations Assessment, Development, and Evaluation (GRADE). Because of substantial heterogeneity in study designs, samples, and outcomes, findings were synthesized narratively using normalized relative subjective and physiological response scores derived from reported peak effects, effect gradients, and comparative ratings. RESULTS: Of 297 records identified, eight studies representing four unique samples met inclusion criteria. One was an ascending dose-sequence study (n = 12), two were crossover studies (n = 20; n = 32), and one was a single-dose study (n = 40) (n = 104 total). Doses ranged from 100 to 960 mg. Psychedelic effects were observed at 100 mg, while adverse effects, including nausea, vomiting, motor impairment, and cognitive slowing, became more prominent above 200 mg. Hallucinatory and mystical phenomena intensified at 300 and 400 mg. Risk of bias was generally rated as having some concerns or high risk, and certainty of evidence was low for most primary outcomes and moderate for secondary outcomes. CONCLUSION: Although the evidence is too limited to evaluate true dose-response relationships, the literature showed DXM psychedelic effects beginning at 100 mg, with greater phenomenology intensity at 300 and 400 mg. Current findings support only a preliminary descriptive summary of reported psychedelic effects and highlight the need for larger, prospectively designed dose-finding and clinical applicability studies.",[],"E. Willow, A. Chaudhri, L. Hasman, R. Thakur, M. Scott, RH. Dworkin",2026
42294853,"Psychedelic Therapies in the United States - Balancing State and Federal Oversight.^
",0,"[0.9686619639396667, 0.031337983906269073]",42294853,https://pubmed.ncbi.nlm.nih.gov/42294853/,10.1056/NEJMp2518374,Psychedelic Therapies in the United States - Balancing State and Federal Oversight.,2026-06-18,,[],M. Hughes,2026
42294851,"Patient-Driven Care in Psychedelic Therapy.^
",0,"[0.9560815691947937, 0.043918389827013016]",42294851,https://pubmed.ncbi.nlm.nih.gov/42294851/,10.1056/NEJMp2605585,Patient-Driven Care in Psychedelic Therapy.,2026-06-18,,[],"Y. Zisman-Ilani, R. Yehuda",2026
42293816,"Progressing from Simple to Multidimensional Models Towards a Biopsychosocial Framework of Addiction.^
PURPOSE OF REVIEW: Neuroscientific models of addiction have evolved over the past four decades from single-circuit dopamine frameworks to dual-process, tripartite, and multidimensional accounts. Despite these advances, existing models incompletely account for the lived experience of addiction and for developmental, social, and mental-health factors that contribute to heterogeneity in risk and outcome. This review synthesizes this progression and evaluates the need for more integrative frameworks. RECENT FINDINGS: Recent work highlights addiction-related alterations in large-scale brain networks and demonstrates that psychosocial and contextual factors play a more central mechanistic role than previously acknowledged. Emerging interventions, including psychedelic-assisted therapies, further underscore the relevance of multilevel change across neurobiological, cognitive, and affective domains. SUMMARY: Framing addiction as a multilevel, interactive process within a biopsychosocial framework provides a unifying perspective that accommodates heterogeneity in pathways and outcomes. Integrative models may better inform mechanistic research and guide the development of more precise, clinically meaningful interventions.",0,"[0.9932687878608704, 0.0067311739549040794]",42293816,https://pubmed.ncbi.nlm.nih.gov/42293816/,10.1007/s40429-026-00752-0,Progressing from Simple to Multidimensional Models Towards a Biopsychosocial Framework of Addiction.,2026-01-01,"PURPOSE OF REVIEW: Neuroscientific models of addiction have evolved over the past four decades from single-circuit dopamine frameworks to dual-process, tripartite, and multidimensional accounts. Despite these advances, existing models incompletely account for the lived experience of addiction and for developmental, social, and mental-health factors that contribute to heterogeneity in risk and outcome. This review synthesizes this progression and evaluates the need for more integrative frameworks. RECENT FINDINGS: Recent work highlights addiction-related alterations in large-scale brain networks and demonstrates that psychosocial and contextual factors play a more central mechanistic role than previously acknowledged. Emerging interventions, including psychedelic-assisted therapies, further underscore the relevance of multilevel change across neurobiological, cognitive, and affective domains. SUMMARY: Framing addiction as a multilevel, interactive process within a biopsychosocial framework provides a unifying perspective that accommodates heterogeneity in pathways and outcomes. Integrative models may better inform mechanistic research and guide the development of more precise, clinically meaningful interventions.","['Allostasis', 'Biopsychosocial', 'Dopamine', 'Incentive Salience', 'Inhibition', 'Psychedelics']",PS. Regier,2026
42292331,"Transient multidomain functional improvement in advanced Alzheimer's disease following high-dose psilocybin-containing mushroom administration: a case report.^
BACKGROUND: Advanced Alzheimer's disease (AD) is generally regarded as a stage of irreversible functional decline. Psilocybin is known to transiently alter large-scale brain network dynamics and to induce plasticity-related mechanisms in preclinical models, yet clinical data in advanced dementia remain lacking. CASE PRESENTATION: We report the case of an octogenarian Japanese-American woman with a 10-year history of Alzheimer's disease, including 5 years of marked hypofunction and predominantly monosyllabic speech. Baseline features included chronic urinary incontinence, executive dysfunction, dysphagia, dependent mobility, flat affect, and severe reduction in spontaneous communication. The patient received 5 g of orally administered psilocybin-containing mushrooms (Enigma strain). The acute phase was marked by autonomic activation, clinically suspected hyperthermia, profuse sweating, and a prolonged deep sleep-like state. Approximately 19 h post-administration, spontaneous autobiographical speech emerged. Over subsequent days and weeks, functional improvements included restoration of urinary continence, improved ambulation, autonomous dressing, increased emotional responsiveness, sustained social interaction, contextual memory retrieval, preserved working memory for social context, and spontaneous conversational engagement. CONCLUSION: This case documents transient multidomain functional improvement in advanced Alzheimer's disease following psilocybin administration. The findings do not imply disease reversal but suggest that residual functional capacity may persist in late-stage neurodegeneration and may become transiently accessible under specific neuromodulatory conditions.",1,"[0.004005508031696081, 0.9959944486618042]",42292331,https://pubmed.ncbi.nlm.nih.gov/42292331/,10.3389/fnins.2026.1813281,Transient multidomain functional improvement in advanced Alzheimer's disease following high-dose psilocybin-containing mushroom administration: a case report.,2026-01-01,"BACKGROUND: Advanced Alzheimer's disease (AD) is generally regarded as a stage of irreversible functional decline. Psilocybin is known to transiently alter large-scale brain network dynamics and to induce plasticity-related mechanisms in preclinical models, yet clinical data in advanced dementia remain lacking. CASE PRESENTATION: We report the case of an octogenarian Japanese-American woman with a 10-year history of Alzheimer's disease, including 5 years of marked hypofunction and predominantly monosyllabic speech. Baseline features included chronic urinary incontinence, executive dysfunction, dysphagia, dependent mobility, flat affect, and severe reduction in spontaneous communication. The patient received 5 g of orally administered psilocybin-containing mushrooms (Enigma strain). The acute phase was marked by autonomic activation, clinically suspected hyperthermia, profuse sweating, and a prolonged deep sleep-like state. Approximately 19 h post-administration, spontaneous autobiographical speech emerged. Over subsequent days and weeks, functional improvements included restoration of urinary continence, improved ambulation, autonomous dressing, increased emotional responsiveness, sustained social interaction, contextual memory retrieval, preserved working memory for social context, and spontaneous conversational engagement. CONCLUSION: This case documents transient multidomain functional improvement in advanced Alzheimer's disease following psilocybin administration. The findings do not imply disease reversal but suggest that residual functional capacity may persist in late-stage neurodegeneration and may become transiently accessible under specific neuromodulatory conditions.","['Alzheimer’s disease', 'advanced dementia', 'functional recovery', 'neuroplasticity', 'psilocybin']","M. Lago, M. Cerveira, JX. Simonet",2026
42290651,"Gender differences in psychoactive substances causing emergency department admissions in children and adolescents.^
INTRODUCTION: Adverse outcomes, including hospitalization, associated with psychoactive substance use among children and adolescents, remain an important public health issue. This study aimed to assess psychoactive substance-related hospital admissions among minors in France. METHODS: A national cohort study was conducted using data from the French Hospital Discharge Database. Hospitalizations of individuals aged 11-17 years between 2016 and 2022 were extracted using the International Classification of Diseases 10th Revision (ICD-10) codes (F11-F19 except F17; T40-T43). A descriptive analysis was performed, followed by a gender-specific analysis. RESULTS: During the study, 9520 psychoactive substance use-related hospital stays were recorded for 8031 subjects. At the time of entry, the median age was 16 (interquartile range [IQR]: 15-17) years; 52.6% were male. Hospitalizations were primarily associated with cannabis intoxication (44.2%), misuse of benzodiazepines as well as other sedative drugs (28.8%), and multidrug use (11.6%). Overall hospitalization decreased between 2016 and 2022 (incidence rate ratio [IRR] = 0.98; 95% CI, 0.97-1.00; P = 0.019), particularly among males (IRR = 0.97; 95% confidence interval [CI], 0.93-1.00; P = 0.043). Cannabis-related admissions were more frequent in males (55.5% versus 31.6%) whereas psychotropic medication misuse was more commonly reported in females (42.4% versus 16.6%; P <0.001). DISCUSSION: Despite an overall decline in psychoactive substance-related hospital stays, the proportion of females increased markedly over the study period. A strong gender contrast was observed in the main substances involved, supporting the need for tailored prevention strategies. CONCLUSION: Raising awareness among young people and their families about the risks of non-medical substance use and psychotropic medications is essential to anticipate and prevent related harms.",0,"[0.9833458662033081, 0.01665416546165943]",42290651,https://pubmed.ncbi.nlm.nih.gov/42290651/,10.1080/15563650.2026.2676687,Gender differences in psychoactive substances causing emergency department admissions in children and adolescents.,2026-06-15,"INTRODUCTION: Adverse outcomes, including hospitalization, associated with psychoactive substance use among children and adolescents, remain an important public health issue. This study aimed to assess psychoactive substance-related hospital admissions among minors in France. METHODS: A national cohort study was conducted using data from the French Hospital Discharge Database. Hospitalizations of individuals aged 11-17 years between 2016 and 2022 were extracted using the International Classification of Diseases 10th Revision (ICD-10) codes (F11-F19 except F17; T40-T43). A descriptive analysis was performed, followed by a gender-specific analysis. RESULTS: During the study, 9520 psychoactive substance use-related hospital stays were recorded for 8031 subjects. At the time of entry, the median age was 16 (interquartile range [IQR]: 15-17) years; 52.6% were male. Hospitalizations were primarily associated with cannabis intoxication (44.2%), misuse of benzodiazepines as well as other sedative drugs (28.8%), and multidrug use (11.6%). Overall hospitalization decreased between 2016 and 2022 (incidence rate ratio [IRR] = 0.98; 95% CI, 0.97-1.00; P = 0.019), particularly among males (IRR = 0.97; 95% confidence interval [CI], 0.93-1.00; P = 0.043). Cannabis-related admissions were more frequent in males (55.5% versus 31.6%) whereas psychotropic medication misuse was more commonly reported in females (42.4% versus 16.6%; P <0.001). DISCUSSION: Despite an overall decline in psychoactive substance-related hospital stays, the proportion of females increased markedly over the study period. A strong gender contrast was observed in the main substances involved, supporting the need for tailored prevention strategies. CONCLUSION: Raising awareness among young people and their families about the risks of non-medical substance use and psychotropic medications is essential to anticipate and prevent related harms.","['Diacetylmorphine (heroin)', 'Lysergide (Lyseric acid diethylamide)', 'Midoamfetamine (Methylenedioxy-methamphetamine)', 'Minors', 'adolescents', 'gender', 'hospitalization', 'psychoactive substances']","H. Peyrière, A. Batisse, N. Malafaye, I. Giraud, MC. Picot, E. Nogue",2026
42290311,"Acute Effects of Esketamine on the EEG Power Spectrum and Signal Complexity in Prolonged Disorders of Consciousness: A Prospective Exploratory Cohort Study.^
BACKGROUND: Effective treatments for prolonged disorders of consciousness (pDoC) remain limited. Grounded in the entropic brain hypothesis-that psychedelic agents facilitate consciousness recovery by increasing brain complexity-this study investigated esketamine, a nonclassical psychedelic drug, and its effects on electroencephalographic (EEG) neurophysiological metrics in pDoC patients. METHODS: In this prospective exploratory cohort study, 27 patients with pDoC were enrolled, and 22 with sufficient EEG signal quality were included in the final analysis. Patients were diagnosed with vegetative state/unresponsive wakefulness syndrome (VS/UWS) or a minimally conscious state (MCS). Patients received a 1-hour intravenous infusion of esketamine (0.3 mg/kg/h). EEG data were collected at baseline, 1 hour after infusion, and 30 minutes post-discontinuation. The power spectral density and Lempel-Ziv complexity (LZC) were analyzed. The study was registered at ClinicalTrials.gov (NCT06473285) on June 23, 2024. RESULTS: Esketamine reshaped the EEG power spectrum, suppressing global delta relative power (p_FDR=0.040) while increasing beta (p_FDR=0.040) and gamma (p_FDR=0.009) relative power. The alpha relative power increased selectively in the VS/UWS (p_FDR=0.012). The LZC increased in the parietal (P=0.030) and occipital (P=0.007) regions. In MCS patients, the increase in LZC persisted for 30 minutes post-discontinuation, most prominently in the occipital region, whereas changes in VS/UWS were transient. No behavioral improvements were observed on the Coma Recovery Scale-Revised assessments. CONCLUSIONS: Esketamine-induced neurophysiological alterations in patients with pDoC are characterized by reorganization of the EEG power spectral density and region-specific increases in signal complexity. However, these changes were not accompanied by improvements in behavioral responsiveness.",1,"[0.002606507856398821, 0.9973934888839722]",42290311,https://pubmed.ncbi.nlm.nih.gov/42290311/,10.1097/ANA.0000000000001124,Acute Effects of Esketamine on the EEG Power Spectrum and Signal Complexity in Prolonged Disorders of Consciousness: A Prospective Exploratory Cohort Study.,2026-06-15,"BACKGROUND: Effective treatments for prolonged disorders of consciousness (pDoC) remain limited. Grounded in the entropic brain hypothesis-that psychedelic agents facilitate consciousness recovery by increasing brain complexity-this study investigated esketamine, a nonclassical psychedelic drug, and its effects on electroencephalographic (EEG) neurophysiological metrics in pDoC patients. METHODS: In this prospective exploratory cohort study, 27 patients with pDoC were enrolled, and 22 with sufficient EEG signal quality were included in the final analysis. Patients were diagnosed with vegetative state/unresponsive wakefulness syndrome (VS/UWS) or a minimally conscious state (MCS). Patients received a 1-hour intravenous infusion of esketamine (0.3 mg/kg/h). EEG data were collected at baseline, 1 hour after infusion, and 30 minutes post-discontinuation. The power spectral density and Lempel-Ziv complexity (LZC) were analyzed. The study was registered at ClinicalTrials.gov (NCT06473285) on June 23, 2024. RESULTS: Esketamine reshaped the EEG power spectrum, suppressing global delta relative power (p_FDR=0.040) while increasing beta (p_FDR=0.040) and gamma (p_FDR=0.009) relative power. The alpha relative power increased selectively in the VS/UWS (p_FDR=0.012). The LZC increased in the parietal (P=0.030) and occipital (P=0.007) regions. In MCS patients, the increase in LZC persisted for 30 minutes post-discontinuation, most prominently in the occipital region, whereas changes in VS/UWS were transient. No behavioral improvements were observed on the Coma Recovery Scale-Revised assessments. CONCLUSIONS: Esketamine-induced neurophysiological alterations in patients with pDoC are characterized by reorganization of the EEG power spectral density and region-specific increases in signal complexity. However, these changes were not accompanied by improvements in behavioral responsiveness.","['Lempel-Ziv complexity', 'electroencephalography', 'esketamine', 'power spectral density', 'prolonged disorders of consciousness']","Y. Liang, W. Yang, X. Wang, Q. Ge, J. Wang, Y. Chen, B. Ma, M. Jian, H. Liu, J. He, R. Han",2026
42289149,"Current status and future prospects of research on psilocybin's regulation of neurotransmitters and their receptors related to the pathogenesis of tinnitus.^
Subjective tinnitus is a common auditory disorder characterised by the subjective perception of noise in the absence of external sound sources. Its prevalence has been rising annually due to noise exposure, medication misuse, and population ageing. Current tinnitus treatments employ antidepressants, anticonvulsants, and vasodilators, yet most demonstrate limited efficacy with significant side effects. There is an urgent clinical need for novel therapeutic agents targeting new mechanisms and pathways. In recent years, the natural psychedelic tryptamine psilocybin has garnered attention for its rapid and sustained therapeutic effects following single-dose administration in clinical trials for depression and end-of-life anxiety. Its mechanism involves selectively activating 5-HT2A receptors, triggering substantial glutamate release and subsequently upregulating brain-derived neurotrophic factor (BDNF). This markedly increases dendritic spine density and synaptic protein expression in the hippocampus and prefrontal cortex, thereby restoring neural plasticity. This review systematically integrates the aforementioned neuroplasticity mechanisms with cross-mechanisms of neuroplastic alterations associated with tinnitus, emphasising its synergistic regulatory effects on excitatory neurotransmitters and their receptors (glutamate, dopamine) as well as inhibitory neurotransmitters and their receptors (gamma-aminobutyric acid (GABA)).",0,"[0.9918272495269775, 0.008172720670700073]",42289149,https://pubmed.ncbi.nlm.nih.gov/42289149/,10.1016/j.heares.2026.109701,Current status and future prospects of research on psilocybin's regulation of neurotransmitters and their receptors related to the pathogenesis of tinnitus.,2026-08-01,"Subjective tinnitus is a common auditory disorder characterised by the subjective perception of noise in the absence of external sound sources. Its prevalence has been rising annually due to noise exposure, medication misuse, and population ageing. Current tinnitus treatments employ antidepressants, anticonvulsants, and vasodilators, yet most demonstrate limited efficacy with significant side effects. There is an urgent clinical need for novel therapeutic agents targeting new mechanisms and pathways. In recent years, the natural psychedelic tryptamine psilocybin has garnered attention for its rapid and sustained therapeutic effects following single-dose administration in clinical trials for depression and end-of-life anxiety. Its mechanism involves selectively activating 5-HT2A receptors, triggering substantial glutamate release and subsequently upregulating brain-derived neurotrophic factor (BDNF). This markedly increases dendritic spine density and synaptic protein expression in the hippocampus and prefrontal cortex, thereby restoring neural plasticity. This review systematically integrates the aforementioned neuroplasticity mechanisms with cross-mechanisms of neuroplastic alterations associated with tinnitus, emphasising its synergistic regulatory effects on excitatory neurotransmitters and their receptors (glutamate, dopamine) as well as inhibitory neurotransmitters and their receptors (gamma-aminobutyric acid (GABA)).","['5-HT2A receptor', 'Dopamine', 'GABA', 'Glutamate', 'Psilocybin', 'Tinnitus']","S. Lu, Z. Zhang, X. Xue, Y. Jiang, C. Zhang, P. Liu, D. He, W. Shen, S. Yang, F. Wang",2026
42288474,"Characterizing non-hallucinogenic psychedelics beyond the head twitch response: phenotypic fingerprinting of lisuride and LSD.^
The head-twitch response (HTR) is widely used as a preclinical assay for the hallucinogenic potential of compounds, with its utility based on 5HT2AR activation. Here, we examine how the polypharmacological agonists lisuride and lysergic acid diethylamide (LSD) influence behavioral and physiological outcomes in mice to test whether the HTR reliably reflects overall psychoactivity. Lisuride (0.5 mg/kg) elicited no HTR yet impaired locomotion and coordination, evoked a pronounced stress response, disrupted cognitive function, and markedly reduced prefrontal cortex (PFC) electroencephalogram (EEG) power across several frequency bands. In contrast, LSD (0.1 mg/kg) produced a robust 5HT2AR-dependent HTR but had minimal impact on locomotion, coordination, stress responsivity, cognitive function, or PFC EEG power. None of these other behavioral or physiological effects of lisuride or LSD were mediated by 5-HT₂A receptors, as pretreatment with the selective antagonist MDL 100907 did not alter outcomes. These results reveal a striking dissociation: the compound that evoked no HTR produced broad behavioral, physiological, and cortical disruptions, while the compound that elicited robust HTRs had little effect. Our findings demonstrate that the HTR alone is not sufficient to identify psychoactivity and is best used in conjunction with other endpoints.",0,"[0.9922187328338623, 0.007781320717185736]",42288474,https://pubmed.ncbi.nlm.nih.gov/42288474/,10.1038/s41398-026-04174-4,Characterizing non-hallucinogenic psychedelics beyond the head twitch response: phenotypic fingerprinting of lisuride and LSD.,2026-06-13,"The head-twitch response (HTR) is widely used as a preclinical assay for the hallucinogenic potential of compounds, with its utility based on 5HT2AR activation. Here, we examine how the polypharmacological agonists lisuride and lysergic acid diethylamide (LSD) influence behavioral and physiological outcomes in mice to test whether the HTR reliably reflects overall psychoactivity. Lisuride (0.5 mg/kg) elicited no HTR yet impaired locomotion and coordination, evoked a pronounced stress response, disrupted cognitive function, and markedly reduced prefrontal cortex (PFC) electroencephalogram (EEG) power across several frequency bands. In contrast, LSD (0.1 mg/kg) produced a robust 5HT2AR-dependent HTR but had minimal impact on locomotion, coordination, stress responsivity, cognitive function, or PFC EEG power. None of these other behavioral or physiological effects of lisuride or LSD were mediated by 5-HT₂A receptors, as pretreatment with the selective antagonist MDL 100907 did not alter outcomes. These results reveal a striking dissociation: the compound that evoked no HTR produced broad behavioral, physiological, and cortical disruptions, while the compound that elicited robust HTRs had little effect. Our findings demonstrate that the HTR alone is not sufficient to identify psychoactivity and is best used in conjunction with other endpoints.",[],"JL. King, DP. Effinger, C. Basquez-Pfeifer, JR. Wallingford, JR. Calderon, CK. O'Connell, SM. Thompson",2026
42288429,"Barriers and Facilitators for Psychedelic Research and Regulation in Brazil: Insights From Diverse Stakeholders.^
PURPOSE: The interest in psychedelics for health-related purposes has grown significantly over the past decade. However, there is an insufficient representation of stakeholders (eg, Indigenous groups, activists, policymakers) in discussions about research and regulation. Many psychedelics originate from traditional practices historically developed in low- and middle-income countries, but these regions are seldom represented in stakeholder perspectives research. The present study will examine the barriers, facilitators, and perspectives identified by a wide array of key stakeholders regarding the research and regulation of psychedelics in Brazil. METHODS: Twenty-six stakeholders, including Indigenous leaders, formal industry actors, clinicians, activists, policymakers, and informal sellers, were interviewed. The data were analyzed using inductive thematic analysis. Code-group co-occurrence indexing was used to capture the relevance of each theme across stakeholder groups. FINDINGS: Thematic analysis revealed 4 barriers (""accessibility,"" ""regulation,"" ""limited knowledge,"" and ""risks""), 3 facilitators (1need for innovation,"" ""scientific advancements,"" and ""legal loopholes""), and 4 perspectives (""integration of ancestral knowledge,"" ""idealization, mysticism and scientific rigor,"" ""user autonomy,"" and ""tangible social benefits""). Themes were similarly present among stakeholders' discourse, though with varying frequencies and weights, allowing comparisons of the particular relevance of themes for each group. IMPLICATIONS: We detail cultural, political, scientific, and clinical barriers, facilitators, and perspectives for psychedelic research and regulation within a region with a rich history of traditional psychedelic use, and discuss their ethical, regulatory, and clinical implications.",1,"[0.12114013731479645, 0.87885981798172]",42288429,https://pubmed.ncbi.nlm.nih.gov/42288429/,10.1016/j.clinthera.2026.05.012,Barriers and Facilitators for Psychedelic Research and Regulation in Brazil: Insights From Diverse Stakeholders.,2026-06-13,"PURPOSE: The interest in psychedelics for health-related purposes has grown significantly over the past decade. However, there is an insufficient representation of stakeholders (eg, Indigenous groups, activists, policymakers) in discussions about research and regulation. Many psychedelics originate from traditional practices historically developed in low- and middle-income countries, but these regions are seldom represented in stakeholder perspectives research. The present study will examine the barriers, facilitators, and perspectives identified by a wide array of key stakeholders regarding the research and regulation of psychedelics in Brazil. METHODS: Twenty-six stakeholders, including Indigenous leaders, formal industry actors, clinicians, activists, policymakers, and informal sellers, were interviewed. The data were analyzed using inductive thematic analysis. Code-group co-occurrence indexing was used to capture the relevance of each theme across stakeholder groups. FINDINGS: Thematic analysis revealed 4 barriers (""accessibility,"" ""regulation,"" ""limited knowledge,"" and ""risks""), 3 facilitators (1need for innovation,"" ""scientific advancements,"" and ""legal loopholes""), and 4 perspectives (""integration of ancestral knowledge,"" ""idealization, mysticism and scientific rigor,"" ""user autonomy,"" and ""tangible social benefits""). Themes were similarly present among stakeholders' discourse, though with varying frequencies and weights, allowing comparisons of the particular relevance of themes for each group. IMPLICATIONS: We detail cultural, political, scientific, and clinical barriers, facilitators, and perspectives for psychedelic research and regulation within a region with a rich history of traditional psychedelic use, and discuss their ethical, regulatory, and clinical implications.","['Ayahuasca', 'Drug policy', 'Esketamine', 'Indigenous perspectives', 'Psilocybin', 'Psychedelics']","AL. Guimarães, FR. Beserra, L. Cruz, B. Bienemmann, JMK. Freind, V. Guinle, RS. Rodrigues, JA. Regalado, DC. Mograbi",2026
42288133,"Genome-based optimization of psilocybin and N,N-dimethyltryptamine biosynthetic pathways in E. coli using CRISPR-associated transposases.^
Stable, high-level biosynthesis of complex natural products requires precise control of heterologous pathway expression, yet transcriptional architectures optimized on plasmids often fail when transferred to the chromosome. Here, we present ePathIntegrate, a genome-centric pathway engineering strategy that leverages CRISPR-associated transposases (CASTs) to integrate and rebalance multigene metabolic pathways in Escherichia coli. Direct genomic transfer of plasmid-optimized psilocybin and N,N-dimethyltryptamine (DMT) pathways resulted in a loss of productivity, driven by context-dependent promoter behavior. To address this, we developed and characterized a library of mutant T7 promoters that restore mid-range transcriptional control on the genome. Applying ePathIntegrate enabled re-optimization of both pathways, yielding genome-encoded strains that achieve 1.88 g/L psilocybin and 1.62 g/L DMT in fed-batch bioreactors. Whole-genome sequencing of CAST-mediated strains further revealed (i) precise on-target integration, (ii) some off-target pathway integrations, and (iii) small mutations in a subset of strains, highlighting both the power and limitations of CAST-mediated strain engineering.",0,"[0.9887735247612, 0.011226523667573929]",42288133,https://pubmed.ncbi.nlm.nih.gov/42288133/,10.1016/j.ymben.2026.102490,"Genome-based optimization of psilocybin and N,N-dimethyltryptamine biosynthetic pathways in E. coli using CRISPR-associated transposases.",2026-06-13,"Stable, high-level biosynthesis of complex natural products requires precise control of heterologous pathway expression, yet transcriptional architectures optimized on plasmids often fail when transferred to the chromosome. Here, we present ePathIntegrate, a genome-centric pathway engineering strategy that leverages CRISPR-associated transposases (CASTs) to integrate and rebalance multigene metabolic pathways in Escherichia coli. Direct genomic transfer of plasmid-optimized psilocybin and N,N-dimethyltryptamine (DMT) pathways resulted in a loss of productivity, driven by context-dependent promoter behavior. To address this, we developed and characterized a library of mutant T7 promoters that restore mid-range transcriptional control on the genome. Applying ePathIntegrate enabled re-optimization of both pathways, yielding genome-encoded strains that achieve 1.88 g/L psilocybin and 1.62 g/L DMT in fed-batch bioreactors. Whole-genome sequencing of CAST-mediated strains further revealed (i) precise on-target integration, (ii) some off-target pathway integrations, and (iii) small mutations in a subset of strains, highlighting both the power and limitations of CAST-mediated strain engineering.","['Benchtop bioreactor', 'CRISPR-Associated transposases (CAST)', 'Escherichia coli', 'Genome-based metabolic engineering', 'N,N-dimethyltryptamine (DMT)', 'Pathway optimization', 'Psilocybin', 'Psychedelics']","ZN. Abrahms, M. Majdi, SM. Madsen, CJ. Morton, AK. Sen, NB. Fried, LE. Sawyer, ER. Cegielski, SJ. Spezzano, JA. Jones",2026
42288041,"Balancing safety and access in Oregon's psilocybin services.^
As jurisdictions across the U.S. consider enacting policies that facilitate access to psychedelics, they must determine how the desire to expand access to these substances should be weighed against the need to adequately protect safety. Oregon's psilocybin services program offers an important early case study of this balance in practice. Under the Psilocybin Services Act, adults over 21 are permitted to access psilocybin in Oregon at licensed service centers under facilitator supervision, with no referral from a medical practitioner, or clinical supervision, needed. Drawing on the first full year of data published by the Oregon Health Authority, this commentary examines how safety and access are being balanced through Oregon's policy. Reported adverse reactions in 2025 were relatively uncommon: however, Oregon's reporting framework sets a high threshold for reportable events. Access also remains limited, with most clients being of high-income and from outside Oregon. At the same time, the program has expanded supervised psilocybin use beyond strictly medical uses, with a proportion of clients reporting using psilocybin services for general health and wellness. Others report using psilocybin services for more medical-type motivations, such as for depression and anxiety. Overall, we argue that Oregon's broad eligibility criteria and supervision requirements may raise several safety concerns, particularly when clients with clinical symptoms seek services.",0,"[0.9934003353118896, 0.0065996586345136166]",42288041,https://pubmed.ncbi.nlm.nih.gov/42288041/,10.1016/j.drugpo.2026.105384,Balancing safety and access in Oregon's psilocybin services.,2026-06-13,"As jurisdictions across the U.S. consider enacting policies that facilitate access to psychedelics, they must determine how the desire to expand access to these substances should be weighed against the need to adequately protect safety. Oregon's psilocybin services program offers an important early case study of this balance in practice. Under the Psilocybin Services Act, adults over 21 are permitted to access psilocybin in Oregon at licensed service centers under facilitator supervision, with no referral from a medical practitioner, or clinical supervision, needed. Drawing on the first full year of data published by the Oregon Health Authority, this commentary examines how safety and access are being balanced through Oregon's policy. Reported adverse reactions in 2025 were relatively uncommon: however, Oregon's reporting framework sets a high threshold for reportable events. Access also remains limited, with most clients being of high-income and from outside Oregon. At the same time, the program has expanded supervised psilocybin use beyond strictly medical uses, with a proportion of clients reporting using psilocybin services for general health and wellness. Others report using psilocybin services for more medical-type motivations, such as for depression and anxiety. Overall, we argue that Oregon's broad eligibility criteria and supervision requirements may raise several safety concerns, particularly when clients with clinical symptoms seek services.","['Evaluation', 'Oregon', 'Psilocybin', 'Psychedelic', 'Safety']","K. Cheung, C. Propes, DB. Yaden",2026
42287566,"Ketamine and Evolving Neuroplasticity.^
Ketamine has revolutionized the treatment of mood disorders by offering rapid antidepressant effects, particularly in individuals with treatment-resistant depression. Unlike traditional monoaminergic antidepressants, ketamine acts primarily through antagonism of the N-methyl-D-aspartate (NMDA) receptor, initiating a cascade of glutamatergic signaling that promotes synaptic plasticity, neurogenesis, and rapid symptom relief. However, while its mechanisms are increasingly understood, the temporal trajectory of these neuroplastic changes-and their behavioral correlates-remain poorly defined. This review synthesizes both preclinical and clinical evidence on the time-dependent effects of ketamine across molecular, cellular, and behavioral domains. Preclinical studies are examined to characterize rapid molecular and synaptic changes, including brain-derived neurotrophic factor (BDNF) signaling, activation of the mechanistic target of rapamycin (mTOR) pathway, and modulation of α-amino-3-hydroxy-5-methyl-4-isoxazolepropionic acid (AMPA) receptors, which collectively drive early phases of synaptic remodeling. In parallel, clinical studies are reviewed to evaluate how these biological processes correspond to changes in mood, motivation, cognition, and functional outcomes in patients, with particular emphasis on the timing of antidepressant response and durability of effects. Special attention is given to how ketamine-induced neuroplasticity unfolds over hours to days, and how this temporal progression links mechanistic findings from preclinical models with observed clinical recovery. By framing ketamine's action within a plasticity-centered model of antidepressant response, this review provides a novel perspective that integrates neuroscience and clinical psychiatry. It also identifies critical gaps in translational research and offers a roadmap for optimizing the therapeutic use of ketamine and future fast-acting antidepressants.",0,"[0.9930036664009094, 0.006996294017881155]",42287566,https://pubmed.ncbi.nlm.nih.gov/42287566/,10.1007/s40261-026-01565-9,Ketamine and Evolving Neuroplasticity.,2026-06-13,"Ketamine has revolutionized the treatment of mood disorders by offering rapid antidepressant effects, particularly in individuals with treatment-resistant depression. Unlike traditional monoaminergic antidepressants, ketamine acts primarily through antagonism of the N-methyl-D-aspartate (NMDA) receptor, initiating a cascade of glutamatergic signaling that promotes synaptic plasticity, neurogenesis, and rapid symptom relief. However, while its mechanisms are increasingly understood, the temporal trajectory of these neuroplastic changes-and their behavioral correlates-remain poorly defined. This review synthesizes both preclinical and clinical evidence on the time-dependent effects of ketamine across molecular, cellular, and behavioral domains. Preclinical studies are examined to characterize rapid molecular and synaptic changes, including brain-derived neurotrophic factor (BDNF) signaling, activation of the mechanistic target of rapamycin (mTOR) pathway, and modulation of α-amino-3-hydroxy-5-methyl-4-isoxazolepropionic acid (AMPA) receptors, which collectively drive early phases of synaptic remodeling. In parallel, clinical studies are reviewed to evaluate how these biological processes correspond to changes in mood, motivation, cognition, and functional outcomes in patients, with particular emphasis on the timing of antidepressant response and durability of effects. Special attention is given to how ketamine-induced neuroplasticity unfolds over hours to days, and how this temporal progression links mechanistic findings from preclinical models with observed clinical recovery. By framing ketamine's action within a plasticity-centered model of antidepressant response, this review provides a novel perspective that integrates neuroscience and clinical psychiatry. It also identifies critical gaps in translational research and offers a roadmap for optimizing the therapeutic use of ketamine and future fast-acting antidepressants.",[],A. Prabakar,2026
42287415,"Blinding, Expectancy, and the Active Placebo Paradox in MDMA Research.^
",0,"[0.9539492726325989, 0.04605070874094963]",42287415,https://pubmed.ncbi.nlm.nih.gov/42287415/,10.1007/s00213-026-07108-6,"Blinding, Expectancy, and the Active Placebo Paradox in MDMA Research.",2026-06-13,,[],"M. Earleywine, Q. Allen",2026
42285092,"Psilocybin restores behavior and 5-HT2A signaling while reducing microglial density after chronic traumatic brain injury in rats.^
Traumatic brain injury (TBI) causes persistent neurobehavioral deficits and increases the risk of psychiatric disorders, including depression, anxiety, and cognitive dysfunction linked to disrupted neuroplasticity, neuroinflammation, and serotonergic (5-HT) signaling. No effective pharmacotherapies exist for chronic TBI. Psilocybin, a psychedelic 5-HT2A receptor agonist, shows promise due to its neuroplasticity-enhancing, anti-inflammatory, and antidepressant effects. Here, male rats received fluid-percussion or sham injury, followed one year later by a single psilocybin (1 mg/kg) or saline injection. Behavioral testing began 24 h later, and positron emission tomography assessed 5-HT2A binding after two weeks. TBI produced persistent sensorimotor, learning and memory, and affective deficits; reduced 5-HT2A binding; and microglial alterations in the medial prefrontal cortex characterized by decreased process branching and enlarged soma size. Psilocybin treatment could improve sensorimotor function, restore 5-HT2A binding, and reduce microglial cell counts. These findings highlight psilocybin's therapeutic potential in chronic TBI and support further investigation of psychedelic treatments.",0,"[0.9944252967834473, 0.005574736278504133]",42285092,https://pubmed.ncbi.nlm.nih.gov/42285092/,10.1016/j.xcrm.2026.102867,Psilocybin restores behavior and 5-HT2A signaling while reducing microglial density after chronic traumatic brain injury in rats.,2026-06-12,"Traumatic brain injury (TBI) causes persistent neurobehavioral deficits and increases the risk of psychiatric disorders, including depression, anxiety, and cognitive dysfunction linked to disrupted neuroplasticity, neuroinflammation, and serotonergic (5-HT) signaling. No effective pharmacotherapies exist for chronic TBI. Psilocybin, a psychedelic 5-HT2A receptor agonist, shows promise due to its neuroplasticity-enhancing, anti-inflammatory, and antidepressant effects. Here, male rats received fluid-percussion or sham injury, followed one year later by a single psilocybin (1 mg/kg) or saline injection. Behavioral testing began 24 h later, and positron emission tomography assessed 5-HT2A binding after two weeks. TBI produced persistent sensorimotor, learning and memory, and affective deficits; reduced 5-HT2A binding; and microglial alterations in the medial prefrontal cortex characterized by decreased process branching and enlarged soma size. Psilocybin treatment could improve sensorimotor function, restore 5-HT2A binding, and reduce microglial cell counts. These findings highlight psilocybin's therapeutic potential in chronic TBI and support further investigation of psychedelic treatments.","['IBA1', 'PET', 'concussion', 'fluid-percussion injury', 'microglia', 'positron emission tomography', 'psychedelic', 'serotonin receptor']","J. Allen, B. Jupp, TL. Baker, MB. Haskali, R. Brkljača, Z. Plummer, M. Sun, J. Brand, BR. Christie, CT. Debert, SJ. McDonald, TJ. O'Brien, PM. Casillas-Espinosa, SR. Shultz",2026
42283555,"Monte Carlo Wavelet Analysis for Objective Peak Detection in SRM LC-MS/MS Analysis.^
Detection of low-level analytes in complex chromatographic-mass spectrometric data requires a criterion to discern apparent peaks from the background. Conventional signal-to-noise criteria rely on simple, constant-variance noise models and overlook spurious peaks generated by chemical noise and coeluting interferences. We introduce a wavelet-based Monte Carlo technique for determining the statistical significance of SRM LC-MS/MS peaks in the presence of structured chemical noise. The method empirically characterizes chemical noise peaks in samples and builds a generative noise-only null model. Monte Carlo resampling of the noise model assigns p values that are controlled for the family wise type I error rate (FWER). We validated the method with SRMs from a dilution series of drug compounds in plasma with known ground truth concentrations. Triplicate technical replicates were used, spanning concentrations from far above the limit of detection to far below it. Peaks with adjusted p values of less than 0.05 matched the expectation for true positives above the detection limit. Peaks below the limit of detection matched matrix blanks as true negatives, and intermittent detection in the transition region was observed. An independent external validation using a clinical pain panel confirmed that the method detects ketamine in confirmed positive samples with signal intensity below the lowest calibration standard while correctly classifying matrix blanks and biological negatives. As a demonstration, we applied our method to a recently published lipid mediator data set. By replacing subjective noise region selection with a formal hypothesis test against an empirical null model, the method provides an objective and reproducible criterion for deciding whether peak integration is warranted.",0,"[0.99152010679245, 0.008479946292936802]",42283555,https://pubmed.ncbi.nlm.nih.gov/42283555/,10.1021/acs.analchem.5c08007,Monte Carlo Wavelet Analysis for Objective Peak Detection in SRM LC-MS/MS Analysis.,2026-06-30,"Detection of low-level analytes in complex chromatographic-mass spectrometric data requires a criterion to discern apparent peaks from the background. Conventional signal-to-noise criteria rely on simple, constant-variance noise models and overlook spurious peaks generated by chemical noise and coeluting interferences. We introduce a wavelet-based Monte Carlo technique for determining the statistical significance of SRM LC-MS/MS peaks in the presence of structured chemical noise. The method empirically characterizes chemical noise peaks in samples and builds a generative noise-only null model. Monte Carlo resampling of the noise model assigns p values that are controlled for the family wise type I error rate (FWER). We validated the method with SRMs from a dilution series of drug compounds in plasma with known ground truth concentrations. Triplicate technical replicates were used, spanning concentrations from far above the limit of detection to far below it. Peaks with adjusted p values of less than 0.05 matched the expectation for true positives above the detection limit. Peaks below the limit of detection matched matrix blanks as true negatives, and intermittent detection in the transition region was observed. An independent external validation using a clinical pain panel confirmed that the method detects ketamine in confirmed positive samples with signal intensity below the lowest calibration standard while correctly classifying matrix blanks and biological negatives. As a demonstration, we applied our method to a recently published lipid mediator data set. By replacing subjective noise region selection with a formal hypothesis test against an empirical null model, the method provides an objective and reproducible criterion for deciding whether peak integration is warranted.",[],"RK. Julian, BA. Rappold, F. Yi, SR. Master",2026
42283542,"Hallucinogen-Psychosis Associations Are Confounded by Baseline Psychiatric History.^
Background: Current drug policy debates often center on whether hallucinogen-related hospital admissions indicate a causal relationship with psychosis. This study examines the extent to which observed associations between hallucinogen use and psychosis are mediated by preexisting psychiatric conditions, providing important evidence for psychedelic policy formulation. Methods: We conducted a retrospective analysis using MarketScan Medicaid and commercial claims databases from 2015-2019. The population-based sample included individuals receiving substance use disorder treatment with documented substance-related emergency admissions or hospitalizations. We compared psychosis-related admissions occurring 30 days to 6 months postindex event between individuals with hallucinogen-related admissions versus those with nonhallucinogen substance-related admissions. Cox regression models adjusted for demographics and clinical characteristics to determine whether prior psychiatric history explained observed associations. Results: Among 273,466 individuals with substance-related admissions, psychosis diagnoses were more prevalent following hallucinogen-related admissions (16.4%) compared to nonhallucinogen substance admissions (6.6%, P<.001). While unadjusted models showed increased psychosis risk for hallucinogen-related admissions (hazard ratio [HR]=1.22, 95% CI=1.19-1.25), this association became nonsignificant after adjusting for clinical characteristics (HR=0.97, 95% CI=0.95-1.00). Conclusions: Apparent associations between hallucinogen use and psychosis appear largely attributable to baseline psychiatric comorbidities rather than direct causal effects. These findings carry implications for evidence-based policy development, suggesting that observed epidemiologic associations may reflect underlying vulnerability factors rather than hallucinogen-induced psychosis. Policymakers should consider these results when interpreting population-level data regarding hallucinogen safety profiles and regulatory frameworks.",0,"[0.9664084315299988, 0.03359159454703331]",42283542,https://pubmed.ncbi.nlm.nih.gov/42283542/,10.4088/JCP.25m16034,Hallucinogen-Psychosis Associations Are Confounded by Baseline Psychiatric History.,2026-06-10,"Background: Current drug policy debates often center on whether hallucinogen-related hospital admissions indicate a causal relationship with psychosis. This study examines the extent to which observed associations between hallucinogen use and psychosis are mediated by preexisting psychiatric conditions, providing important evidence for psychedelic policy formulation. Methods: We conducted a retrospective analysis using MarketScan Medicaid and commercial claims databases from 2015-2019. The population-based sample included individuals receiving substance use disorder treatment with documented substance-related emergency admissions or hospitalizations. We compared psychosis-related admissions occurring 30 days to 6 months postindex event between individuals with hallucinogen-related admissions versus those with nonhallucinogen substance-related admissions. Cox regression models adjusted for demographics and clinical characteristics to determine whether prior psychiatric history explained observed associations. Results: Among 273,466 individuals with substance-related admissions, psychosis diagnoses were more prevalent following hallucinogen-related admissions (16.4%) compared to nonhallucinogen substance admissions (6.6%, P<.001). While unadjusted models showed increased psychosis risk for hallucinogen-related admissions (hazard ratio [HR]=1.22, 95% CI=1.19-1.25), this association became nonsignificant after adjusting for clinical characteristics (HR=0.97, 95% CI=0.95-1.00). Conclusions: Apparent associations between hallucinogen use and psychosis appear largely attributable to baseline psychiatric comorbidities rather than direct causal effects. These findings carry implications for evidence-based policy development, suggesting that observed epidemiologic associations may reflect underlying vulnerability factors rather than hallucinogen-induced psychosis. Policymakers should consider these results when interpreting population-level data regarding hallucinogen safety profiles and regulatory frameworks.",[],"JT. Steinle, S. Shankar, JS. Siegel, LJ. Cabassa, DR. Adams, P. Cavazos-Rehg, A. Agrawal, GE. Nicol, R. Grucza, KY. Xu",2026
42280191,"Explainable Artificial Intelligence (xAI) for 5-HT2A Receptor Binding Affinity of New Psychoactive Substances.^
New psychoactive substances (NPS) are a heterogeneous group of recreational drugs that mimic the actions and psychoactive effects of existing pharmaceutical products or recreational drugs. As NPS can be highly potent, even exceeding their template compound's potency, there are frequent reports of non-fatal and fatal intoxications. One principal target for hallucinogenic and psychedelic drugs, including NPS, is the 5-hydroxytryptamine receptor 2A (5-HT2A). Since NPS are designed to evade legal restrictions, this drug market is quickly evolving, and researchers are playing catch-up, investigating these novel compounds for their toxicological and pharmacological properties. Receptor binding affinity (Ki) is an important property describing ligand-receptor interactions and is a prerequisite for receptor activation. Competitive in vitro assays can be used to assess Ki; this is a resource-intensive process. We used publicly available Ki data for the 5-HT2A, calculated molecular descriptors and fingerprints, and trained five classification machine learning models. The predictive performance of the models had precisions and recalls up to 93% and 92%, respectively. We used explainable artificial intelligence, i.e., SHAP values and similarity maps, for model interpretation. The results are in line with previous experiments and support its suitability to predict the binding affinities of possible 5-HT2A ligands.",0,"[0.9870162010192871, 0.012983848340809345]",42280191,https://pubmed.ncbi.nlm.nih.gov/42280191/,10.3390/molecules31111888,Explainable Artificial Intelligence (xAI) for 5-HT2A Receptor Binding Affinity of New Psychoactive Substances.,2026-06-01,"New psychoactive substances (NPS) are a heterogeneous group of recreational drugs that mimic the actions and psychoactive effects of existing pharmaceutical products or recreational drugs. As NPS can be highly potent, even exceeding their template compound's potency, there are frequent reports of non-fatal and fatal intoxications. One principal target for hallucinogenic and psychedelic drugs, including NPS, is the 5-hydroxytryptamine receptor 2A (5-HT2A). Since NPS are designed to evade legal restrictions, this drug market is quickly evolving, and researchers are playing catch-up, investigating these novel compounds for their toxicological and pharmacological properties. Receptor binding affinity (Ki) is an important property describing ligand-receptor interactions and is a prerequisite for receptor activation. Competitive in vitro assays can be used to assess Ki; this is a resource-intensive process. We used publicly available Ki data for the 5-HT2A, calculated molecular descriptors and fingerprints, and trained five classification machine learning models. The predictive performance of the models had precisions and recalls up to 93% and 92%, respectively. We used explainable artificial intelligence, i.e., SHAP values and similarity maps, for model interpretation. The results are in line with previous experiments and support its suitability to predict the binding affinities of possible 5-HT2A ligands.","['5-HT2A', 'NPS', 'binding affinity', 'classification model', 'explainable artificial intelligence', 'machine learning']","V. Schöning, KE. Grafinger, D. Pasin, CP. Stove, W. Weinmann, F. Hammann",2026
42278842,"Developing Methods for Observing Awe Narration in Psilocybin-Assisted Therapy.^
Background: Understanding the benefits of psychedelic-assisted therapy (PAT) will require scientific attention to the causal interaction between the therapeutic context and process. Measuring what actually happens during PAT in large-scale studies will be an essential component of this work. Objective: We aim to develop and preliminarily evaluate the feasibility and reliability of a direct observation coding system for narrations of awe experiences during PAT, one hypothesized therapeutic mechanism. Methods: We analyzed 32 PAT clinical trial encounter recordings involving eight participants from a Phase 2 clinical trial study of psilocybin-assisted therapy in advanced cancer. Using a conceptually grounded structured codebook, two human coders independently identified start and stop times for moments exhibiting definitional characteristics of awe narration, including expressions of vastness, need for accommodation and ineffability. We used coder agreement and degree of confidence to refine the coding system. Results: During 16,760 total minutes of video, coders collectively recorded 246 moments of awe narration. Of those moments, 42% (104/246) were identified by one coder and 58% (142/246) by two coders. Coders felt substantially more confident in their judgments about a moment of awe when vastness was present compared to when vastness was absent (OR: 4.3; 95% CI: 2.4, 7.8). Iterative refinement of the coding system led to accommodation being operationalized as two distinct components: an initial cognitive disruption followed by variable engagement in the process of accommodation. Conclusions: Awe narration is directly observable using explicit definitional criteria. This work provides the empirical foundation for scalable coding systems of awe narration during PAT.",1,"[0.009547366760671139, 0.9904526472091675]",42278842,https://pubmed.ncbi.nlm.nih.gov/42278842/,10.3390/healthcare14111589,Developing Methods for Observing Awe Narration in Psilocybin-Assisted Therapy.,2026-06-05,"Background: Understanding the benefits of psychedelic-assisted therapy (PAT) will require scientific attention to the causal interaction between the therapeutic context and process. Measuring what actually happens during PAT in large-scale studies will be an essential component of this work. Objective: We aim to develop and preliminarily evaluate the feasibility and reliability of a direct observation coding system for narrations of awe experiences during PAT, one hypothesized therapeutic mechanism. Methods: We analyzed 32 PAT clinical trial encounter recordings involving eight participants from a Phase 2 clinical trial study of psilocybin-assisted therapy in advanced cancer. Using a conceptually grounded structured codebook, two human coders independently identified start and stop times for moments exhibiting definitional characteristics of awe narration, including expressions of vastness, need for accommodation and ineffability. We used coder agreement and degree of confidence to refine the coding system. Results: During 16,760 total minutes of video, coders collectively recorded 246 moments of awe narration. Of those moments, 42% (104/246) were identified by one coder and 58% (142/246) by two coders. Coders felt substantially more confident in their judgments about a moment of awe when vastness was present compared to when vastness was absent (OR: 4.3; 95% CI: 2.4, 7.8). Iterative refinement of the coding system led to accommodation being operationalized as two distinct components: an initial cognitive disruption followed by variable engagement in the process of accommodation. Conclusions: Awe narration is directly observable using explicit definitional criteria. This work provides the empirical foundation for scalable coding systems of awe narration during PAT.","['awe', 'interpersonal communication', 'psilocybin', 'psychedelic-assisted therapy', 'psychedelics']","EC. Tarbi, I. Bhatia, N. Balach, S. Buehler, M. Demeo-Meres, C. Gramling, T. Thambi, J. Hart, M. Reblin, DM. Rizzo, R. Gramling, M. Agrawal, E. Manetta",2026
42278812,"Bringing Psilocybin-Assisted Therapy to Palliative Oncology: Early Lessons from Real-World Implementation.^
Background/Objectives: Psilocybin-assisted therapy (PAT) is a promising intervention to alleviate existential distress among patients with advanced cancer receiving palliative care. However, evidence on how to integrate PAT into routine oncology and palliative care services remains scarce. This study aimed to examine real-world PAT implementation, identify factors influencing adoption, and estimate integration costs within oncology and palliative care services. Methods: We conducted a single-case implementation study in a large university-affiliated tertiary care center in Canada during the first year following its introduction. Semi-structured interviews with clinicians, managers, and other stakeholders explored barriers, facilitating conditions, and actions needed to support PAT implementation. A budget impact analysis estimated incremental costs associated with delivering PAT. Results: After one year, no patients had received PAT. Ten professionals representing diverse clinical and managerial roles participated in the interviews. While participants viewed PAT favorably, they emphasized the need to align the intervention with existing care pathways and clarify referral processes. Administrative and regulatory procedures, together with logistical constraints related to treatment delivery, were identified as key barriers, whereas perceived clinical relevance and institutional leadership were seen as important facilitators. From the health care system perspective, the estimated cost of delivering a complete PAT intervention ranged from 2648 to 5827 Canadian dollars (CAD) per patient, depending on the scenario examined, excluding the cost of the psilocybin itself. Conclusions: Despite perceived clinical relevance and relatively modest estimated costs, the absence of treated patients after one year highlights the gap between regulatory authorization and effective service uptake. These findings underscore the importance of structured implementation strategies, sustained institutional support, and alignment between regulatory frameworks and clinical workflows to ensure meaningful integration of PAT into routine oncology and palliative care services.",0,"[0.9743849039077759, 0.025615118443965912]",42278812,https://pubmed.ncbi.nlm.nih.gov/42278812/,10.3390/healthcare14111559,Bringing Psilocybin-Assisted Therapy to Palliative Oncology: Early Lessons from Real-World Implementation.,2026-06-03,"Background/Objectives: Psilocybin-assisted therapy (PAT) is a promising intervention to alleviate existential distress among patients with advanced cancer receiving palliative care. However, evidence on how to integrate PAT into routine oncology and palliative care services remains scarce. This study aimed to examine real-world PAT implementation, identify factors influencing adoption, and estimate integration costs within oncology and palliative care services. Methods: We conducted a single-case implementation study in a large university-affiliated tertiary care center in Canada during the first year following its introduction. Semi-structured interviews with clinicians, managers, and other stakeholders explored barriers, facilitating conditions, and actions needed to support PAT implementation. A budget impact analysis estimated incremental costs associated with delivering PAT. Results: After one year, no patients had received PAT. Ten professionals representing diverse clinical and managerial roles participated in the interviews. While participants viewed PAT favorably, they emphasized the need to align the intervention with existing care pathways and clarify referral processes. Administrative and regulatory procedures, together with logistical constraints related to treatment delivery, were identified as key barriers, whereas perceived clinical relevance and institutional leadership were seen as important facilitators. From the health care system perspective, the estimated cost of delivering a complete PAT intervention ranged from 2648 to 5827 Canadian dollars (CAD) per patient, depending on the scenario examined, excluding the cost of the psilocybin itself. Conclusions: Despite perceived clinical relevance and relatively modest estimated costs, the absence of treated patients after one year highlights the gap between regulatory authorization and effective service uptake. These findings underscore the importance of structured implementation strategies, sustained institutional support, and alignment between regulatory frameworks and clinical workflows to ensure meaningful integration of PAT into routine oncology and palliative care services.","['cost analysis', 'existential distress', 'implementation', 'palliative care', 'psilocybin-assisted therapy', 'qualitative analysis']","M. Dorval, V. Audet-Croteau, SL. Chang, M. Masse-Grenier, A. Tremblay, E. Bénard, A. Chapdelaine, N. Garel, JR. Guertin",2026
42278803,"Psychedelic-Assisted Interventions in Palliative Care: A Narrative Overview and Critical Evaluation.^
Background/Objectives: Patients in palliative care frequently experience multidimensional suffering that extends beyond physical symptoms to include existential distress, demoralization, and loss of meaning. Psychedelic-assisted therapies (PAT), including ketamine-assisted psychotherapy (KAP), have re-emerged as promising interventions for these domains. This study aimed to provide a narrative overview and critical evaluation of the existing secondary literature on PAT in palliative care and serious illness and to examine the extent to which emerging best-practice recommendations are reflected in this literature. Methods: An overview of reviews with framework-based narrative synthesis was conducted, including narrative reviews, systematic reviews, scoping reviews, and meta-analyses addressing psychedelic-assisted interventions in patients with life-limiting illness. A comprehensive search of major databases was performed from inception to February 2026. Data extraction and narrative synthesis focused on clinical outcomes, safety, and the incorporation of key domains derived from recent interdisciplinary best-practice recommendations for PAT in palliative care. Results: Twenty-two reviews were included, synthesizing evidence primarily from early-phase clinical trials and observational studies, predominantly in oncology populations. Across reviews, PAT was consistently associated with reductions in depression, anxiety, and existential distress, along with improvements in quality of life and spiritual well-being. Safety profiles were generally favorable under controlled conditions. However, the incorporation of key therapeutic domains-such as preparation and integration, therapeutic setting, clinician training, and relational and biographical factors-was heterogeneous and often incomplete. Most reviews emphasized outcomes over process and context. Conclusions: The current body of secondary literature suggests potential application of PAT to address psychological and existential suffering in palliative care. However, the available evidence remains preliminary and is predominantly derived from small early-phase studies characterized by methodological heterogeneity, limited blinding, and highly selected populations. At the same time, the partial incorporation of emerging best-practice recommendations highlights a gap between evidence synthesis and normative clinical guidance.",0,"[0.9764829874038696, 0.023516951128840446]",42278803,https://pubmed.ncbi.nlm.nih.gov/42278803/,10.3390/healthcare14111550,Psychedelic-Assisted Interventions in Palliative Care: A Narrative Overview and Critical Evaluation.,2026-06-02,"Background/Objectives: Patients in palliative care frequently experience multidimensional suffering that extends beyond physical symptoms to include existential distress, demoralization, and loss of meaning. Psychedelic-assisted therapies (PAT), including ketamine-assisted psychotherapy (KAP), have re-emerged as promising interventions for these domains. This study aimed to provide a narrative overview and critical evaluation of the existing secondary literature on PAT in palliative care and serious illness and to examine the extent to which emerging best-practice recommendations are reflected in this literature. Methods: An overview of reviews with framework-based narrative synthesis was conducted, including narrative reviews, systematic reviews, scoping reviews, and meta-analyses addressing psychedelic-assisted interventions in patients with life-limiting illness. A comprehensive search of major databases was performed from inception to February 2026. Data extraction and narrative synthesis focused on clinical outcomes, safety, and the incorporation of key domains derived from recent interdisciplinary best-practice recommendations for PAT in palliative care. Results: Twenty-two reviews were included, synthesizing evidence primarily from early-phase clinical trials and observational studies, predominantly in oncology populations. Across reviews, PAT was consistently associated with reductions in depression, anxiety, and existential distress, along with improvements in quality of life and spiritual well-being. Safety profiles were generally favorable under controlled conditions. However, the incorporation of key therapeutic domains-such as preparation and integration, therapeutic setting, clinician training, and relational and biographical factors-was heterogeneous and often incomplete. Most reviews emphasized outcomes over process and context. Conclusions: The current body of secondary literature suggests potential application of PAT to address psychological and existential suffering in palliative care. However, the available evidence remains preliminary and is predominantly derived from small early-phase studies characterized by methodological heterogeneity, limited blinding, and highly selected populations. At the same time, the partial incorporation of emerging best-practice recommendations highlights a gap between evidence synthesis and normative clinical guidance.","['cancer', 'chronic illness', 'palliative care', 'psychedelic-assisted psychotherapy', 'psychedelics', 'supportive care']","DA. Soares, AG. Campolina",2026
42276399,"Pharmacokinetic and pharmacodynamic rational for expanding the therapeutic landscape of psilocybin beyond depression.^
",0,"[0.9732262492179871, 0.026773715391755104]",42276399,https://pubmed.ncbi.nlm.nih.gov/42276399/,10.1016/j.phrs.2026.108290,Pharmacokinetic and pharmacodynamic rational for expanding the therapeutic landscape of psilocybin beyond depression.,2026-06-11,,"['5-HT2', 'MASLD', 'Major Depressive Disorder', 'Obesity', 'Psilocybin', 'Type 2 Diabetes Mellitus']","J. Mingardi, R. Molteni, F. Bifari",2026
42276206,"Thalamic 5-HT2A receptor activation reduces GABA uptake, increases tonic GABAA inhibition and induces absence seizures in Wistar rats.^
Renewed interest in psychedelic therapeutics has brought serotonin 5-HT2A receptors (5-HT2ARs) back into focus. Given the role of the thalamus in sensory integration and network synchronization, we examined the expression, developmental regulation, and functional impact of thalamic 5-HT2ARs, with particular emphasis on their interaction with extrasynaptic GABAA receptors and the generation of aberrant thalamocortical rhythms in Wistar rats. Immunofluorescence revealed a developmental increase of 5-HT2AR expression in both the reticular thalamic nucleus (NRT) and ventrobasal (VB) thalamus, that is accompanied by a shift in VB expression from GABAergic interneurons in juveniles to thalamocortical (TC) neurons in adults. Astrocyte density increased in both regions, more prominently in the NRT than in the VB, with approximately half of astrocytes expressing 5-HT2ARs regardless of age or region. Activation of 5-HT2ARs with the potent agonist TCB-2 reduced thalamic GABA uptake, an effect that was occluded in the presence of GAT1 inhibitor NO711. Patch-clamp recordings showed that TCB-2 enhanced tonic GABAA currents in VB TC neurons. This effect was absent in δ-subunit KO mice and was unaffected by blockade of postsynaptic G-protein signaling or phospholipase C pathways in TC neurons, suggesting that it is not dependent on postsynaptic signaling mechanisms. EEG recordings in freely moving rats showed that bilateral microinjection of TCB-2 into the VB induced spike-and-wave discharges accompanied by behavioral arrest that were blocked by ethosuximide, indicating that they were absence seizures. In summary, these findings support a mechanism, through which serotonergic signaling via 5-HT2ARs can shape thalamocortical network dynamics and increase susceptibility to aberrant rhythmic activity, which could potentially occur under conditions of altered serotonergic tone.",0,"[0.9917781352996826, 0.008221933618187904]",42276206,https://pubmed.ncbi.nlm.nih.gov/42276206/,10.1016/j.neuropharm.2026.111073,"Thalamic 5-HT2A receptor activation reduces GABA uptake, increases tonic GABAA inhibition and induces absence seizures in Wistar rats.",2026-06-11,"Renewed interest in psychedelic therapeutics has brought serotonin 5-HT2A receptors (5-HT2ARs) back into focus. Given the role of the thalamus in sensory integration and network synchronization, we examined the expression, developmental regulation, and functional impact of thalamic 5-HT2ARs, with particular emphasis on their interaction with extrasynaptic GABAA receptors and the generation of aberrant thalamocortical rhythms in Wistar rats. Immunofluorescence revealed a developmental increase of 5-HT2AR expression in both the reticular thalamic nucleus (NRT) and ventrobasal (VB) thalamus, that is accompanied by a shift in VB expression from GABAergic interneurons in juveniles to thalamocortical (TC) neurons in adults. Astrocyte density increased in both regions, more prominently in the NRT than in the VB, with approximately half of astrocytes expressing 5-HT2ARs regardless of age or region. Activation of 5-HT2ARs with the potent agonist TCB-2 reduced thalamic GABA uptake, an effect that was occluded in the presence of GAT1 inhibitor NO711. Patch-clamp recordings showed that TCB-2 enhanced tonic GABAA currents in VB TC neurons. This effect was absent in δ-subunit KO mice and was unaffected by blockade of postsynaptic G-protein signaling or phospholipase C pathways in TC neurons, suggesting that it is not dependent on postsynaptic signaling mechanisms. EEG recordings in freely moving rats showed that bilateral microinjection of TCB-2 into the VB induced spike-and-wave discharges accompanied by behavioral arrest that were blocked by ethosuximide, indicating that they were absence seizures. In summary, these findings support a mechanism, through which serotonergic signaling via 5-HT2ARs can shape thalamocortical network dynamics and increase susceptibility to aberrant rhythmic activity, which could potentially occur under conditions of altered serotonergic tone.","['Absence epilepsy', 'Nucleus reticularis thalami', 'Selective serotonin ligands', 'Tonic GABA(A) current', 'Ventrobasal thalamus', 'δ-subunit GABA(A)R KO mice']","V. Crunelli, TP. Morais, WM. Connelly, G. Salamanca, SH. Vaz, AM. Sebastião, C. Bombardi, G. Di Giovanni",2026
42274347,"Monitoring of Clinics That Use Direct-to-Consumer Advertising for Off-Label Ketamine in the New York Metropolitan Area: A Cross-Sectional Systematic Web Search.^
BACKGROUND: Ketamine is increasingly prescribed in an off-label manner to treat psychiatric disorders, raising concerns about direct-to-consumer advertising and the proliferation of clinics offering ketamine for at-home use without direct medical supervision. OBJECTIVES: We aimed to identify and characterize clinics advertising ketamine for psychiatric conditions online in the New York metropolitan area (New York, New Jersey, and Connecticut), with attention to advertising suggesting ketamine is prescribed for at-home use. METHODS: In 2025, systematic web searches were conducted to identify clinics advertising prescription ketamine for psychiatric indications. Public-facing website content was reviewed to describe clinic characteristics: service delivery modality, clinician credentials, routes of administration, disorders treated, and advertising practices. A generalized linear model was used to delineate correlates of clinics advertising ketamine for at-home use. RESULTS: 233 clinics were located; 36.5% prescribed ketamine for at-home use. 51.5% listed a medical doctor as part of their team and 42.9% advertised oral ketamine. Depression was the most commonly listed disorder treated (94.0%) and 21.9% advertised ketamine to treat substance use disorder. In the multivariable model, advertising ketamine for at-home use was more common among clinics advertising oral ketamine (aPR = 4.10, 95% CI: 2.20-7.60) and less common among clinics listing a medical doctor (aPR = 0.54, 95% CI: 0.30-0.99). CONCLUSIONS: Over a third of clinics advertised ketamine for at-home use. A limitation is that we only focused on public-facing websites. Advertising practices and clinician representation suggest clinics may be advertising in a more consumer-oriented manner, underscoring the need for monitoring and clearer guidance to mitigate potential safety risks.",1,"[0.04570811614394188, 0.954291820526123]",42274347,https://pubmed.ncbi.nlm.nih.gov/42274347/,10.1111/fcp.70095,Monitoring of Clinics That Use Direct-to-Consumer Advertising for Off-Label Ketamine in the New York Metropolitan Area: A Cross-Sectional Systematic Web Search.,2026-07-01,"BACKGROUND: Ketamine is increasingly prescribed in an off-label manner to treat psychiatric disorders, raising concerns about direct-to-consumer advertising and the proliferation of clinics offering ketamine for at-home use without direct medical supervision. OBJECTIVES: We aimed to identify and characterize clinics advertising ketamine for psychiatric conditions online in the New York metropolitan area (New York, New Jersey, and Connecticut), with attention to advertising suggesting ketamine is prescribed for at-home use. METHODS: In 2025, systematic web searches were conducted to identify clinics advertising prescription ketamine for psychiatric indications. Public-facing website content was reviewed to describe clinic characteristics: service delivery modality, clinician credentials, routes of administration, disorders treated, and advertising practices. A generalized linear model was used to delineate correlates of clinics advertising ketamine for at-home use. RESULTS: 233 clinics were located; 36.5% prescribed ketamine for at-home use. 51.5% listed a medical doctor as part of their team and 42.9% advertised oral ketamine. Depression was the most commonly listed disorder treated (94.0%) and 21.9% advertised ketamine to treat substance use disorder. In the multivariable model, advertising ketamine for at-home use was more common among clinics advertising oral ketamine (aPR = 4.10, 95% CI: 2.20-7.60) and less common among clinics listing a medical doctor (aPR = 0.54, 95% CI: 0.30-0.99). CONCLUSIONS: Over a third of clinics advertised ketamine for at-home use. A limitation is that we only focused on public-facing websites. Advertising practices and clinician representation suggest clinics may be advertising in a more consumer-oriented manner, underscoring the need for monitoring and clearer guidance to mitigate potential safety risks.","['direct‐to‐consumer advertising', 'ketamine', 'off‐label prescribing', 'telehealth']","N. Abukahok, S. Lawrence, S. Adhikari, ST. Wilkinson, JJ. Palamar",2026
42273985,"Anthracaurisin A─Discovery of a Cytotoxic Nor-Sesquiterpene Dimer from Patagonian Anthracophyllum discolor.^
Fungal natural products, also called secondary metabolites (SMs), continue to inspire chemists and drug development. Around 30,000 fungal SMs are known, mainly from filamentous fungi of the phylum Ascomycota. Only 5% of all fungal species are described today, and even fewer have been cultured or chemically screened, which makes fungi an untapped reservoir for chemical discovery. The phylum Basidiomycota harbors chemically talented fungi such as the psilocybin producer Psilocybe cubensis (Agaricales, Hymenogastraceae), but other members like the genus Anthracophyllum (Agaricales, Omphalotaceae) remain largely genetically and chemically underexplored although new species are being discovered frequently. Here, we present the chemical and bioactivity exploration of a Chilean Anthracophyllum discolor fungus. We discovered anthracaurisin A, the first fungal nor-sesquiterpene homodimer with potent cytotoxic activity in vitro and in vivo, isolated one new and several known illudins, and established their absolute configurations.",0,"[0.9867525100708008, 0.013247457332909107]",42273985,https://pubmed.ncbi.nlm.nih.gov/42273985/,10.1021/acs.jnatprod.6c00531,Anthracaurisin A─Discovery of a Cytotoxic Nor-Sesquiterpene Dimer from Patagonian Anthracophyllum discolor.,2026-06-26,"Fungal natural products, also called secondary metabolites (SMs), continue to inspire chemists and drug development. Around 30,000 fungal SMs are known, mainly from filamentous fungi of the phylum Ascomycota. Only 5% of all fungal species are described today, and even fewer have been cultured or chemically screened, which makes fungi an untapped reservoir for chemical discovery. The phylum Basidiomycota harbors chemically talented fungi such as the psilocybin producer Psilocybe cubensis (Agaricales, Hymenogastraceae), but other members like the genus Anthracophyllum (Agaricales, Omphalotaceae) remain largely genetically and chemically underexplored although new species are being discovered frequently. Here, we present the chemical and bioactivity exploration of a Chilean Anthracophyllum discolor fungus. We discovered anthracaurisin A, the first fungal nor-sesquiterpene homodimer with potent cytotoxic activity in vitro and in vivo, isolated one new and several known illudins, and established their absolute configurations.",[],"B. Petit, I. Michrafy, J. Nafie, GE. Dyer, EM. Marshall, C. Riquelme, JR. Cabrera-Pardo, JA. Strother, S. Loesgen",2026
42272233,"Ketamine-Assisted Psychotherapy for Depression: A Survey of Current Practices, Rationales, and Future Directions.^
Ketamine-assisted psychotherapy (KAP) is an emerging treatment approach that may enhance ketamine's antidepressant effects through neuroplastic synergism or transformative psychological experience. Despite growing clinical use, real-world KAP practices remain understudied. This cross-sectional survey examined the practices of fifty licensed KAP providers treating depression, recruited from a U.S.-based online provider network. Participants represented a professionally diverse sample, including physicians, clinical psychologists, social workers, and other practitioners. Ketamine was most commonly administered intramuscularly (42%) or sublingually (40%), often at psychedelic-dose ranges. Most practitioners (74%) conducted psychotherapy before, during, and after ketamine administration. The most frequently used psychotherapy modalities were Internal Family Systems (74%), humanistic/existential (62%), and supportive (58%), with most practitioners employing an eclectic approach blending three to four different modalities on average. The most commonly endorsed overall treatment goals were fostering inner healing intelligence, leveraging neuroplastic effects of ketamine, and facilitating a transformative experience. No significant association was found between psychotherapy modalities and treatment goals, revealing unclear logic for how therapeutic approaches are matched to desired outcomes. Findings reveal broad variability in real-world KAP practices, underscoring the need for comparative clinical trials to establish evidence-based standards. These insights may inform the development of protocols for emerging psychedelic-assisted psychotherapies more broadly.",1,"[0.0594620481133461, 0.9405379295349121]",42272233,https://pubmed.ncbi.nlm.nih.gov/42272233/,10.1080/02791072.2026.2685515,"Ketamine-Assisted Psychotherapy for Depression: A Survey of Current Practices, Rationales, and Future Directions.",2026-06-10,"Ketamine-assisted psychotherapy (KAP) is an emerging treatment approach that may enhance ketamine's antidepressant effects through neuroplastic synergism or transformative psychological experience. Despite growing clinical use, real-world KAP practices remain understudied. This cross-sectional survey examined the practices of fifty licensed KAP providers treating depression, recruited from a U.S.-based online provider network. Participants represented a professionally diverse sample, including physicians, clinical psychologists, social workers, and other practitioners. Ketamine was most commonly administered intramuscularly (42%) or sublingually (40%), often at psychedelic-dose ranges. Most practitioners (74%) conducted psychotherapy before, during, and after ketamine administration. The most frequently used psychotherapy modalities were Internal Family Systems (74%), humanistic/existential (62%), and supportive (58%), with most practitioners employing an eclectic approach blending three to four different modalities on average. The most commonly endorsed overall treatment goals were fostering inner healing intelligence, leveraging neuroplastic effects of ketamine, and facilitating a transformative experience. No significant association was found between psychotherapy modalities and treatment goals, revealing unclear logic for how therapeutic approaches are matched to desired outcomes. Findings reveal broad variability in real-world KAP practices, underscoring the need for comparative clinical trials to establish evidence-based standards. These insights may inform the development of protocols for emerging psychedelic-assisted psychotherapies more broadly.","['Psychedelic-assisted psychotherapy', 'clinical best practices', 'depression', 'ketamine-assisted psychotherapy', 'psychedelic therapy paradigms', 'psychotherapeutic modalities']","JH. Buchanan, B. Reynante, MT. Dinh, J. Zamaria",2026
42270128,"Personalised Perception: The Effect of Personality on the Sensory Effects of Psychedelics.^
INTRODUCTION: Psychedelics induce a wide range of sensory distortions and hallucinations (henceforth 'distortions'). Yet, little is known about factors that influence the occurrence of certain distortions. Extra-pharmacological variables including personality traits have been found to correlate with the occurrence of different subjective features during the acute psychedelic state. The current study aimed to examine the correlations between personality scores and the intensity of different distortions. METHODS: Four hundred and twenty-six psychedelic users recruited from Aotearoa New Zealand completed an online survey which examined the intensity of 20 different distortions and measured six different personality traits using the five-factor IPIP-NEO-60 and the 34-item Tellegen Absorption Scale. RESULTS: Spearman's correlation analysis and linear regression analysis revealed that the intensity of sensory distortions (including visual trails, objects 'breathing', field-of-vision changes, visual acuity changes, taste hallucinations, out-of-body experiences, experiences of other dimensions, and synaesthesia) was significantly correlated (p < 0.05) and associated with personality trait scores, even when setting, dose, and demographic variables were controlled, although the strength of the association was moderate at best. DISCUSSION AND CONCLUSIONS: These findings emphasise the role of personality as a key extra-pharmacological variable associated with the intensity of certain subjective features of the acute psychedelic state. These findings suggest that personality testing may be a valuable tool for the prediction of acute reactions to psychedelics. This information could be useful to clinicians and therapists in determining effective psychedelic-treatment approaches.",1,"[0.004622685257345438, 0.9953773021697998]",42270128,https://pubmed.ncbi.nlm.nih.gov/42270128/,10.1111/dar.70172,Personalised Perception: The Effect of Personality on the Sensory Effects of Psychedelics.,2026-07-01,"INTRODUCTION: Psychedelics induce a wide range of sensory distortions and hallucinations (henceforth 'distortions'). Yet, little is known about factors that influence the occurrence of certain distortions. Extra-pharmacological variables including personality traits have been found to correlate with the occurrence of different subjective features during the acute psychedelic state. The current study aimed to examine the correlations between personality scores and the intensity of different distortions. METHODS: Four hundred and twenty-six psychedelic users recruited from Aotearoa New Zealand completed an online survey which examined the intensity of 20 different distortions and measured six different personality traits using the five-factor IPIP-NEO-60 and the 34-item Tellegen Absorption Scale. RESULTS: Spearman's correlation analysis and linear regression analysis revealed that the intensity of sensory distortions (including visual trails, objects 'breathing', field-of-vision changes, visual acuity changes, taste hallucinations, out-of-body experiences, experiences of other dimensions, and synaesthesia) was significantly correlated (p < 0.05) and associated with personality trait scores, even when setting, dose, and demographic variables were controlled, although the strength of the association was moderate at best. DISCUSSION AND CONCLUSIONS: These findings emphasise the role of personality as a key extra-pharmacological variable associated with the intensity of certain subjective features of the acute psychedelic state. These findings suggest that personality testing may be a valuable tool for the prediction of acute reactions to psychedelics. This information could be useful to clinicians and therapists in determining effective psychedelic-treatment approaches.","['absorption', 'distortions', 'hallucinations', 'personality', 'psychedelics']","A. Boardman, J. Whelan, RD. Ward",2026
42268384,"Attitudes and perceptions of psychedelic therapy among clinical trial participants with alcohol use disorder: a mixed-method study.^
BACKGROUND: Alcohol use disorder (AUD) remains a major global health concern, with high morbidity and mortality and limited long-term treatment success. Psychedelic therapy has re-emerged as a potential novel intervention for AUD, yet little is known about how affected individuals perceive such treatments. METHODS: This mixed-method study explored attitudes and perceptions of psychedelic therapy among individuals with AUD participating in two non-psychedelic clinical trials (n = 102) and from addiction outpatient services (n = 10). Quantitatively, 112 participants completed a four-item questionnaire assessing knowledge of psychedelic research, expectations of research promise, and willingness to participate in a psychedelic therapy trial, and, if willing, preferred setting (group therapy, individual therapy, or no preference). Binary logistic regression examined predictors of willingness to participate. Qualitatively, semi-structured interviews with 10 patients from addiction outpatient services were thematically analyzed to identify factors shaping attitudes toward psychedelic therapy. RESULTS: Quantitatively, 62.5% of participants were aware of psychedelic research and 64.3% were willing to participate in a psychedelic therapy trial. Willingness was significantly associated with higher expectations of research success (OR = 3.30, p < .001), but not with age or knowledge alone. Qualitatively, participants expressed a spectrum of attitudes with positive, neutral, and negative salience shaped by perceptions of therapeutic potential, fears of addiction or loss of control, personal and societal experiences with substance use, and media exposure. Expectation of benefit emerged as a central factor influencing openness to psychedelic therapy. CONCLUSIONS: Patients with AUD already participating in clinical trials generally demonstrate awareness and conditional openness toward psychedelic therapy, primarily determined by their expectations of research promise. Limitations of this study include participation bias in the clinical trial sample as well as the lack of measurement of bias through prior psychedelic use. Nonetheless, thorough informed consent addressing expectations and misconceptions about risk and addiction potential remains crucial for ethically and effectively conducting future psychedelic clinical trials in AUD populations.",1,"[0.005468766205012798, 0.9945312142372131]",42268384,https://pubmed.ncbi.nlm.nih.gov/42268384/,10.1007/s00213-026-07104-w,Attitudes and perceptions of psychedelic therapy among clinical trial participants with alcohol use disorder: a mixed-method study.,2026-06-10,"BACKGROUND: Alcohol use disorder (AUD) remains a major global health concern, with high morbidity and mortality and limited long-term treatment success. Psychedelic therapy has re-emerged as a potential novel intervention for AUD, yet little is known about how affected individuals perceive such treatments. METHODS: This mixed-method study explored attitudes and perceptions of psychedelic therapy among individuals with AUD participating in two non-psychedelic clinical trials (n = 102) and from addiction outpatient services (n = 10). Quantitatively, 112 participants completed a four-item questionnaire assessing knowledge of psychedelic research, expectations of research promise, and willingness to participate in a psychedelic therapy trial, and, if willing, preferred setting (group therapy, individual therapy, or no preference). Binary logistic regression examined predictors of willingness to participate. Qualitatively, semi-structured interviews with 10 patients from addiction outpatient services were thematically analyzed to identify factors shaping attitudes toward psychedelic therapy. RESULTS: Quantitatively, 62.5% of participants were aware of psychedelic research and 64.3% were willing to participate in a psychedelic therapy trial. Willingness was significantly associated with higher expectations of research success (OR = 3.30, p < .001), but not with age or knowledge alone. Qualitatively, participants expressed a spectrum of attitudes with positive, neutral, and negative salience shaped by perceptions of therapeutic potential, fears of addiction or loss of control, personal and societal experiences with substance use, and media exposure. Expectation of benefit emerged as a central factor influencing openness to psychedelic therapy. CONCLUSIONS: Patients with AUD already participating in clinical trials generally demonstrate awareness and conditional openness toward psychedelic therapy, primarily determined by their expectations of research promise. Limitations of this study include participation bias in the clinical trial sample as well as the lack of measurement of bias through prior psychedelic use. Nonetheless, thorough informed consent addressing expectations and misconceptions about risk and addiction potential remains crucial for ethically and effectively conducting future psychedelic clinical trials in AUD populations.","['Alcohol use disorder', 'Attitudes', 'Mixed-methods', 'Psychedelic therapy']","J. Kirsch, C. Poppe, A. Beck, A. Brabeck, S. Gutwinski, A. Lütt, A. Rosenthal, N. Tsamitros, D. Repantis",2026
42267710,"Shifting Patterns in Ecstasy Use: Increasing Detection of MDA in Forensic Seizures and Toxicological Cases in Southern Brazil.^
Ecstasy-type drugs are the most frequently seized synthetic drugs in Brazil, usually containing a mixture of MDMA and its analog MDA. In recent years, an increasing number of samples have been found to contain only MDA, possibly reflecting shifts in the synthetic routes of ecstasy-type substances during the COVID-19 pandemic. However, the exclusive use of MDA remains poorly characterized, and its toxicological profile is still not fully understood. Data from chemical analyses of drug seizures in Rio Grande do Sul, Southern Brazil, were reviewed. In addition, blood and urine samples collected from clinical and forensic cases involving ecstasy use were analyzed by LC-MS/MS. MDA was detected in 31.1% of seized drug samples, surpassing MDMA, which accounted for 25.6%. A marked rise in MDA detections was observed after 2020, peaking at 52.6% of seizures in 2023. In addition, sixteen clinical and four postmortem cases involving MDMA and/or MDA were documented, with MDA predominating from 2021 onwards. The study identified a higher prevalence of MDA compared to MDMA, indicating a shift in ecstasy use patterns in Brazil. This finding underscores the need for robust analytical approaches and sustained toxicological monitoring to support drug surveillance and public health policies.",1,"[0.07776140421628952, 0.9222386479377747]",42267710,https://pubmed.ncbi.nlm.nih.gov/42267710/,10.1080/02791072.2026.2686365,Shifting Patterns in Ecstasy Use: Increasing Detection of MDA in Forensic Seizures and Toxicological Cases in Southern Brazil.,2026-06-10,"Ecstasy-type drugs are the most frequently seized synthetic drugs in Brazil, usually containing a mixture of MDMA and its analog MDA. In recent years, an increasing number of samples have been found to contain only MDA, possibly reflecting shifts in the synthetic routes of ecstasy-type substances during the COVID-19 pandemic. However, the exclusive use of MDA remains poorly characterized, and its toxicological profile is still not fully understood. Data from chemical analyses of drug seizures in Rio Grande do Sul, Southern Brazil, were reviewed. In addition, blood and urine samples collected from clinical and forensic cases involving ecstasy use were analyzed by LC-MS/MS. MDA was detected in 31.1% of seized drug samples, surpassing MDMA, which accounted for 25.6%. A marked rise in MDA detections was observed after 2020, peaking at 52.6% of seizures in 2023. In addition, sixteen clinical and four postmortem cases involving MDMA and/or MDA were documented, with MDA predominating from 2021 onwards. The study identified a higher prevalence of MDA compared to MDMA, indicating a shift in ecstasy use patterns in Brazil. This finding underscores the need for robust analytical approaches and sustained toxicological monitoring to support drug surveillance and public health policies.","['Ecstasy', 'MDA', 'MDMA', 'drug patterns', 'drug seizures', 'poisoning']","BP. Dos Santos, VC. Pôrto, L. Birk, SN. do Nascimento, VC. Sebben, S. Eller, TF. de Oliveira",2026
42267236,"Electroconvulsive Therapy and Ketamine Infusion in Patients with Bipolar I or II Depression: A Case Series.^
AIMS: To compare the efficacy and safety of electroconvulsive therapy (ECT) and ketamine infusion (KET-IFU) in routine care for patients with bipolar I or II depression (BPD). METHODS: Electronic medical records of patients who received ECT and/or KET-IFU were used to identify patients with BPD who received both ECT and KET-IFU treatments. The change in the 16-item Quick Inventory of Depressive Symptomatology Self-Report (QIDS-16-SR) total score was used as an efficacy outcome. Self-reported side effects and Montreal Cognitive Assessment (MoCA) were used as safety measures. RESULTS: Six patients with BPD received both ECT and KET-IFU treatments. All patients received ECT first. Five patients received KET-IFU due to subjective memory concerns from ECT although their MoCA scores were within normal range. One patient with multiple previous ECT series received two KET-IFU series followed by an ECT series. Four patients responded to acute ECT treatments well with ⩾ 50% improvement in QIDS-16-SR total scores. Two of them also responded to KET-IFU well with ⩾ 50% improvement but the onset of antidepressant effect differed. One patient did not respond to ECT or KET-IFU. The patient who had two series of KET-IFU responded well during the first KET-IFU series but had limited benefit from the second KET-IFU series. No patient discontinued KET-IFU due to an adverse event. CONCLUSION: Most patients responded to ECT well and half of them had similar benefit from KET-IFU as from ECT. Randomized, head-to-head comparison studies of ECT versus KET-IFU in BPD are warranted to confirm or refute these findings.",0,"[0.9702968001365662, 0.029703199863433838]",42267236,https://pubmed.ncbi.nlm.nih.gov/42267236/,10.64719/pb.18534,Electroconvulsive Therapy and Ketamine Infusion in Patients with Bipolar I or II Depression: A Case Series.,2026-06-05,"AIMS: To compare the efficacy and safety of electroconvulsive therapy (ECT) and ketamine infusion (KET-IFU) in routine care for patients with bipolar I or II depression (BPD). METHODS: Electronic medical records of patients who received ECT and/or KET-IFU were used to identify patients with BPD who received both ECT and KET-IFU treatments. The change in the 16-item Quick Inventory of Depressive Symptomatology Self-Report (QIDS-16-SR) total score was used as an efficacy outcome. Self-reported side effects and Montreal Cognitive Assessment (MoCA) were used as safety measures. RESULTS: Six patients with BPD received both ECT and KET-IFU treatments. All patients received ECT first. Five patients received KET-IFU due to subjective memory concerns from ECT although their MoCA scores were within normal range. One patient with multiple previous ECT series received two KET-IFU series followed by an ECT series. Four patients responded to acute ECT treatments well with ⩾ 50% improvement in QIDS-16-SR total scores. Two of them also responded to KET-IFU well with ⩾ 50% improvement but the onset of antidepressant effect differed. One patient did not respond to ECT or KET-IFU. The patient who had two series of KET-IFU responded well during the first KET-IFU series but had limited benefit from the second KET-IFU series. No patient discontinued KET-IFU due to an adverse event. CONCLUSION: Most patients responded to ECT well and half of them had similar benefit from KET-IFU as from ECT. Randomized, head-to-head comparison studies of ECT versus KET-IFU in BPD are warranted to confirm or refute these findings.","['bipolar depression', 'efficacy', 'electroconvulsive therapy', 'ketamine', 'safety', 'treatment-resistant bipolar depression']","K. Gao, EB. Oruc, H. Wobbe, M. Musso, B. Koparal",2026
42267234,"GH001 Efficacy is Independent of Prior Antidepressant Treatment Failures in Treatment-Resistant Depression: A Post Hoc Analysis of a Phase 2b Randomized Controlled Trial.^
BACKGROUND: Approximately 30% of patients treated for major depressive disorder develop treatment-resistant depression (TRD). The STAR*D study demonstrated remission rates decline progressively with each antidepressant failure (37%, 31%, 14%, and 13%, respectively). A single-day individualized dosing regimen of GH001 (synthetic mebufotenin for inhalation) produced rapid, large improvements in depressive symptoms versus placebo in patients with TRD in a Phase 2b trial (least-squares mean difference, -15.5; effect size, -2.0; 57.5% remission at Day 8 versus 0% placebo). The current post hoc analysis examines whether GH001 efficacy varies by number of prior lifetime antidepressant treatment failures. METHODS: This analysis included all 40 patients who received GH001 in the double-blind part of a Phase 2b trial. Spearman rank correlations between number of prior lifetime antidepressant failures and change from baseline in Montgomery-Åsberg Depression Rating Scale (MADRS) scores were calculated at Day 8 and among 6-month open-label extension completers. Remission rates (MADRS ⩽10) were examined by subgroup (2, 3, 4, or ⩾5 prior lifetime failures). RESULTS: No meaningful correlation was observed between prior lifetime treatment failures and MADRS improvement at Day 8 (r = -0.13; P = 0.44) or 6-month OLE completers (r = -0.10; P = 0.60). Remission rates at Day 8 likewise were similar across subgroups (range, 53.9%-63.6%) and were maintained at end of treatment visit/Month 6 (range, 61.5%-85.7%). Secondary endpoints were not associated with treatment history. CONCLUSIONS: The efficacy of GH001 in patients with TRD appears largely independent of number of prior lifetime antidepressant treatments, and further research in patients with extensive treatment histories will be conducted in subsequent development stages.",0,"[0.975695788860321, 0.02430422604084015]",42267234,https://pubmed.ncbi.nlm.nih.gov/42267234/,10.64719/pb.18507,GH001 Efficacy is Independent of Prior Antidepressant Treatment Failures in Treatment-Resistant Depression: A Post Hoc Analysis of a Phase 2b Randomized Controlled Trial.,2026-06-05,"BACKGROUND: Approximately 30% of patients treated for major depressive disorder develop treatment-resistant depression (TRD). The STAR*D study demonstrated remission rates decline progressively with each antidepressant failure (37%, 31%, 14%, and 13%, respectively). A single-day individualized dosing regimen of GH001 (synthetic mebufotenin for inhalation) produced rapid, large improvements in depressive symptoms versus placebo in patients with TRD in a Phase 2b trial (least-squares mean difference, -15.5; effect size, -2.0; 57.5% remission at Day 8 versus 0% placebo). The current post hoc analysis examines whether GH001 efficacy varies by number of prior lifetime antidepressant treatment failures. METHODS: This analysis included all 40 patients who received GH001 in the double-blind part of a Phase 2b trial. Spearman rank correlations between number of prior lifetime antidepressant failures and change from baseline in Montgomery-Åsberg Depression Rating Scale (MADRS) scores were calculated at Day 8 and among 6-month open-label extension completers. Remission rates (MADRS ⩽10) were examined by subgroup (2, 3, 4, or ⩾5 prior lifetime failures). RESULTS: No meaningful correlation was observed between prior lifetime treatment failures and MADRS improvement at Day 8 (r = -0.13; P = 0.44) or 6-month OLE completers (r = -0.10; P = 0.60). Remission rates at Day 8 likewise were similar across subgroups (range, 53.9%-63.6%) and were maintained at end of treatment visit/Month 6 (range, 61.5%-85.7%). Secondary endpoints were not associated with treatment history. CONCLUSIONS: The efficacy of GH001 in patients with TRD appears largely independent of number of prior lifetime antidepressant treatments, and further research in patients with extensive treatment histories will be conducted in subsequent development stages.","['5-MeO-DMT', 'GH001', 'STAR*D', 'mebufotenin', 'prior treatment failures', 'treatment-resistant depression']","ME. Thase, B. Brennan, R. MacIsaac, L. Pani, V. Valcheva, WJ. Cubała",2026
42267190,"Rural-Urban Disparities in Access to Interventional Psychiatry Treatments among VA Patients.^
OBJECTIVE: While tele-mental health has improved access to standard medication management and psychotherapy for rural Veterans, implementation of interventional psychiatry treatments will require in-person care, potentially leading to the exacerbation of rural-urban disparities in access to mental health care. We studied the availability of interventional psychiatry treatments, delivered clinically or in the context of a research trial, to rural and urban Veterans. METHODS: We used VA electronic medical record data to measure the use of electroconvulsive therapy (ECT), magnetic seizure therapy (MST), repetitive transcranial magnetic stimulation (rTMS), vagus nerve stimulation (VNS), deep brain stimulation (DBS), ketamine (infusion or nasal spray), stellate ganglion block (SGB), and medication-assisted psychotherapy (AP) protocols including 3,4-methylenedioxy-methamphetamine (MDMA)-AP and psilocybin-AP, as appropriate, for VA patients with major depressive disorder (MDD) and posttraumatic stress disorder (PTSD) from 2017 through 2024. We compared treatment use in rural and micropolitan locations to use in urban locations. RESULTS: Few patients received any interventional psychiatry treatment across strata. The most common modalities were rTMS, ECT, SGB, DBS, and ketamine. The numbers receiving MST, VNS, MDMA-AP, and psilocybin-AP were too small to report in the micropolitan or rural cells. Micropolitan and rural patients had lower odds of receiving rTMS, ECT, SGB, DBS, and ketamine than urban patients. The largest disparities were for rTMS and ketamine. CONCLUSIONS: There appear to be rural-urban disparities in the emerging field of interventional psychiatry, and the disparities are most pronounced for treatments that require repeated in-person visits such as rTMS and ketamine.",0,"[0.9727622866630554, 0.02723766677081585]",42267190,https://pubmed.ncbi.nlm.nih.gov/42267190/,10.1037/rmh0000333,Rural-Urban Disparities in Access to Interventional Psychiatry Treatments among VA Patients.,2026-01-01,"OBJECTIVE: While tele-mental health has improved access to standard medication management and psychotherapy for rural Veterans, implementation of interventional psychiatry treatments will require in-person care, potentially leading to the exacerbation of rural-urban disparities in access to mental health care. We studied the availability of interventional psychiatry treatments, delivered clinically or in the context of a research trial, to rural and urban Veterans. METHODS: We used VA electronic medical record data to measure the use of electroconvulsive therapy (ECT), magnetic seizure therapy (MST), repetitive transcranial magnetic stimulation (rTMS), vagus nerve stimulation (VNS), deep brain stimulation (DBS), ketamine (infusion or nasal spray), stellate ganglion block (SGB), and medication-assisted psychotherapy (AP) protocols including 3,4-methylenedioxy-methamphetamine (MDMA)-AP and psilocybin-AP, as appropriate, for VA patients with major depressive disorder (MDD) and posttraumatic stress disorder (PTSD) from 2017 through 2024. We compared treatment use in rural and micropolitan locations to use in urban locations. RESULTS: Few patients received any interventional psychiatry treatment across strata. The most common modalities were rTMS, ECT, SGB, DBS, and ketamine. The numbers receiving MST, VNS, MDMA-AP, and psilocybin-AP were too small to report in the micropolitan or rural cells. Micropolitan and rural patients had lower odds of receiving rTMS, ECT, SGB, DBS, and ketamine than urban patients. The largest disparities were for rTMS and ketamine. CONCLUSIONS: There appear to be rural-urban disparities in the emerging field of interventional psychiatry, and the disparities are most pronounced for treatments that require repeated in-person visits such as rTMS and ketamine.","['Major Depressive Disorder', 'Posttraumatic Stress Disorder', 'Psychiatry', 'Therapeutic Procedures', 'Veterans']","B. Shiner, V. DuFort, T. Peltzman, BV. Watts",2026
42266156,"The entropic brain today.^
Introduced in 2014 and revised in 2018, the entropic brain hypothesis has accrued a wealth of supportive evidence. The hypothesis states that-along a dimension of the size of phenomenal consciousness-expansive states reliably exhibit increased brain entropy whereas the inverse applies for states of no or reduced consciousness. Examples of expansive states include expert meditation, flicker light stimulation, near-death-like experiences, atypical breathing, rapid-eye-movement sleep, the pre-ictal aura, unmedicated early psychosis and psychedelic drug states. Examples of states of no or reduced consciousness with low brain entropy, include disorders of consciousness, deep sleep, the anesthetized state, seizure, post-stroke, ageing, cognitive impairment, and neurodegenerative illness. It is shown that the entropic brain has convergent, correlative, predictive, discriminative and external validity. Regarding its predictive validity, increased brain entropy under psilocybin (in a supportive context) predicts subsequent improvements in mental health (improved wellbeing 1-month post-dose). Regarding its discriminative validity, changes in brain entropy selectively index the breadth of subjective experience versus alternative dimensions, such as arousal. Regarding portability/external validity, an entropy-related function is applied in generative artificial intelligence. In conclusion, the entropic brain is a useful model of conscious states.",0,"[0.99017333984375, 0.009826644323766232]",42266156,https://pubmed.ncbi.nlm.nih.gov/42266156/,10.1093/brain/awag206,The entropic brain today.,2026-06-10,"Introduced in 2014 and revised in 2018, the entropic brain hypothesis has accrued a wealth of supportive evidence. The hypothesis states that-along a dimension of the size of phenomenal consciousness-expansive states reliably exhibit increased brain entropy whereas the inverse applies for states of no or reduced consciousness. Examples of expansive states include expert meditation, flicker light stimulation, near-death-like experiences, atypical breathing, rapid-eye-movement sleep, the pre-ictal aura, unmedicated early psychosis and psychedelic drug states. Examples of states of no or reduced consciousness with low brain entropy, include disorders of consciousness, deep sleep, the anesthetized state, seizure, post-stroke, ageing, cognitive impairment, and neurodegenerative illness. It is shown that the entropic brain has convergent, correlative, predictive, discriminative and external validity. Regarding its predictive validity, increased brain entropy under psilocybin (in a supportive context) predicts subsequent improvements in mental health (improved wellbeing 1-month post-dose). Regarding its discriminative validity, changes in brain entropy selectively index the breadth of subjective experience versus alternative dimensions, such as arousal. Regarding portability/external validity, an entropy-related function is applied in generative artificial intelligence. In conclusion, the entropic brain is a useful model of conscious states.","['EEG', 'complexity', 'consciousness', 'criticality', 'entropic brain', 'entropy', 'fMRI', 'psychedelics']",RL. Carhart-Harris,2026
42266089,"Functional outcomes with esketamine in treatment-resistant depression: A 6-month multicenter real-world study.^
BACKGROUND: Esketamine has demonstrated efficacy in treatment-resistant depression (TRD), but medium-term real-world functional outcomes remain understudied. This study described 6-month depressive symptoms and functional trajectories during routine esketamine treatment, focusing on functional outcomes and remission correlates. METHODS: In this prospective multicenter study, 60 patients with TRD initiating intranasal esketamine augmentation were assessed at baseline, Month 1, Month 3, and Month 6 using the Montgomery-Åsberg Depression Rating Scale (MADRS) and Sheehan Disability Scale (SDS). Mixed-effects models, Turnbull interval-censored time-to-remission analysis, logistic regression, and ROC analyses were performed. RESULTS: MADRS and SDS improved significantly at all follow-up time points (p < 0.001). At Month 6, symptomatic response and remission rates were 78.3 and 46.7%, while functional response and remission rates were 78.3 and 33.3%, respectively. Turnbull estimates showed cumulative functional remission rates of 5.0, 15.0, and 33.3% at Months 1, 3, and 6, respectively. MADRS-SDS correlations decreased over time, supporting partial symptomatic-functional dissociation. Higher baseline SDS (OR = 0.73, 95% CI: 0.59-0.89) and more previous antidepressant trials (ADTs; OR = 0.53, 95% CI: 0.35-0.82) were associated with lower odds of Month 6 functional remission; bootstrap internal validation supported coefficient stability. ROC-derived thresholds were considered sample-dependent and not clinically validated. Cumulative esketamine dosage was associated with functional response but not remission. CONCLUSIONS: Depressive symptoms and functioning improved progressively over 6 months during esketamine treatment in routine clinical care. Functional remission followed a slower trajectory than symptomatic remission and had partly distinct correlates, supporting functional monitoring as a distinct TRD outcome.",1,"[0.0032069466542452574, 0.9967930912971497]",42266089,https://pubmed.ncbi.nlm.nih.gov/42266089/,10.1192/j.eurpsy.2026.12233,Functional outcomes with esketamine in treatment-resistant depression: A 6-month multicenter real-world study.,2026-06-10,"BACKGROUND: Esketamine has demonstrated efficacy in treatment-resistant depression (TRD), but medium-term real-world functional outcomes remain understudied. This study described 6-month depressive symptoms and functional trajectories during routine esketamine treatment, focusing on functional outcomes and remission correlates. METHODS: In this prospective multicenter study, 60 patients with TRD initiating intranasal esketamine augmentation were assessed at baseline, Month 1, Month 3, and Month 6 using the Montgomery-Åsberg Depression Rating Scale (MADRS) and Sheehan Disability Scale (SDS). Mixed-effects models, Turnbull interval-censored time-to-remission analysis, logistic regression, and ROC analyses were performed. RESULTS: MADRS and SDS improved significantly at all follow-up time points (p < 0.001). At Month 6, symptomatic response and remission rates were 78.3 and 46.7%, while functional response and remission rates were 78.3 and 33.3%, respectively. Turnbull estimates showed cumulative functional remission rates of 5.0, 15.0, and 33.3% at Months 1, 3, and 6, respectively. MADRS-SDS correlations decreased over time, supporting partial symptomatic-functional dissociation. Higher baseline SDS (OR = 0.73, 95% CI: 0.59-0.89) and more previous antidepressant trials (ADTs; OR = 0.53, 95% CI: 0.35-0.82) were associated with lower odds of Month 6 functional remission; bootstrap internal validation supported coefficient stability. ROC-derived thresholds were considered sample-dependent and not clinically validated. Cumulative esketamine dosage was associated with functional response but not remission. CONCLUSIONS: Depressive symptoms and functioning improved progressively over 6 months during esketamine treatment in routine clinical care. Functional remission followed a slower trajectory than symptomatic remission and had partly distinct correlates, supporting functional monitoring as a distinct TRD outcome.","['esketamine', 'functional remission', 'long-term outcomes', 'real-world study', 'treatment-resistant depression']","R. Guglielmo, M. Olivola, A. Inuggi, E. Cavanna, E. Briasco, B. Pereira Da Silva, A. Escelsior, G. Giacomini, G. Martinotti, BM. Dell'Osso, M. Amore, G. Serafini",2026
42265057,"The effects of psychedelics on attention deficit and hyperactivity disorder - a systematic review.^
OBJECTIVES: Attention deficit and hyperactivity disorder (ADHD) is a prevalent neuropsychiatric disorder (Drechsler et al., 2020). Recently, psychedelics have become of interest regarding developing treatment options for ADHD. The aim of this systematic review is to find all studies from the APA PsychInfo and MEDLINE databases, where psychedelics have been used for ADHD and assess whether further clinical studies are warranted. METHODS: APA PsychInfo and MEDLINE were searched on the 20th of August 2025 for studies discussing ADHD and lysergic acid diethylamide (LSD) or psilocybin or dimethyltryptamine (DMT) or mescaline or phencyclidine or 3,4-methylenedioxymethamphetamine (MDMA) or ketamine. Primary research articles in English where the effects of the psychedelics mentioned on ADHD in humans were included. RESULTS: N = 1023 results were identified. Six studies were included - one randomised controlled trial (RCT) finding no statistically important difference compared to placebo, 3 cross sectional studies where respondents reported positive effect of psychedelics and one where the statistically important improvement was measured by the Child Bipolar Questionnaire. In addition, one case study, where both, depressive symptoms and functioning improved with ketamine. CONCLUSIONS: There is not sufficient evidence to give recommendations on psychedelic use for ADHD. In addition, it is not known whether patients, whose depressive symptoms have responded positively to ketamine, have also had ADHD. Also, no research was found on how psychedelics affect patient subgroups with different etiopathology causing their symptoms. Although only six studies filled the inclusion criteria, they bring out valuable implications for further research.",1,"[0.0045521920546889305, 0.9954478144645691]",42265057,https://pubmed.ncbi.nlm.nih.gov/42265057/,10.1017/neu.2026.10088,The effects of psychedelics on attention deficit and hyperactivity disorder - a systematic review.,2026-06-10,"OBJECTIVES: Attention deficit and hyperactivity disorder (ADHD) is a prevalent neuropsychiatric disorder (Drechsler et al., 2020). Recently, psychedelics have become of interest regarding developing treatment options for ADHD. The aim of this systematic review is to find all studies from the APA PsychInfo and MEDLINE databases, where psychedelics have been used for ADHD and assess whether further clinical studies are warranted. METHODS: APA PsychInfo and MEDLINE were searched on the 20th of August 2025 for studies discussing ADHD and lysergic acid diethylamide (LSD) or psilocybin or dimethyltryptamine (DMT) or mescaline or phencyclidine or 3,4-methylenedioxymethamphetamine (MDMA) or ketamine. Primary research articles in English where the effects of the psychedelics mentioned on ADHD in humans were included. RESULTS: N = 1023 results were identified. Six studies were included - one randomised controlled trial (RCT) finding no statistically important difference compared to placebo, 3 cross sectional studies where respondents reported positive effect of psychedelics and one where the statistically important improvement was measured by the Child Bipolar Questionnaire. In addition, one case study, where both, depressive symptoms and functioning improved with ketamine. CONCLUSIONS: There is not sufficient evidence to give recommendations on psychedelic use for ADHD. In addition, it is not known whether patients, whose depressive symptoms have responded positively to ketamine, have also had ADHD. Also, no research was found on how psychedelics affect patient subgroups with different etiopathology causing their symptoms. Although only six studies filled the inclusion criteria, they bring out valuable implications for further research.","['ADHD', 'LSD', 'attention deficit disorder with hyperactivity', 'hallucinogens', 'ketamine']","H. Raikkerus, A. Bujour, M. Kennedy, J. Tiihonen",2026
42264307,"Prescribing bias and adverse outcomes of esketamine in major depression comorbid substance.^
OBJECTIVE: Little is known about esketamine's effectiveness for patients with major depressive disorder (MDD) comorbid substance use disorders (SUD). METHODS: We conducted a retrospective cohort study using the TriNetX US Collaborative Network, including adults aged ≥18 years with MDD. Three propensity-score-matched (1:1) cohorts were defined based on treatment: esketamine, antidepressant-only, and repetitive transcranial magnetic stimulation (rTMS). We calculated relative risks (RRs) to compare the prevalence of substance use disorder (SUD) across these groups. Among esketamine users, we employed Cox proportional hazards models to analyze clinical outcomes-including self-harm, suicide attempt, hospitalization, emergency visits, and mortality-comparing those with and without SUD from the first esketamine prescription. RESULTS: Esketamine users (n = 30,670) showed higher risks of comorbid SUD across all categories versus matched antidepressant and rTMS patients. Compared to the antidepressant group, the highest risks were for hallucinogen (RR 2.41, 95% CI 1.87-3.09), opioid (RR 2.26, 95% CI 2.14-2.37), and stimulant (RR 2.17, 95% CI 2.01-2.34). Elevated risks were also observed versus the rTMS group, with the highest for opioid (RR 3.70, 95% CI 3.14-4.35). Within the esketamine cohort, the presence of comorbid SUD was associated with higher risks for self-harm (HR 2.99, 95% CI 2.29-3.91), suicide attempt (HR 2.13, 95% CI 1.59-2.85), emergency visits (HR 1.78, 95% CI 1.70-1.85), hospitalization (HR 1.70, 95% CI 1.63-1.77), and mortality (HR 1.12, 95% CI 1.04-1.21). CONCLUSION: Esketamine prescription bias toward MDD patients with comorbid SUD underscores the need for enhanced monitoring and specialized care.",1,"[0.004215539898723364, 0.9957844614982605]",42264307,https://pubmed.ncbi.nlm.nih.gov/42264307/,10.1016/j.jad.2026.122106,Prescribing bias and adverse outcomes of esketamine in major depression comorbid substance.,2026-06-08,"OBJECTIVE: Little is known about esketamine's effectiveness for patients with major depressive disorder (MDD) comorbid substance use disorders (SUD). METHODS: We conducted a retrospective cohort study using the TriNetX US Collaborative Network, including adults aged ≥18 years with MDD. Three propensity-score-matched (1:1) cohorts were defined based on treatment: esketamine, antidepressant-only, and repetitive transcranial magnetic stimulation (rTMS). We calculated relative risks (RRs) to compare the prevalence of substance use disorder (SUD) across these groups. Among esketamine users, we employed Cox proportional hazards models to analyze clinical outcomes-including self-harm, suicide attempt, hospitalization, emergency visits, and mortality-comparing those with and without SUD from the first esketamine prescription. RESULTS: Esketamine users (n = 30,670) showed higher risks of comorbid SUD across all categories versus matched antidepressant and rTMS patients. Compared to the antidepressant group, the highest risks were for hallucinogen (RR 2.41, 95% CI 1.87-3.09), opioid (RR 2.26, 95% CI 2.14-2.37), and stimulant (RR 2.17, 95% CI 2.01-2.34). Elevated risks were also observed versus the rTMS group, with the highest for opioid (RR 3.70, 95% CI 3.14-4.35). Within the esketamine cohort, the presence of comorbid SUD was associated with higher risks for self-harm (HR 2.99, 95% CI 2.29-3.91), suicide attempt (HR 2.13, 95% CI 1.59-2.85), emergency visits (HR 1.78, 95% CI 1.70-1.85), hospitalization (HR 1.70, 95% CI 1.63-1.77), and mortality (HR 1.12, 95% CI 1.04-1.21). CONCLUSION: Esketamine prescription bias toward MDD patients with comorbid SUD underscores the need for enhanced monitoring and specialized care.","['Esketamine', 'Major depressive disorder', 'Mortality', 'Substance use disorder', 'Suicide attempt']","DJ. Li, TW. Hsu, TC. Changchien, YY. Fang, FC. Yang, HY. Lin, CS. Liang",2026
42262154,"Alcohol consumption and substance use among French medical students: A nationwide cross-sectional study: Consommation d'alcool et de substances chez les étudiants en médecine de France : une étude transversale nationale.^
ObjectivesMedical students are known to face significant psychological distress, making them vulnerable to substance use. There are few data on alcohol and drug consumption among medical students. The aim was to assess the prevalence of substance use, especially alcohol, in French medical students.MethodsThis cross-sectional nationwide study was conducted online from 10 June to 28 July 2024. A survey link was sent to French medical students and residents via official administrative emails. We assessed substance use (alcohol, tobacco, cannabis, cocaine, amphetamine, LSD, psilocybin, heroine, poppers, nitrous oxide and other). For alcohol consumption, we used the Alcohol Use Disorders Identification Test (AUDIT). Data analysis was performed, including recoding missing responses as zeros. Univariate and multivariate binary logistic regressions were performed with AUDIT as the dependent variable, categorized as binary (cutoff ≥8).ResultsWe included 8,312 students: 11% met criteria for hazardous drinking, and 5.5% for probable dependence according to the AUDIT; 23.3% respondents reported tobacco use, while cannabis use was reported by 13.4% with 1% using it more than 2 or 3 times a week. Among other substances, poppers (23.5%) and nitrous oxide (11.2%) were the most commonly reported. Multivariate analysis identified several factors associated with problematic alcohol use, such as male sex, younger age, financial difficulties, exposure to humiliation, harassment or sexual assault.ConclusionsAlcohol and psychoactive substance use remain prevalent among French medical students, at levels broadly comparable to those reported internationally. These findings underscore the need for targeted preventive and supportive actions within medical schools. OBJECTIFS: On sait que les étudiants en médecine sont exposés à une détresse psychologique importante, ce qui les rend vulnérables à la consommation de substances. Il existe peu de données sur la consommation d’alcool et de substances chez les étudiants en médecine. L’objectif était d’évaluer la prévalence de la consommation de substances, en particulier d’alcool, chez les étudiants en médecine de France. MÉTHODES: Cette étude transversale nationale a été menée en ligne du 10 juin au 28 juillet 2024. Un lien vers un sondage a été envoyé aux étudiants en médecine et aux résidents de France par l’intermédiaire de courriels administratifs officiels. Nous avons évalué la consommation de substances (alcool, tabac, cannabis, cocaïne, amphétamines, LSD, psilocybine, héroïne, poppers, oxyde de diazote, etc.). Pour la consommation d’alcool, nous avons utilisé le questionnaire AUDIT (Alcohol Use Disorders Identification Test). On a procédé au recodage des réponses manquantes à zéro avant d’analyser les données. Des régressions logistiques binaires univariées et multivariées ont été réalisées avec le questionnaire AUDIT comme variable dépendante, dichotomisée selon un seuil ≥ 8. RÉSULTATS: Nous avons inclus 8 312 étudiants : de ce nombre, 11% répondaient aux critères de consommation d’alcool à risque et 5,5% à ceux d’une dépendance probable selon le questionnaire AUDIT; parmi les répondants, 23,3% déclaraient consommer du tabac, tandis que 13,4% rapportaient une consommation de cannabis, dont 1% en consommaient plus de deux ou trois fois par semaine. Parmi les autres substances, les poppers (23,5%) et l’oxyde de diazote (11,2%) étaient les plus fréquemment signalés. L’analyse multivariée a permis de relever plusieurs facteurs associés à une consommation problématique d’alcool, notamment le sexe masculin, un âge plus jeune, des difficultés financières et l’exposition à l’humiliation, au harcèlement ou à une agression sexuelle. CONCLUSIONS: La prévalence de la consommation d’alcool et de substances psychoactives chez les étudiants en médecine de France s’établit à des niveaux globalement comparables à ceux rapportés à l’échelle internationale. Ces résultats font ressortir la nécessité de mettre en place des actions préventives et de soutien ciblées au sein des facultés de médecine.",0,"[0.9771004915237427, 0.022899460047483444]",42262154,https://pubmed.ncbi.nlm.nih.gov/42262154/,10.1177/07067437261457220,Alcohol consumption and substance use among French medical students: A nationwide cross-sectional study: Consommation d'alcool et de substances chez les étudiants en médecine de France : une étude transversale nationale.,2026-06-09,"ObjectivesMedical students are known to face significant psychological distress, making them vulnerable to substance use. There are few data on alcohol and drug consumption among medical students. The aim was to assess the prevalence of substance use, especially alcohol, in French medical students.MethodsThis cross-sectional nationwide study was conducted online from 10 June to 28 July 2024. A survey link was sent to French medical students and residents via official administrative emails. We assessed substance use (alcohol, tobacco, cannabis, cocaine, amphetamine, LSD, psilocybin, heroine, poppers, nitrous oxide and other). For alcohol consumption, we used the Alcohol Use Disorders Identification Test (AUDIT). Data analysis was performed, including recoding missing responses as zeros. Univariate and multivariate binary logistic regressions were performed with AUDIT as the dependent variable, categorized as binary (cutoff ≥8).ResultsWe included 8,312 students: 11% met criteria for hazardous drinking, and 5.5% for probable dependence according to the AUDIT; 23.3% respondents reported tobacco use, while cannabis use was reported by 13.4% with 1% using it more than 2 or 3 times a week. Among other substances, poppers (23.5%) and nitrous oxide (11.2%) were the most commonly reported. Multivariate analysis identified several factors associated with problematic alcohol use, such as male sex, younger age, financial difficulties, exposure to humiliation, harassment or sexual assault.ConclusionsAlcohol and psychoactive substance use remain prevalent among French medical students, at levels broadly comparable to those reported internationally. These findings underscore the need for targeted preventive and supportive actions within medical schools. OBJECTIFS: On sait que les étudiants en médecine sont exposés à une détresse psychologique importante, ce qui les rend vulnérables à la consommation de substances. Il existe peu de données sur la consommation d’alcool et de substances chez les étudiants en médecine. L’objectif était d’évaluer la prévalence de la consommation de substances, en particulier d’alcool, chez les étudiants en médecine de France. MÉTHODES: Cette étude transversale nationale a été menée en ligne du 10 juin au 28 juillet 2024. Un lien vers un sondage a été envoyé aux étudiants en médecine et aux résidents de France par l’intermédiaire de courriels administratifs officiels. Nous avons évalué la consommation de substances (alcool, tabac, cannabis, cocaïne, amphétamines, LSD, psilocybine, héroïne, poppers, oxyde de diazote, etc.). Pour la consommation d’alcool, nous avons utilisé le questionnaire AUDIT (Alcohol Use Disorders Identification Test). On a procédé au recodage des réponses manquantes à zéro avant d’analyser les données. Des régressions logistiques binaires univariées et multivariées ont été réalisées avec le questionnaire AUDIT comme variable dépendante, dichotomisée selon un seuil ≥ 8. RÉSULTATS: Nous avons inclus 8 312 étudiants : de ce nombre, 11% répondaient aux critères de consommation d’alcool à risque et 5,5% à ceux d’une dépendance probable selon le questionnaire AUDIT; parmi les répondants, 23,3% déclaraient consommer du tabac, tandis que 13,4% rapportaient une consommation de cannabis, dont 1% en consommaient plus de deux ou trois fois par semaine. Parmi les autres substances, les poppers (23,5%) et l’oxyde de diazote (11,2%) étaient les plus fréquemment signalés. L’analyse multivariée a permis de relever plusieurs facteurs associés à une consommation problématique d’alcool, notamment le sexe masculin, un âge plus jeune, des difficultés financières et l’exposition à l’humiliation, au harcèlement ou à une agression sexuelle. CONCLUSIONS: La prévalence de la consommation d’alcool et de substances psychoactives chez les étudiants en médecine de France s’établit à des niveaux globalement comparables à ceux rapportés à l’échelle internationale. Ces résultats font ressortir la nécessité de mettre en place des actions préventives et de soutien ciblées au sein des facultés de médecine.","['alcohol', 'epidemiology', 'medical students', 'substance use']","M. Gillet, N. Doudeau, F. Vilain, K. Sadat, Y. Morvan, A. Frajerman",2026
42261442,"Investigation of Esketamine Administration During Surgical Procedures for the Alleviation of Postoperative Anxiety and Depression in Adolescent Patients: A Randomized Controlled Trial.^
BACKGROUND: Surgical stress can lead to postoperative anxiety and depression, especially in adolescents. These complications reduce quality of life and increase medical burdens, but perioperative psychological interventions for adolescents are limited, and related mechanisms remain unclear. Esketamine (S-ketamine), an N-methyl-D-aspartate receptor (NMDAR) antagonist, has analgesic, sedative, antidepressant, and anxiolytic effects, yet its efficacy and safety in adolescent surgical patients have not been systematically studied. PURPOSE: This study seeks to investigate the prophylactic efficacy of subanesthetic-dose S-ketamine in mitigating postoperative anxiety and depression among adolescent patients. METHODS: In this prospective double-blind randomized placebo-controlled trial, 92 American Society of Anesthesiologists (ASA) I-II adolescents aged 13-18 years undergoing elective surgery were randomly assigned to receive intravenous esketamine (0.25 mg/kg) or normal saline at skin incision. Anxiety and depression were assessed with the Hospital Anxiety and Depression Scale (HADS); serum C-reactive protein (CRP) and interleukin-6 (IL-6) were measured; pain was evaluated using the NRS. Adverse events were recorded. RESULTS: Eighty patients completed the study. The esketamine group had significantly lower anxiety scores on postoperative days 1, 3, 7, and 14 (P < 0.05). Depression scores differed significantly only on day 14 (P = 0.043). There were no significant between‑group differences in inflammatory markers or adverse events. Esketamine was a protective factor against postoperative anxiety (OR = 0.38, P < 0.05). CONCLUSION: Subanesthetic-dose esketamine during surgery effectively reduces postoperative anxiety and partially alleviates depressive symptoms in adolescents with acceptable safety. Limited by sample size and single‑center design, multicenter studies with longer follow‑up are warranted.",1,"[0.004722998011857271, 0.9952770471572876]",42261442,https://pubmed.ncbi.nlm.nih.gov/42261442/,10.2147/DDDT.S587626,Investigation of Esketamine Administration During Surgical Procedures for the Alleviation of Postoperative Anxiety and Depression in Adolescent Patients: A Randomized Controlled Trial.,2026-01-01,"BACKGROUND: Surgical stress can lead to postoperative anxiety and depression, especially in adolescents. These complications reduce quality of life and increase medical burdens, but perioperative psychological interventions for adolescents are limited, and related mechanisms remain unclear. Esketamine (S-ketamine), an N-methyl-D-aspartate receptor (NMDAR) antagonist, has analgesic, sedative, antidepressant, and anxiolytic effects, yet its efficacy and safety in adolescent surgical patients have not been systematically studied. PURPOSE: This study seeks to investigate the prophylactic efficacy of subanesthetic-dose S-ketamine in mitigating postoperative anxiety and depression among adolescent patients. METHODS: In this prospective double-blind randomized placebo-controlled trial, 92 American Society of Anesthesiologists (ASA) I-II adolescents aged 13-18 years undergoing elective surgery were randomly assigned to receive intravenous esketamine (0.25 mg/kg) or normal saline at skin incision. Anxiety and depression were assessed with the Hospital Anxiety and Depression Scale (HADS); serum C-reactive protein (CRP) and interleukin-6 (IL-6) were measured; pain was evaluated using the NRS. Adverse events were recorded. RESULTS: Eighty patients completed the study. The esketamine group had significantly lower anxiety scores on postoperative days 1, 3, 7, and 14 (P < 0.05). Depression scores differed significantly only on day 14 (P = 0.043). There were no significant between‑group differences in inflammatory markers or adverse events. Esketamine was a protective factor against postoperative anxiety (OR = 0.38, P < 0.05). CONCLUSION: Subanesthetic-dose esketamine during surgery effectively reduces postoperative anxiety and partially alleviates depressive symptoms in adolescents with acceptable safety. Limited by sample size and single‑center design, multicenter studies with longer follow‑up are warranted.","['S-ketamine', 'inflammatory markers', 'postoperative anxiety and depression in adolescents', 'postoperative pain']","Y. Li, K. Zhao, P. Cao, Q. Wang, K. Li, J. Zhou",2026
42258864,"Non-Opioid Pharmaceutical Alternatives for Acute Pain Management in the Emergency Department: A Scoping Review.^
OBJECTIVES: In light of the ongoing opioid epidemic, emergency clinicians have faced the difficult challenge of managing acute pain while reducing opioid prescriptions. Improved use of non-opioid analgesics could decrease the need for opioid medications in the management of acute pain. Limited work has been done to systematically produce a comprehensive list of non-opioid pharmaceuticals targeted to specific pain-associated conditions. METHODS: We conducted a scoping review of recent literature for non-opioid pharmaceuticals that could help manage five painful conditions commonly treated in our institution's ED: abdominal pain; back pain; chest pain; fracture pain; and headache. In November 2023, we identified reviews published from November 2018-2023 in PubMed to curate a list of alternatives to opioids to effectively manage acute pain. RESULTS: We screened 246 studies that reviewed management approaches for the five chosen conditions that commonly present with pain in the ED and included 23 studies. Acetaminophen and nonsteroidal anti-inflammatory drugs were recommended for all five painful conditions. Ketamine was suggested for abdominal pain, chest pain, and headaches. For back pain, anti-depressants and muscle relaxants were advised. Benzodiazepines and anti-psychotics were indicated for abdominal pain. Triptans, anti-psychotics, and anti-emetics were suggested for headaches. CONCLUSION: This review highlights several non-opioid medications for treating acute pain in the ED. The targeted, comprehensive list generated in this study can serve as a practical resource to support alternative-to-opioid programs in EDs by guiding the creation of pharmaceutical order sets tailored to common ED presentations. Ultimately, this tool may help reduce unnecessary opioid exposure and improve patient outcomes in emergency care settings.",0,"[0.9868124127388, 0.013187565840780735]",42258864,https://pubmed.ncbi.nlm.nih.gov/42258864/,10.5811/westjem.47925,Non-Opioid Pharmaceutical Alternatives for Acute Pain Management in the Emergency Department: A Scoping Review.,2026-05-14,"OBJECTIVES: In light of the ongoing opioid epidemic, emergency clinicians have faced the difficult challenge of managing acute pain while reducing opioid prescriptions. Improved use of non-opioid analgesics could decrease the need for opioid medications in the management of acute pain. Limited work has been done to systematically produce a comprehensive list of non-opioid pharmaceuticals targeted to specific pain-associated conditions. METHODS: We conducted a scoping review of recent literature for non-opioid pharmaceuticals that could help manage five painful conditions commonly treated in our institution's ED: abdominal pain; back pain; chest pain; fracture pain; and headache. In November 2023, we identified reviews published from November 2018-2023 in PubMed to curate a list of alternatives to opioids to effectively manage acute pain. RESULTS: We screened 246 studies that reviewed management approaches for the five chosen conditions that commonly present with pain in the ED and included 23 studies. Acetaminophen and nonsteroidal anti-inflammatory drugs were recommended for all five painful conditions. Ketamine was suggested for abdominal pain, chest pain, and headaches. For back pain, anti-depressants and muscle relaxants were advised. Benzodiazepines and anti-psychotics were indicated for abdominal pain. Triptans, anti-psychotics, and anti-emetics were suggested for headaches. CONCLUSION: This review highlights several non-opioid medications for treating acute pain in the ED. The targeted, comprehensive list generated in this study can serve as a practical resource to support alternative-to-opioid programs in EDs by guiding the creation of pharmaceutical order sets tailored to common ED presentations. Ultimately, this tool may help reduce unnecessary opioid exposure and improve patient outcomes in emergency care settings.",[],"A. Shanmugam, SM. Graglia, C. Geier, JCC. Montoy, AM. Gelb, KT. LeSaint",2026
42258710,"Psychedelics disrupt hierarchical cortical propagations in the default mode network of humans and mice.^
Psychedelic drugs are poised to become mainstream treatments, yet we lack a circuit-level account of how they reshape brain activity. Emerging evidence suggests that multiple psychedelic compounds modulate activity in the brain's default mode network (DMN), often interpreted as either increased or decreased bottom-up hierarchical processing. Most imaging studies, however, quantify activity as if it were stationary, remaining agnostic to the ascending or descending movements of activity that defines hierarchical processing. Here, we adapt optical flow analyses to track frame-to-frame trajectories of DMN activity across four independent datasets (humans and mice; methylenedioxymethamphetamine, psilocybin, and lysergic acid diethylamide; nine drug-vs.-control contrasts). In functional magnetic resonance and calcium imaging, all psychedelics attenuate signal flow magnitude and bottom-up directionality within the DMN. Propagation attenuation is not attributable to data quality or previously documented effects of psychedelics and is uniquely associated with self-reported outcomes. This replicable and generalizable attenuation of bottom-up cortical propagations provides fundamental clarification of the effects of psychedelics on macroscale hierarchical processing.",0,"[0.9011663794517517, 0.09883362054824829]",42258710,https://pubmed.ncbi.nlm.nih.gov/42258710/,10.1073/pnas.2522000123,Psychedelics disrupt hierarchical cortical propagations in the default mode network of humans and mice.,2026-06-16,"Psychedelic drugs are poised to become mainstream treatments, yet we lack a circuit-level account of how they reshape brain activity. Emerging evidence suggests that multiple psychedelic compounds modulate activity in the brain's default mode network (DMN), often interpreted as either increased or decreased bottom-up hierarchical processing. Most imaging studies, however, quantify activity as if it were stationary, remaining agnostic to the ascending or descending movements of activity that defines hierarchical processing. Here, we adapt optical flow analyses to track frame-to-frame trajectories of DMN activity across four independent datasets (humans and mice; methylenedioxymethamphetamine, psilocybin, and lysergic acid diethylamide; nine drug-vs.-control contrasts). In functional magnetic resonance and calcium imaging, all psychedelics attenuate signal flow magnitude and bottom-up directionality within the DMN. Propagation attenuation is not attributable to data quality or previously documented effects of psychedelics and is uniquely associated with self-reported outcomes. This replicable and generalizable attenuation of bottom-up cortical propagations provides fundamental clarification of the effects of psychedelics on macroscale hierarchical processing.","['cortical propagations', 'default mode network', 'hierarchical processing', 'neuroimaging', 'psychedelics']","AR. Pines, X. Zhang, J. Kochalka, SS. Vesuna, IV. Kauvar, D. Rajasekharan, TR. Reneau, TJ. Akiki, LM. Hack, JS. Siegel, LM. Williams",2026
42257400,"Short- and Long-Acting Psychedelics: Structure-Activity Relationships, Pharmacology, and Implications for Neuropsychiatric Therapeutics.^
Psychedelics have re-emerged as promising therapeutics for neuropsychiatric disorders, including depression, anxiety, post-traumatic stress disorder, and substance use disorders. While their beneficial effects are largely attributed to serotonin 2A (5-HT2A) receptor activation, psychedelics exhibit substantial diversity in chemical structure, receptor binding kinetics, metabolism, and duration of action. These differences underpin the distinction between short-acting psychedelics like N,N-dimethyltryptamine (DMT) and 5-methoxy-DMT, and long-acting compounds like lysergic acid diethylamide (LSD) and mescaline. Short-acting psychedelics may offer advantages in clinical settings where brief therapeutic sessions are preferred, while long-acting agents may be relatively more effective for clinical outcomes. This review highlights the chemistry, structure-activity relationships, and pharmacology of both short- and long-acting psychedelics. We examine key functional group modifications that influence receptor binding affinity, efficacy, and duration. By integrating insights from synthetic chemistry, pharmacology, and clinical effects, this review provides a framework for rational psychedelic drug development aimed at producing next-generation antidepressants, anxiolytics, and substance use disorder treatments with controlled and predictable clinical effects.",0,"[0.9933837056159973, 0.006616282742470503]",42257400,https://pubmed.ncbi.nlm.nih.gov/42257400/,10.1021/acschemneuro.6c00202,"Short- and Long-Acting Psychedelics: Structure-Activity Relationships, Pharmacology, and Implications for Neuropsychiatric Therapeutics.",2026-06-17,"Psychedelics have re-emerged as promising therapeutics for neuropsychiatric disorders, including depression, anxiety, post-traumatic stress disorder, and substance use disorders. While their beneficial effects are largely attributed to serotonin 2A (5-HT2A) receptor activation, psychedelics exhibit substantial diversity in chemical structure, receptor binding kinetics, metabolism, and duration of action. These differences underpin the distinction between short-acting psychedelics like N,N-dimethyltryptamine (DMT) and 5-methoxy-DMT, and long-acting compounds like lysergic acid diethylamide (LSD) and mescaline. Short-acting psychedelics may offer advantages in clinical settings where brief therapeutic sessions are preferred, while long-acting agents may be relatively more effective for clinical outcomes. This review highlights the chemistry, structure-activity relationships, and pharmacology of both short- and long-acting psychedelics. We examine key functional group modifications that influence receptor binding affinity, efficacy, and duration. By integrating insights from synthetic chemistry, pharmacology, and clinical effects, this review provides a framework for rational psychedelic drug development aimed at producing next-generation antidepressants, anxiolytics, and substance use disorder treatments with controlled and predictable clinical effects.","['5-HT2A', 'long-acting', 'psilocybin', 'psychedelics', 'short-acting']","A. Bhat, E. Zolali, MA. Sakib, M. Rahimian, LR. McMahon, N. German, S. Obeng",2026
42255873,"Severe Hyponatremic Encephalopathy Induced by Unsupervised ""Therapeutic"" 3,4-Methylenedioxymethamphetamine Use in a 55-Year-Old Woman: A Diagnostic Pitfall.^
While the clinical archetype of 3,4-methylenedioxymethamphetamine (MDMA) toxicity is traditionally associated with young individuals in nightlife environments, particularly in nightclubs and rave settings, its emerging role in therapeutic research may contribute to increasing unsupervised use. As MDMA gains mainstream attention for its potential mental health benefits, particularly for posttraumatic stress disorder, its use may involve a broader demographic, including older individuals in non-recreational contexts. This transition may create a diagnostic pitfall for emergency physicians, particularly through representativeness bias - the tendency to judge a clinical situation based on similarity to a stereotypical category without regard to underlying base rates. When severe hyponatremia occurs in an older patient during a mundane social setting, toxic etiologies may be overlooked, as the presentation does not match the expected profile of MDMA toxicity typically seen in younger individuals. We report a life-threatening case of MDMA-induced hyponatremic encephalopathy in a 55-year-old woman, occurring in a private domestic setting. The patient developed severe hyponatremia with neurological deterioration following self-directed ""therapeutic"" MDMA use. This case highlights the need to reconsider the demographic and contextual profile of synthetic drug toxicity in the era of emerging psychedelic-assisted therapy research and underscores the importance of maintaining a broad differential diagnosis for unexplained hyponatremia with altered mental status, regardless of patient age or social context.",1,"[0.016058655455708504, 0.983941376209259]",42255873,https://pubmed.ncbi.nlm.nih.gov/42255873/,10.7759/cureus.108360,"Severe Hyponatremic Encephalopathy Induced by Unsupervised ""Therapeutic"" 3,4-Methylenedioxymethamphetamine Use in a 55-Year-Old Woman: A Diagnostic Pitfall.",2026-05-01,"While the clinical archetype of 3,4-methylenedioxymethamphetamine (MDMA) toxicity is traditionally associated with young individuals in nightlife environments, particularly in nightclubs and rave settings, its emerging role in therapeutic research may contribute to increasing unsupervised use. As MDMA gains mainstream attention for its potential mental health benefits, particularly for posttraumatic stress disorder, its use may involve a broader demographic, including older individuals in non-recreational contexts. This transition may create a diagnostic pitfall for emergency physicians, particularly through representativeness bias - the tendency to judge a clinical situation based on similarity to a stereotypical category without regard to underlying base rates. When severe hyponatremia occurs in an older patient during a mundane social setting, toxic etiologies may be overlooked, as the presentation does not match the expected profile of MDMA toxicity typically seen in younger individuals. We report a life-threatening case of MDMA-induced hyponatremic encephalopathy in a 55-year-old woman, occurring in a private domestic setting. The patient developed severe hyponatremia with neurological deterioration following self-directed ""therapeutic"" MDMA use. This case highlights the need to reconsider the demographic and contextual profile of synthetic drug toxicity in the era of emerging psychedelic-assisted therapy research and underscores the importance of maintaining a broad differential diagnosis for unexplained hyponatremia with altered mental status, regardless of patient age or social context.","['4-methylenedioxymethamphetamine (mdma)', 'acute hyponatremia', 'diagnostic bias', 'emergency medicine', 'toxic encephalopathy', 'toxicology']","PH. Woitrin, P. Lievens",2026
42255330,"Computational spirits: a neuroscientific account of psychedelic entity encounters.^
Under the influence of psychedelics, people often report encountering ""entities"" who seem to have their own autonomous agency. Depending on the cultural milieu, these entities are reported to take a variety of forms, including spirits, elves, ancestors, or fragments of the self. Encounters with such beings hold a central place in many traditions of psychedelic practice around the world. And yet, mechanistic accounts of these experiences are scarce in the neuroscientific literature. Here, we propose a neurocomputational model to account for experiences of entities, focusing primarily on those occasioned by the serotonergic psychedelic N,N-dimethyltryptamine. Our model builds on earlier theoretical accounts, including the entropic brain model of psychedelics, computational accounts of the felt presence of other minds, and theories of self-other discrimination based on sensory attenuation. We synthesize and expand on these perspectives through an overarching physics-based approach to cognition and brain function-the active inference framework. We propose that the general effects of psychedelics on large-scale neural dynamics may shape the way the brain comes to infer and interpret agentic presences. In particular, the reduction in the predictability of sensory perceptions during the psychedelic state may incline the brain to interpret perceptions, both internal and external, as resulting from non-self-agentic sources. In specifying the neurocomputational mechanisms, our model aims to explain how the brain supports entity encounters while also accounting for the diversity (and similarity) of these experiences across cultural contexts.",0,"[0.9920377731323242, 0.00796222873032093]",42255330,https://pubmed.ncbi.nlm.nih.gov/42255330/,10.1093/nc/niaf069,Computational spirits: a neuroscientific account of psychedelic entity encounters.,2026-01-01,"Under the influence of psychedelics, people often report encountering ""entities"" who seem to have their own autonomous agency. Depending on the cultural milieu, these entities are reported to take a variety of forms, including spirits, elves, ancestors, or fragments of the self. Encounters with such beings hold a central place in many traditions of psychedelic practice around the world. And yet, mechanistic accounts of these experiences are scarce in the neuroscientific literature. Here, we propose a neurocomputational model to account for experiences of entities, focusing primarily on those occasioned by the serotonergic psychedelic N,N-dimethyltryptamine. Our model builds on earlier theoretical accounts, including the entropic brain model of psychedelics, computational accounts of the felt presence of other minds, and theories of self-other discrimination based on sensory attenuation. We synthesize and expand on these perspectives through an overarching physics-based approach to cognition and brain function-the active inference framework. We propose that the general effects of psychedelics on large-scale neural dynamics may shape the way the brain comes to infer and interpret agentic presences. In particular, the reduction in the predictability of sensory perceptions during the psychedelic state may incline the brain to interpret perceptions, both internal and external, as resulting from non-self-agentic sources. In specifying the neurocomputational mechanisms, our model aims to explain how the brain supports entity encounters while also accounting for the diversity (and similarity) of these experiences across cultural contexts.","['DMT', 'computational modeling', 'phenomenology', 'psychedelics', 'active inference']","J. Mago, G. Deane, L. Sandved-Smith, A. Safron, C. Timmermann, M. Ramstead, D. Dupuis, R. Carhart-Harris, KT. Greenway, M. Lifshitz",2026
42254210,"Ecstasy (MDMA) for social anxiety in autism: a specialized application of empathogen therapy.^
",0,"[0.9716324210166931, 0.028367597609758377]",42254210,https://pubmed.ncbi.nlm.nih.gov/42254210/,10.1097/MS9.0000000000004936,Ecstasy (MDMA) for social anxiety in autism: a specialized application of empathogen therapy.,2026-06-01,,[],"M. Sheikh, Z. Bilal, SH. Fatima, JH. Jaber Amin",2026
42251276,"Effect of intraoperative ketamine on pain, opioid use, and psychological recovery in orthopedic trauma patients (KOPM trial): protocol for a randomized, single-blind trial.^
BACKGROUND: Orthopedic trauma patients frequently struggle with pain control, prolonged opioid use, and psychiatric co-morbidities, including depression and post-traumatic stress disorder (PTSD). Current treatment strategies inadequately address both pain and psychological recovery. Ketamine, an NMDA receptor antagonist with analgesic and psychotropic properties, has shown promise in surgical and psychiatric populations but has not been evaluated in polytraumatized orthopedic patients. OBJECTIVES: This study evaluates ketamine's effectiveness on postoperative pain measured by the Visual Analog Scale (VAS), opioid consumption converted to morphine milligram equivalents (MME), and psychological recovery assessed with the Patient Health Questionnaire-9 (PHQ-9) and PTSD Checklist for DSM-5 (PCL-5). METHODS: In this prospective, randomized, single-blind, active comparator study, 90 adults aged 18-65 undergoing operative fixation for orthopedic injuries at a Level I Trauma Center will receive either ketamine (0.5 mg/kg IV bolus) or standard general anesthesia without ketamine. Participants remain blinded to treatment, while surgical, anesthesia, and postoperative clinical care teams are unblinded. Outcomes will be measured at 1-7 days, 2-3 weeks, 6 weeks, 3 months, and 6 months postoperatively. DISCUSSION: This is the first randomized controlled trial to evaluate intraoperative ketamine for both physical and psychological recovery in orthopedic trauma patients, addressing a critical gap in perioperative trauma care. CLINICAL TRIAL REGISTRATION: The www.clinicaltrials.gov identifier is NCT06903819.",1,"[0.004451053682714701, 0.9955489635467529]",42251276,https://pubmed.ncbi.nlm.nih.gov/42251276/,10.1080/17581869.2026.2682470,"Effect of intraoperative ketamine on pain, opioid use, and psychological recovery in orthopedic trauma patients (KOPM trial): protocol for a randomized, single-blind trial.",2026-06-06,"BACKGROUND: Orthopedic trauma patients frequently struggle with pain control, prolonged opioid use, and psychiatric co-morbidities, including depression and post-traumatic stress disorder (PTSD). Current treatment strategies inadequately address both pain and psychological recovery. Ketamine, an NMDA receptor antagonist with analgesic and psychotropic properties, has shown promise in surgical and psychiatric populations but has not been evaluated in polytraumatized orthopedic patients. OBJECTIVES: This study evaluates ketamine's effectiveness on postoperative pain measured by the Visual Analog Scale (VAS), opioid consumption converted to morphine milligram equivalents (MME), and psychological recovery assessed with the Patient Health Questionnaire-9 (PHQ-9) and PTSD Checklist for DSM-5 (PCL-5). METHODS: In this prospective, randomized, single-blind, active comparator study, 90 adults aged 18-65 undergoing operative fixation for orthopedic injuries at a Level I Trauma Center will receive either ketamine (0.5 mg/kg IV bolus) or standard general anesthesia without ketamine. Participants remain blinded to treatment, while surgical, anesthesia, and postoperative clinical care teams are unblinded. Outcomes will be measured at 1-7 days, 2-3 weeks, 6 weeks, 3 months, and 6 months postoperatively. DISCUSSION: This is the first randomized controlled trial to evaluate intraoperative ketamine for both physical and psychological recovery in orthopedic trauma patients, addressing a critical gap in perioperative trauma care. CLINICAL TRIAL REGISTRATION: The www.clinicaltrials.gov identifier is NCT06903819.","['Orthopedics', 'anesthesia', 'depression', 'ketamine', 'mood', 'opioids', 'pain', 'trauma']","C. Curran, EJ. Hernandez, J. Hudnall, J. Sra, ME. Davis",2026
42250921,"Ibogaine in the Vet Brain: Changes in Brain Metabolism and Connectivity After Ibogaine Administration in Veterans With Traumatic Brain Injury.^
",1,"[0.06718587130308151, 0.9328141212463379]",42250921,https://pubmed.ncbi.nlm.nih.gov/42250921/,10.1016/j.bpsc.2026.04.005,Ibogaine in the Vet Brain: Changes in Brain Metabolism and Connectivity After Ibogaine Administration in Veterans With Traumatic Brain Injury.,2026-06-01,,[],GA. Fonzo,2026
42250635,"Psychometric validation of the French version of the five-dimensional altered states of consciousness questionnaire (5D-ASC) and associated 11 OAV subscales.^
INTRODUCTION: The renewal of psychedelic medicine has garnered significant scientific interest, with large efforts dedicated to the understanding of the complex subjective experiences induced by these substances. The Altered States of Consciousness (ASC) questionnaire represents the most comprehensive instrument for measuring such experiences yet lacks a validated French translation despite its centrality to research. MATERIALS AND METHODS: A psychometric validation of the French 5D-ASC and 11 OAV subscales was conducted using data from 777 participants recruited through online platforms. Participants completed the 94-item questionnaire based on a past naturalistic psychedelic experience induced by a classical or non-classical psychedelic substance. Confirmatory factor analysis (CFA) of established factorial structures, multiple-indicator multiple-cause (MIMIC) modeling assessing measurement invariance across substance categories, and comprehensive reliability analyses were used. RESULTS: The 11-subscale solution demonstrated better fit compared to higher-order structures (CFI = 0.882, RMSEA = 0.051, SRMR = 0.061), though comparative fit indices remained marginally below conventional thresholds. Internal consistency was excellent for global scores (α = 0.95) and satisfactory across individual subscales (α = 0.63-0.84). Construct validity was supported by theoretically consistent inter-scale correlations and convergent validity with single-item validators. MIMIC modeling revealed modest differential item functioning but confirmed measurement invariance, with latent factor differences aligning with known pharmacological profiles. CONCLUSION: This study provides preliminary evidence for the psychometric validity of the French 5D-ASC. These findings enable future research examining the relationship between subjective experience and therapeutic outcomes in francophone contexts, contributing to the international standardization of psychedelic research instruments.",1,"[0.01006545964628458, 0.989934504032135]",42250635,https://pubmed.ncbi.nlm.nih.gov/42250635/,10.1016/j.pnpbp.2026.111770,Psychometric validation of the French version of the five-dimensional altered states of consciousness questionnaire (5D-ASC) and associated 11 OAV subscales.,2026-06-20,"INTRODUCTION: The renewal of psychedelic medicine has garnered significant scientific interest, with large efforts dedicated to the understanding of the complex subjective experiences induced by these substances. The Altered States of Consciousness (ASC) questionnaire represents the most comprehensive instrument for measuring such experiences yet lacks a validated French translation despite its centrality to research. MATERIALS AND METHODS: A psychometric validation of the French 5D-ASC and 11 OAV subscales was conducted using data from 777 participants recruited through online platforms. Participants completed the 94-item questionnaire based on a past naturalistic psychedelic experience induced by a classical or non-classical psychedelic substance. Confirmatory factor analysis (CFA) of established factorial structures, multiple-indicator multiple-cause (MIMIC) modeling assessing measurement invariance across substance categories, and comprehensive reliability analyses were used. RESULTS: The 11-subscale solution demonstrated better fit compared to higher-order structures (CFI = 0.882, RMSEA = 0.051, SRMR = 0.061), though comparative fit indices remained marginally below conventional thresholds. Internal consistency was excellent for global scores (α = 0.95) and satisfactory across individual subscales (α = 0.63-0.84). Construct validity was supported by theoretically consistent inter-scale correlations and convergent validity with single-item validators. MIMIC modeling revealed modest differential item functioning but confirmed measurement invariance, with latent factor differences aligning with known pharmacological profiles. CONCLUSION: This study provides preliminary evidence for the psychometric validity of the French 5D-ASC. These findings enable future research examining the relationship between subjective experience and therapeutic outcomes in francophone contexts, contributing to the international standardization of psychedelic research instruments.","['5D-ASC', 'Altered states of consciousness questionnaire', 'Consciousness alteration', 'Dissociative', 'Entactogen', 'Ketamine', 'MDMA', 'Psychedelics', 'Serotonergic psychedelics']","E. Kervadec, P. Mathieu, B. Fauvel, L. Strika-Bruneau, A. Amirouche, P. Piolino, A. Benyamina, B. Romeo, R. Hacquet",2026
42249667,"Return of the sacred: Psychiatry's evolving relationship with spirituality.^
BackgroundPsychiatry has long maintained an ambivalent relationship with religion and spirituality, often acknowledging their relevance while remaining cautious about clinical engagement.ObjectivesThis article examines the historical, conceptual, and clinical tensions surrounding spirituality in psychiatry and explores how contemporary psychedelic research has renewed attention to meaning and transcendence.DiscussionWe examine definitions, nosology, and evidence linking spirituality and meaning within psychiatry. We explore how psychedelic-assisted therapies highlight both therapeutic potential and ethical risks in addressing existential suffering.ConclusionPsychiatry faces a challenging opportunity to integrate spiritual dimensions of distress without compromising scientific integrity, shaping its future relationship with the sacred.",0,"[0.989838719367981, 0.010161285288631916]",42249667,https://pubmed.ncbi.nlm.nih.gov/42249667/,10.1177/10398562261457011,Return of the sacred: Psychiatry's evolving relationship with spirituality.,2026-06-05,"BackgroundPsychiatry has long maintained an ambivalent relationship with religion and spirituality, often acknowledging their relevance while remaining cautious about clinical engagement.ObjectivesThis article examines the historical, conceptual, and clinical tensions surrounding spirituality in psychiatry and explores how contemporary psychedelic research has renewed attention to meaning and transcendence.DiscussionWe examine definitions, nosology, and evidence linking spirituality and meaning within psychiatry. We explore how psychedelic-assisted therapies highlight both therapeutic potential and ethical risks in addressing existential suffering.ConclusionPsychiatry faces a challenging opportunity to integrate spiritual dimensions of distress without compromising scientific integrity, shaping its future relationship with the sacred.","['existential distress', 'meaning', 'mysticism', 'psychedelics', 'religion', 'spirituality']","O. Bhatti, MQ. Latifi",2026
42248832,"Prenatal stress, excitatory-inhibitory imbalance, and ADHD risk: a hypothesis-driven perspective on psilocybin-induced neuroplasticity.^
Attention-deficit/hyperactivity disorder (ADHD) is a prevalent neurodevelopmental condition in which prenatal stress and long-lasting disruptions of excitatory-inhibitory (E/I) balance have been implicated as key vulnerability factors. Although established pharmacological and behavioral treatments are effective for many individuals, they are not universally successful and do not directly target upstream neurodevelopmental mechanisms. In this hypothesis-driven perspective, we examine whether psilocybin-induced neuroplasticity could theoretically modulate stress-related neurodevelopmental risk pathways relevant to ADHD. Rather than presenting psilocybin as an evidence-based intervention, we synthesize findings from related preclinical and clinical literatures to explore conceptual plausibility. Preclinical studies in non-ADHD models indicate that psilocybin can induce rapid and sustained synaptic plasticity, alter cortical E/I dynamics, and reverse stress-associated structural and functional alterations. Human clinical trials in adults-primarily in mood, trauma-related, and substance use disorders-demonstrate durable changes in emotional regulation, cognitive flexibility, and large-scale brain network organization, processes that overlap with neural systems implicated in ADHD. Research into the use of psilocybin for ADHD is in its early stages, with emerging, largely self-reported, and preliminary studies suggesting potential benefits for managing symptoms like inattention, impulsivity, and emotional dysregulation. We therefore frame psilocybin as a speculative (secondary/tertiary) approach that could, in principle, be explored to probe mechanisms of E/I rebalancing and neuroplasticity. Key mechanistic uncertainties-including the state-dependent effects of psilocybin on excitation and inhibition and the possibility of exacerbating existing imbalances-are explicitly discussed. Ethical and developmental considerations, particularly regarding vulnerable populations, are emphasized as critical constraints on translation. Finally, we propose a translational research roadmap encompassing preclinical prenatal-stress models, biomarker-driven pilot studies in ADHD, and multimodal outcome measures integrating neuroimaging, electrophysiology, and molecular indices. By clearly distinguishing established evidence from hypothesis, this perspective aims to stimulate rigorous and ethically grounded research rather than to advocate premature clinical application.",0,"[0.9945831894874573, 0.005416828207671642]",42248832,https://pubmed.ncbi.nlm.nih.gov/42248832/,10.1038/s41398-026-04151-x,"Prenatal stress, excitatory-inhibitory imbalance, and ADHD risk: a hypothesis-driven perspective on psilocybin-induced neuroplasticity.",2026-06-05,"Attention-deficit/hyperactivity disorder (ADHD) is a prevalent neurodevelopmental condition in which prenatal stress and long-lasting disruptions of excitatory-inhibitory (E/I) balance have been implicated as key vulnerability factors. Although established pharmacological and behavioral treatments are effective for many individuals, they are not universally successful and do not directly target upstream neurodevelopmental mechanisms. In this hypothesis-driven perspective, we examine whether psilocybin-induced neuroplasticity could theoretically modulate stress-related neurodevelopmental risk pathways relevant to ADHD. Rather than presenting psilocybin as an evidence-based intervention, we synthesize findings from related preclinical and clinical literatures to explore conceptual plausibility. Preclinical studies in non-ADHD models indicate that psilocybin can induce rapid and sustained synaptic plasticity, alter cortical E/I dynamics, and reverse stress-associated structural and functional alterations. Human clinical trials in adults-primarily in mood, trauma-related, and substance use disorders-demonstrate durable changes in emotional regulation, cognitive flexibility, and large-scale brain network organization, processes that overlap with neural systems implicated in ADHD. Research into the use of psilocybin for ADHD is in its early stages, with emerging, largely self-reported, and preliminary studies suggesting potential benefits for managing symptoms like inattention, impulsivity, and emotional dysregulation. We therefore frame psilocybin as a speculative (secondary/tertiary) approach that could, in principle, be explored to probe mechanisms of E/I rebalancing and neuroplasticity. Key mechanistic uncertainties-including the state-dependent effects of psilocybin on excitation and inhibition and the possibility of exacerbating existing imbalances-are explicitly discussed. Ethical and developmental considerations, particularly regarding vulnerable populations, are emphasized as critical constraints on translation. Finally, we propose a translational research roadmap encompassing preclinical prenatal-stress models, biomarker-driven pilot studies in ADHD, and multimodal outcome measures integrating neuroimaging, electrophysiology, and molecular indices. By clearly distinguishing established evidence from hypothesis, this perspective aims to stimulate rigorous and ethically grounded research rather than to advocate premature clinical application.",[],"S. Ahmadian-Moghadam, S. Roshan-Milani, E. Saboory",2026
42248535,"Changes in anxiety, quality of life, and functioning following psilocybin-assisted therapy in veterans with treatment-resistant depression.^
BACKGROUND: Psilocybin has demonstrated promise for improving depressive symptoms in treatment-resistant depression, but its effects on anxiety, quality of life, functioning, and posttraumatic stress symptoms are less well studied. This study reports exploratory findings from an open-label trial in Veterans with TRD. METHODS: Participants received a single 25-mg dose of psilocybin administered with psychological support. The primary endpoint was assessed 3 weeks post-dose, with follow-up extending to 12 months. Outcomes included anxiety severity (GAD-7), quality of life (Q-LES-Q-SF), functional impairment (WSAS), and posttraumatic stress disorder symptoms (PCL-5). Experiential outcomes were measured with the Mystical Experience Questionnaire (MEQ), Challenging Experiences Questionnaire (CEQ-30), and Emotional Breakthrough Inventory (EBI). Mixed-effects models were used to evaluate longitudinal changes, and correlation analyses examined associations between measures and changes in depressive symptoms on the Montgomery-Åsberg Depression Rating Scale. RESULTS: Fifteen participants were included, with ten completing long-term follow-up. GAD-7 scores demonstrated sustained improvements through 12 months, with a 59% reduction from baseline at Week 3. Q-LES-Q-SF gains were significant through Week 12, with a 24% increase at Week 3, and WSAS improvements persisted through Month 6 before declining, with a 46% reduction at Week 3. These effects were no longer statistically significant after accounting for improvements in depression. Unadjusted PCL-5 reductions were observed at all timepoints. Exploratory analyses of acute subjective experiences did not correlate to treatment response. LIMITATIONS: This study is limited by its small sample size and open-label design. CONCLUSIONS: Psilocybin with psychological support was associated with improvements in anxiety, quality of life, functioning, and PTSD symptoms which largely correlated to concurrent improvements in depressive symptoms. CLINICAL TRIAL: NCT04433858.",1,"[0.0030342384707182646, 0.9969657063484192]",42248535,https://pubmed.ncbi.nlm.nih.gov/42248535/,10.1016/j.jad.2026.122063,"Changes in anxiety, quality of life, and functioning following psilocybin-assisted therapy in veterans with treatment-resistant depression.",2026-06-04,"BACKGROUND: Psilocybin has demonstrated promise for improving depressive symptoms in treatment-resistant depression, but its effects on anxiety, quality of life, functioning, and posttraumatic stress symptoms are less well studied. This study reports exploratory findings from an open-label trial in Veterans with TRD. METHODS: Participants received a single 25-mg dose of psilocybin administered with psychological support. The primary endpoint was assessed 3 weeks post-dose, with follow-up extending to 12 months. Outcomes included anxiety severity (GAD-7), quality of life (Q-LES-Q-SF), functional impairment (WSAS), and posttraumatic stress disorder symptoms (PCL-5). Experiential outcomes were measured with the Mystical Experience Questionnaire (MEQ), Challenging Experiences Questionnaire (CEQ-30), and Emotional Breakthrough Inventory (EBI). Mixed-effects models were used to evaluate longitudinal changes, and correlation analyses examined associations between measures and changes in depressive symptoms on the Montgomery-Åsberg Depression Rating Scale. RESULTS: Fifteen participants were included, with ten completing long-term follow-up. GAD-7 scores demonstrated sustained improvements through 12 months, with a 59% reduction from baseline at Week 3. Q-LES-Q-SF gains were significant through Week 12, with a 24% increase at Week 3, and WSAS improvements persisted through Month 6 before declining, with a 46% reduction at Week 3. These effects were no longer statistically significant after accounting for improvements in depression. Unadjusted PCL-5 reductions were observed at all timepoints. Exploratory analyses of acute subjective experiences did not correlate to treatment response. LIMITATIONS: This study is limited by its small sample size and open-label design. CONCLUSIONS: Psilocybin with psychological support was associated with improvements in anxiety, quality of life, functioning, and PTSD symptoms which largely correlated to concurrent improvements in depressive symptoms. CLINICAL TRIAL: NCT04433858.","['Anxiety', 'Posttraumatic stress disorder', 'Psilocybin', 'Treatment-resistant depression', 'Veteran']","CM. Kelly, M. Fradet, CM. Bostian, A. Donnelly, S. Ellis, M. Ostacher, S. Aaronson, T. Suppes",2026
42248136,"Priorities for psychedelic research among people who use psychedelics.^
Most academic psychedelic research is clinically oriented, with industry research primarily focusing on the medicalization of these substances. Given the rapid policy changes and the surge in interest among researchers and the public, it is imperative to assess and document the research priorities of the broader psychedelic community. This study aimed to identify these priorities through an anonymous online survey conducted in 2022 among U.S. adults who self-reported past psychedelic use. A trained team coded the responses of 1192 participants to an open-ended question regarding their views on the priorities for psychedelic research. Emerging themes and sub-themes were compared to research topics discussed during a National Institutes of Health (NIH) Workshop on future psychedelic research directions held in the same year. Participants identified seven major domains for future research: 1) therapeutic efficacy for treating health and medical conditions; 2) best practices for non-clinical psychedelic use; 3) general safety and adverse experiences; 4) promoting a broad understanding of psychedelics, including indigenous traditions and community impacts; 5) desirable outcomes for non-medical psychedelic use, such as increases in creativity and spiritual awakening; 6) best practices for psychedelic-assisted therapy; and 7) best practices for psychedelic research. Although there was some overlap between the research priorities of psychedelic users and those of influential institutional researchers, notable differences were observed. Institutional researchers emphasized molecular, neurological, and clinical research, whereas psychedelic users prioritized best practices for non-clinical use and broader societal and cultural issues.",1,"[0.27401497960090637, 0.7259849905967712]",42248136,https://pubmed.ncbi.nlm.nih.gov/42248136/,10.1016/j.jpsychires.2026.06.007,Priorities for psychedelic research among people who use psychedelics.,2026-06-02,"Most academic psychedelic research is clinically oriented, with industry research primarily focusing on the medicalization of these substances. Given the rapid policy changes and the surge in interest among researchers and the public, it is imperative to assess and document the research priorities of the broader psychedelic community. This study aimed to identify these priorities through an anonymous online survey conducted in 2022 among U.S. adults who self-reported past psychedelic use. A trained team coded the responses of 1192 participants to an open-ended question regarding their views on the priorities for psychedelic research. Emerging themes and sub-themes were compared to research topics discussed during a National Institutes of Health (NIH) Workshop on future psychedelic research directions held in the same year. Participants identified seven major domains for future research: 1) therapeutic efficacy for treating health and medical conditions; 2) best practices for non-clinical psychedelic use; 3) general safety and adverse experiences; 4) promoting a broad understanding of psychedelics, including indigenous traditions and community impacts; 5) desirable outcomes for non-medical psychedelic use, such as increases in creativity and spiritual awakening; 6) best practices for psychedelic-assisted therapy; and 7) best practices for psychedelic research. Although there was some overlap between the research priorities of psychedelic users and those of influential institutional researchers, notable differences were observed. Institutional researchers emphasized molecular, neurological, and clinical research, whereas psychedelic users prioritized best practices for non-clinical use and broader societal and cultural issues.","['Adverse experiences', 'Harm reduction', 'Psychedelics', 'Research', 'Therapy']","DJ. Kruger, A. Czerew, L. Farquhar, J. Redfield, V. Swaroop, T. Andrews, B. Colvard, M. Faqqouseh, J. Barron, M. Herberholz, NG. Glynos, KF. Boehnke",2026
42247761,"A cross-national comparison of nonmedical and medical use of psychedelic drugs in the international cannabis policy study.^
BACKGROUND: We know little about the extent psychedelic substances are consumed therapeutically and/or discussed with medical professionals despite renewed global interest in these substances. METHODS: We examined self-reported responses from the 2023 International Cannabis Policy Study (ICPS) in repeated cross-sectional surveys in Canada, the United States, Australia, and New Zealand. The survey included questions on lifetime, past year, and past month use of psilocybin, LSD, MDMA, and ketamine. It inquired about respondents' discussions with medical professionals, their self-reported medical use, and related adverse events. We estimate the mean proportion rate for each of these using logistic regression methods that adjust for demographics, country, and sampling weights. FINDINGS: Estimated results suggest nineteen per cent of all ICPS respondents reported lifetime use of one of the four substances. Psilocybin was the most commonly estimated to be used in one's lifetime and in the past year, followed by LSD and MDMA. Estimated prevalences of ever using psilocybin were higher among respondents from Canada (16.3%, CI: 15.6-16.9%) than the USA (13.0%, CI: 12.3-13.6%) and New Zealand (12.1%, CI: 10.4-13.8%). Estimated rates of psilocybin ever use in Australia were significantly lower (7.8%, CI: 6.8-8.8%). An estimated 10-20% of respondents who report ever-use of a psychedelic asked their medical provider about medical use, and over a third who had used in the past year reported experiencing an adverse health effect. Estimated rates of past month use were low for all countries. INTERPRETATION: Consumer interest in therapeutic use of psilocybin, MDMA, LSD, and ketamine has surpassed the pace of clinical trials and therapeutic use provisions. These provisions do not necessarily equate to patient access and dual use motivations are not uncommon. Access via nonregulated pathways and self-initiated use in the absence of medical supervision may influence the proportion of individuals who experience adverse events.",1,"[0.005628425627946854, 0.9943715333938599]",42247761,https://pubmed.ncbi.nlm.nih.gov/42247761/,10.1016/j.drugpo.2026.105348,A cross-national comparison of nonmedical and medical use of psychedelic drugs in the international cannabis policy study.,2026-08-01,"BACKGROUND: We know little about the extent psychedelic substances are consumed therapeutically and/or discussed with medical professionals despite renewed global interest in these substances. METHODS: We examined self-reported responses from the 2023 International Cannabis Policy Study (ICPS) in repeated cross-sectional surveys in Canada, the United States, Australia, and New Zealand. The survey included questions on lifetime, past year, and past month use of psilocybin, LSD, MDMA, and ketamine. It inquired about respondents' discussions with medical professionals, their self-reported medical use, and related adverse events. We estimate the mean proportion rate for each of these using logistic regression methods that adjust for demographics, country, and sampling weights. FINDINGS: Estimated results suggest nineteen per cent of all ICPS respondents reported lifetime use of one of the four substances. Psilocybin was the most commonly estimated to be used in one's lifetime and in the past year, followed by LSD and MDMA. Estimated prevalences of ever using psilocybin were higher among respondents from Canada (16.3%, CI: 15.6-16.9%) than the USA (13.0%, CI: 12.3-13.6%) and New Zealand (12.1%, CI: 10.4-13.8%). Estimated rates of psilocybin ever use in Australia were significantly lower (7.8%, CI: 6.8-8.8%). An estimated 10-20% of respondents who report ever-use of a psychedelic asked their medical provider about medical use, and over a third who had used in the past year reported experiencing an adverse health effect. Estimated rates of past month use were low for all countries. INTERPRETATION: Consumer interest in therapeutic use of psilocybin, MDMA, LSD, and ketamine has surpassed the pace of clinical trials and therapeutic use provisions. These provisions do not necessarily equate to patient access and dual use motivations are not uncommon. Access via nonregulated pathways and self-initiated use in the absence of medical supervision may influence the proportion of individuals who experience adverse events.","['Adverse events', 'Drug policy', 'Medical use', 'Nonmedical use', 'Psychedelics']","M. Graham, Y. Ge, RL. Pacula, SC. Pessar, C. Wilkins, W. Hall, D. Hammond",2026
42247742,"Simultaneous use of cannabis with other drugs: Identifying latent classes in a sample of Canadians.^
BACKGROUND: Rates of cannabis use are rising, with potential public health implications. However, many people who use cannabis use it simultaneously with other psychoactive drugs such that their intoxicating effects overlap. Thus, it is important to understand cannabis use in the context of simultaneous use with other substances, especially in jurisdictions with legal access to cannabis. We used latent class analysis (LCA) to identify patterns of simultaneous use of cannabis with other drugs in a sample of Canadians who use cannabis and examined demographic and cannabis-related correlates of class membership. METHOD: Data came from the 2023 Canadian Substance Use Survey. Individuals who reported past year cannabis use (N = 12,344) were included. Survey items asked participants if they combined cannabis with each of 10 different drugs over the past year, from which seven indicators of drug types used simultaneously with cannabis were derived for the LCA. RESULTS: We identified three latent classes: 1) low overall simultaneous use with occasional simultaneous use of cannabis with alcohol, 2) simultaneous use of cannabis with alcohol and hallucinogens, and 3) high overall simultaneous use (i.e., simultaneous use of cannabis with alcohol, hallucinogens, illicit stimulants, and prescription drugs). Age, sex, income, and several cannabis-related variables (i.e., use frequency, medicinal use, problematic use) were uniquely associated with class membership. CONCLUSIONS: Results illustrate distinct patterns of simultaneous use of cannabis with other drugs, which are linked with different levels of cannabis-related problems. Findings may inform education efforts on the risks associated with using cannabis simultaneously with various other drugs.",0,"[0.9817666411399841, 0.018233362585306168]",42247742,https://pubmed.ncbi.nlm.nih.gov/42247742/,10.1016/j.drugpo.2026.105379,Simultaneous use of cannabis with other drugs: Identifying latent classes in a sample of Canadians.,2026-06-05,"BACKGROUND: Rates of cannabis use are rising, with potential public health implications. However, many people who use cannabis use it simultaneously with other psychoactive drugs such that their intoxicating effects overlap. Thus, it is important to understand cannabis use in the context of simultaneous use with other substances, especially in jurisdictions with legal access to cannabis. We used latent class analysis (LCA) to identify patterns of simultaneous use of cannabis with other drugs in a sample of Canadians who use cannabis and examined demographic and cannabis-related correlates of class membership. METHOD: Data came from the 2023 Canadian Substance Use Survey. Individuals who reported past year cannabis use (N = 12,344) were included. Survey items asked participants if they combined cannabis with each of 10 different drugs over the past year, from which seven indicators of drug types used simultaneously with cannabis were derived for the LCA. RESULTS: We identified three latent classes: 1) low overall simultaneous use with occasional simultaneous use of cannabis with alcohol, 2) simultaneous use of cannabis with alcohol and hallucinogens, and 3) high overall simultaneous use (i.e., simultaneous use of cannabis with alcohol, hallucinogens, illicit stimulants, and prescription drugs). Age, sex, income, and several cannabis-related variables (i.e., use frequency, medicinal use, problematic use) were uniquely associated with class membership. CONCLUSIONS: Results illustrate distinct patterns of simultaneous use of cannabis with other drugs, which are linked with different levels of cannabis-related problems. Findings may inform education efforts on the risks associated with using cannabis simultaneously with various other drugs.","['Co-use', 'Latent class analysis', 'Marijuana', 'Polysubstance use', 'Population survey']","KN. Farrelly, JD. Wardell",2026
42247306,"Phylogenomic systematics of Lanmaoa (Boletaceae) reveals cryptic diversity, resolves global evolutionary relationships, and suggests a novel psychoactive lineage.^
The genus Lanmaoa is a globally distributed, economically important group of mushroom-forming fungi in the family Boletaceae containing edible and psychoactive species. Despite the growing interest in its hallucinogenic properties, the fundamental systematics of this genus remains poorly resolved due to limited taxon sampling and limited genetic characterization. This study combines a comprehensive sampling of all Lanmaoa species, including 21 type specimens, with whole genome sequencing of 53 specimens. A phylogeny of Lanmaoa is generated based upon an alignment of 1515 single-copy orthologs and recovers full statistical support at all major nodes, resolving evolutionary relationships in the genus. Phylogenomic analysis of previously unsequenced type specimens supports several taxonomic changes, including six novel combinations and the discovery of four novel species, two of which are described here-Lanmaoa fallax, sp. nov. and Lanmaoa carbonilivor, sp. nov.-resulting in a total recognition of 17 species in the genus. Genome mining of Lanmaoa asiatica fails to detect canonical biosynthetic genes associated with psilocybin or ibotenic acid production, suggesting the presence of a novel psychoactive compound. This study establishes a comprehensive genomic foundation for Lanmaoa systematics, enabling future research to more robustly explore the evolutionary history and secondary chemistry of the genus.",0,"[0.989059329032898, 0.010940655134618282]",42247306,https://pubmed.ncbi.nlm.nih.gov/42247306/,10.1080/00275514.2026.2670968,"Phylogenomic systematics of Lanmaoa (Boletaceae) reveals cryptic diversity, resolves global evolutionary relationships, and suggests a novel psychoactive lineage.",2026-06-05,"The genus Lanmaoa is a globally distributed, economically important group of mushroom-forming fungi in the family Boletaceae containing edible and psychoactive species. Despite the growing interest in its hallucinogenic properties, the fundamental systematics of this genus remains poorly resolved due to limited taxon sampling and limited genetic characterization. This study combines a comprehensive sampling of all Lanmaoa species, including 21 type specimens, with whole genome sequencing of 53 specimens. A phylogeny of Lanmaoa is generated based upon an alignment of 1515 single-copy orthologs and recovers full statistical support at all major nodes, resolving evolutionary relationships in the genus. Phylogenomic analysis of previously unsequenced type specimens supports several taxonomic changes, including six novel combinations and the discovery of four novel species, two of which are described here-Lanmaoa fallax, sp. nov. and Lanmaoa carbonilivor, sp. nov.-resulting in a total recognition of 17 species in the genus. Genome mining of Lanmaoa asiatica fails to detect canonical biosynthetic genes associated with psilocybin or ibotenic acid production, suggesting the presence of a novel psychoactive compound. This study establishes a comprehensive genomic foundation for Lanmaoa systematics, enabling future research to more robustly explore the evolutionary history and secondary chemistry of the genus.","['7 new taxa', 'Boletaceae', 'psychoactive mushroom', 'systematics', 'taxonomy']","C. Domnauer, BTM. Dentinger",2026
42247279,"Inhaled Mebufotenin (GH001) for Adult Patients With Postpartum Depression: A Phase 2a Open-Label Clinical Trial.^
Objective: Postpartum depression (PPD) is a debilitating mood disorder with peripartum onset. Current treatment options are limited in PPD. GH001 is a synthetic inhalation formulation of the psychoactive molecule mebufotenin (5-MeO-DMT). This trial investigated the preliminary efficacy and safety of GH001 in adult females with PPD. Methods: This phase 2a, proof-of-concept, open-label trial enrolled women aged 18-45 years (March 2023 to August 2024) with a Mini-International Neuropsychiatric Interview-confirmed diagnosis of major depressive disorder with peripartum onset. Patients had Montgomery-Asberg Depression Rating Scale (MADRS) scores of ≥28 at baseline. GH001 was administered as an individualized dosing regimen of up to 3 escalating doses (6, 12, and 18 mg) on day 1. The primary end point was the change in MADRS total score from baseline to day 8. Secondary end points included antidepressant response (≥50% reduction), remission (MADRS total score ≤10), and safety and tolerability of GH001. Results: Ten patients were enrolled. Mean baseline MADRS total score was 36.7 (SD = 4.8). Mean MADRS total score change from baseline to day 8 was -35.4 points (SD = 5.5; P < .0001). All patients achieved response and were in remission on day 8, which was first observed 2 hours after their final dose on day 1. Inhalation of GH001 was well tolerated, and no serious adverse events (AEs) were reported. All treatment-emergent AEs were mild or moderate, with headache as the most frequently reported AE. Conclusion: GH001 demonstrated rapid and significant improvements in depressive symptoms and remission of PPD with an acceptable safety profile and parallel improvements across secondary end points. Trial Registration: ClinicalTrials.gov identifier: NCT05804708; EudraCT identifier: 2021-006879-42.",0,"[0.9703927636146545, 0.02960723266005516]",42247279,https://pubmed.ncbi.nlm.nih.gov/42247279/,10.4088/JCP.25m16284,Inhaled Mebufotenin (GH001) for Adult Patients With Postpartum Depression: A Phase 2a Open-Label Clinical Trial.,2026-06-03,"Objective: Postpartum depression (PPD) is a debilitating mood disorder with peripartum onset. Current treatment options are limited in PPD. GH001 is a synthetic inhalation formulation of the psychoactive molecule mebufotenin (5-MeO-DMT). This trial investigated the preliminary efficacy and safety of GH001 in adult females with PPD. Methods: This phase 2a, proof-of-concept, open-label trial enrolled women aged 18-45 years (March 2023 to August 2024) with a Mini-International Neuropsychiatric Interview-confirmed diagnosis of major depressive disorder with peripartum onset. Patients had Montgomery-Asberg Depression Rating Scale (MADRS) scores of ≥28 at baseline. GH001 was administered as an individualized dosing regimen of up to 3 escalating doses (6, 12, and 18 mg) on day 1. The primary end point was the change in MADRS total score from baseline to day 8. Secondary end points included antidepressant response (≥50% reduction), remission (MADRS total score ≤10), and safety and tolerability of GH001. Results: Ten patients were enrolled. Mean baseline MADRS total score was 36.7 (SD = 4.8). Mean MADRS total score change from baseline to day 8 was -35.4 points (SD = 5.5; P < .0001). All patients achieved response and were in remission on day 8, which was first observed 2 hours after their final dose on day 1. Inhalation of GH001 was well tolerated, and no serious adverse events (AEs) were reported. All treatment-emergent AEs were mild or moderate, with headache as the most frequently reported AE. Conclusion: GH001 demonstrated rapid and significant improvements in depressive symptoms and remission of PPD with an acceptable safety profile and parallel improvements across secondary end points. Trial Registration: ClinicalTrials.gov identifier: NCT05804708; EudraCT identifier: 2021-006879-42.",[],"M. Johnson, P. Aceves Baldo, E. Arbe, B. Brennan, SE. Cohen, K. Doolin, W. Gann, D. Gregory, S. Keady, K. Kriger, R. MacIsaac, S. Ratcliffe, DR. Rubinow, CB. Svendsen, TH. Terwey, D. Tully, V. Valcheva, JB. Zantvoord, KM. Deligiannidis",2026
42243908,"Emergence of synthetic drugs in South America: insights from Brazil, Chile, and Colombia.^
BACKGROUND: The illicit drug landscape in South America is going through a major shift. The appearance of Tusi (or ""pink cocaine""), a mixture often containing ketamine and MDMA, along with the growing presence of synthetic opioids like fentanyl and nitazenes, signals a new chapter in the region's drug use, which has been traditionally dominated by alcohol, cannabis, and cocaine. MAIN BODY: Drawing on data on seizures, forensic analyses, warning systems, and surveys from Brazil, Chile, and Colombia, this perspective highlights three movements of the drug supply: non-prescribed and synthetic opioids, ketamine, and Tusi. We also elaborate on their unique public health challenges. Brazil and Chile have seen an increase in non-prescribed opioid use, some of them diverted from healthcare, accompanied by seizures of illicit fentanyl and the discovery of nitazene production in Brazil in May 2025. Colombia, while historically experiencing low opioid use, has documented fentanyl analogs in ketamine and MDMA/Ecstasy samples, mixed with various other contaminants, thus increasing risks among people who use them. Concurrently, ketamine and Tusi use are expanding rapidly across all three countries, particularly among nightclub attendees and youth with criminal-legal involvement. Tusi's unpredictable composition poses heightened overdose risks, especially in settings lacking drug-checking and overdose-prevention education and programs. Furthermore, South America has minimal opioid agonist therapy coverage, limited naloxone access, and underdeveloped harm reduction systems. CONCLUSION: The emergence of synthetic opioids, ketamine, and Tusi signals a new synthetic drug phase in South America's supply. The convergence of traditional drugs with potent new substances poses important health-related harms. Strengthening regional surveillance, toxicological monitoring, and harm reduction services are urgently needed. Coordinated international research and public health responses will be essential to prevent a drug crisis.",0,"[0.9901949763298035, 0.009805085137486458]",42243908,https://pubmed.ncbi.nlm.nih.gov/42243908/,10.1186/s12954-026-01480-4,"Emergence of synthetic drugs in South America: insights from Brazil, Chile, and Colombia.",2026-06-04,"BACKGROUND: The illicit drug landscape in South America is going through a major shift. The appearance of Tusi (or ""pink cocaine""), a mixture often containing ketamine and MDMA, along with the growing presence of synthetic opioids like fentanyl and nitazenes, signals a new chapter in the region's drug use, which has been traditionally dominated by alcohol, cannabis, and cocaine. MAIN BODY: Drawing on data on seizures, forensic analyses, warning systems, and surveys from Brazil, Chile, and Colombia, this perspective highlights three movements of the drug supply: non-prescribed and synthetic opioids, ketamine, and Tusi. We also elaborate on their unique public health challenges. Brazil and Chile have seen an increase in non-prescribed opioid use, some of them diverted from healthcare, accompanied by seizures of illicit fentanyl and the discovery of nitazene production in Brazil in May 2025. Colombia, while historically experiencing low opioid use, has documented fentanyl analogs in ketamine and MDMA/Ecstasy samples, mixed with various other contaminants, thus increasing risks among people who use them. Concurrently, ketamine and Tusi use are expanding rapidly across all three countries, particularly among nightclub attendees and youth with criminal-legal involvement. Tusi's unpredictable composition poses heightened overdose risks, especially in settings lacking drug-checking and overdose-prevention education and programs. Furthermore, South America has minimal opioid agonist therapy coverage, limited naloxone access, and underdeveloped harm reduction systems. CONCLUSION: The emergence of synthetic opioids, ketamine, and Tusi signals a new synthetic drug phase in South America's supply. The convergence of traditional drugs with potent new substances poses important health-related harms. Strengthening regional surveillance, toxicological monitoring, and harm reduction services are urgently needed. Coordinated international research and public health responses will be essential to prevent a drug crisis.","['Harm reduction', 'Ketamine', 'Nitazenes', 'Novel psychoactive substances', 'Opioids', 'South America', 'Synthetic drugs', 'Tusi']","I. Bórquez, B. Pantaleão, G. Brogim, AP. da Cunha, N. Krawczyk, FI. Bastos",2026
42243814,"Substance-induced manic psychosis in which delusions were corroborated by a chatbot - case report.^
BACKGROUND: This case describes a substance-induced manic episode with psychotic features in which interaction with an AI (artificial intelligence) chatbot appeared to corroborate and reinforce the patient's delusional thought content and to contradict medical advice. Excerpts from the patient's interactions with the AI chatbot provide novel clinical insight into this phenomenon, which to date has primarily been reported in news media. CASE PRESENTATION: A man in his 30s presented to the emergency department with a one-week history of escalating behavioural disturbance, severe insomnia, pressured and overinclusive speech, and grandiose beliefs. Symptom onset followed heavy polysubstance use at a recreational event, including psilocybin (dried mushrooms and liquid preparation), ketamine, cocaine, and alcohol. During this period, the patient reported extensive interaction with an AI chatbot (ChatGPT). The AI chatbot reportedly affirmed his perceived ""spiritual awakening,"" minimised the possibility that his presentation represented a manic episode, and provided medical advice, including discouragement of prescribed antipsychotic medication, though it cannot be determined to what extent, if any, these statements contributed to his existing presentation. Mental state examination was consistent with a manic episode with psychotic features, without evidence of perceptual disturbance. He was detained under mental health legislation for further assessment and commenced on olanzapine, with adjunctive sleep restoration and psychological interventions. Behavioural management included implementation of a care plan restricting AI chatbot use, as a form of environmental containment. Over several weeks, psychotic symptoms and behavioural disinhibition diminished, with subsequent improvement in insight. CONCLUSIONS: Concerns regarding potentially harmful interactions between AI chatbots and individuals with mental illness have largely been raised in news media. This case demonstrates that, in patients with psychotic symptoms, AI chatbots may reinforce delusional beliefs and impair the development of insight, and may also interfere with engagement with treatment by providing advice that conflicts with clinical recommendations. These observations raise clinical, ethical, and risk-management considerations regarding AI chatbot use during acute psychiatric illness. As AI chatbot use becomes increasingly widespread, clinicians should consider assessing their use and impact within clinical assessments and, where clinically indicated, implementing interventions to mitigate associated risks, ranging from psychoeducation to use-restriction strategies. Future population-level studies are required to establish the epidemiology of AI-associated mental health harms, and AI companies must bolster efforts to implement harm minimisation strategies and safeguards.",0,"[0.9794058203697205, 0.02059417963027954]",42243814,https://pubmed.ncbi.nlm.nih.gov/42243814/,10.1186/s12888-026-08137-3,Substance-induced manic psychosis in which delusions were corroborated by a chatbot - case report.,2026-06-04,"BACKGROUND: This case describes a substance-induced manic episode with psychotic features in which interaction with an AI (artificial intelligence) chatbot appeared to corroborate and reinforce the patient's delusional thought content and to contradict medical advice. Excerpts from the patient's interactions with the AI chatbot provide novel clinical insight into this phenomenon, which to date has primarily been reported in news media. CASE PRESENTATION: A man in his 30s presented to the emergency department with a one-week history of escalating behavioural disturbance, severe insomnia, pressured and overinclusive speech, and grandiose beliefs. Symptom onset followed heavy polysubstance use at a recreational event, including psilocybin (dried mushrooms and liquid preparation), ketamine, cocaine, and alcohol. During this period, the patient reported extensive interaction with an AI chatbot (ChatGPT). The AI chatbot reportedly affirmed his perceived ""spiritual awakening,"" minimised the possibility that his presentation represented a manic episode, and provided medical advice, including discouragement of prescribed antipsychotic medication, though it cannot be determined to what extent, if any, these statements contributed to his existing presentation. Mental state examination was consistent with a manic episode with psychotic features, without evidence of perceptual disturbance. He was detained under mental health legislation for further assessment and commenced on olanzapine, with adjunctive sleep restoration and psychological interventions. Behavioural management included implementation of a care plan restricting AI chatbot use, as a form of environmental containment. Over several weeks, psychotic symptoms and behavioural disinhibition diminished, with subsequent improvement in insight. CONCLUSIONS: Concerns regarding potentially harmful interactions between AI chatbots and individuals with mental illness have largely been raised in news media. This case demonstrates that, in patients with psychotic symptoms, AI chatbots may reinforce delusional beliefs and impair the development of insight, and may also interfere with engagement with treatment by providing advice that conflicts with clinical recommendations. These observations raise clinical, ethical, and risk-management considerations regarding AI chatbot use during acute psychiatric illness. As AI chatbot use becomes increasingly widespread, clinicians should consider assessing their use and impact within clinical assessments and, where clinically indicated, implementing interventions to mitigate associated risks, ranging from psychoeducation to use-restriction strategies. Future population-level studies are required to establish the epidemiology of AI-associated mental health harms, and AI companies must bolster efforts to implement harm minimisation strategies and safeguards.","['Artificial intelligence', 'Case report', 'Chatbots', 'Delusions', 'Digital mental health', 'Large language models', 'Mania', 'Risk management', 'Substance-induced psychosis']","S. Shah, H. Morrin",2026
42243569,"Classic Psychedelics for Chronic Pain: A Critical Review of the Literature and Practical Advice for Clinicians.^
Chronic pain is common, costly, and for many, remains inadequately treated by existing pharmacologic and non-pharmacologic approaches. In parallel with growing dissatisfaction with conventional therapies, classic serotonergic psychedelics, such as psilocybin, lysergic acid diethylamide (LSD), ayahuasca, N,N-dimethyltryptamine (DMT), and mescaline, administered alone or within psychedelic-assisted therapy models, have re-emerged as potential therapeutic tools for a range of health conditions, including chronic pain. In this review, we examine putative mechanisms of action relevant to pain, including effects on neuroplasticity, inflammation, large-scale brain network dynamics, and higher-order psychological processes, such as pain acceptance and cognitive flexibility. We also briefly overview findings from relevant preclinical models for pain. We then summarize recent observational studies and early-phase clinical trials that highlight preliminary signals of benefit across multiple pain conditions, including fibromyalgia, migraine, cluster headache, and other chronic pain syndromes. In addition, we critically evaluate safety considerations, contraindications, drug-drug interactions, and key regulatory challenges that will shape both research and clinical implementation of psychedelics for chronic pain. Finally, we offer pragmatic guidance for clinicians to work more skillfully with patients choosing to use these substances on their own. Although the existing literature suggests mechanistic plausibility and promising preliminary outcomes, the field is limited by small sample sizes, functional unblinding, and a lack of large, well-controlled randomized trials. We conclude by outlining critical methodological priorities and future research directions needed to rigorously evaluate the potential role of psychedelic compounds in the treatment of chronic pain.",0,"[0.9945260882377625, 0.005473906174302101]",42243569,https://pubmed.ncbi.nlm.nih.gov/42243569/,10.1007/s40265-026-02339-5,Classic Psychedelics for Chronic Pain: A Critical Review of the Literature and Practical Advice for Clinicians.,2026-06-04,"Chronic pain is common, costly, and for many, remains inadequately treated by existing pharmacologic and non-pharmacologic approaches. In parallel with growing dissatisfaction with conventional therapies, classic serotonergic psychedelics, such as psilocybin, lysergic acid diethylamide (LSD), ayahuasca, N,N-dimethyltryptamine (DMT), and mescaline, administered alone or within psychedelic-assisted therapy models, have re-emerged as potential therapeutic tools for a range of health conditions, including chronic pain. In this review, we examine putative mechanisms of action relevant to pain, including effects on neuroplasticity, inflammation, large-scale brain network dynamics, and higher-order psychological processes, such as pain acceptance and cognitive flexibility. We also briefly overview findings from relevant preclinical models for pain. We then summarize recent observational studies and early-phase clinical trials that highlight preliminary signals of benefit across multiple pain conditions, including fibromyalgia, migraine, cluster headache, and other chronic pain syndromes. In addition, we critically evaluate safety considerations, contraindications, drug-drug interactions, and key regulatory challenges that will shape both research and clinical implementation of psychedelics for chronic pain. Finally, we offer pragmatic guidance for clinicians to work more skillfully with patients choosing to use these substances on their own. Although the existing literature suggests mechanistic plausibility and promising preliminary outcomes, the field is limited by small sample sizes, functional unblinding, and a lack of large, well-controlled randomized trials. We conclude by outlining critical methodological priorities and future research directions needed to rigorously evaluate the potential role of psychedelic compounds in the treatment of chronic pain.",[],"KF. Boehnke, N. Pouyan, JS. Aday",2026
42243392,"Correction to: Preliminary Evidence of Sleep Improvements Following Psilocybin Administration, and their Involvement in Antidepressant Therapeutic Action.^
",0,"[0.9650620818138123, 0.03493791073560715]",42243392,https://pubmed.ncbi.nlm.nih.gov/42243392/,10.1007/s11920-026-01685-1,"Correction to: Preliminary Evidence of Sleep Improvements Following Psilocybin Administration, and their Involvement in Antidepressant Therapeutic Action.",2026-06-05,,[],"MJ. Reid, H. Kettner, TF. Blanken, B. Weiss, R. Carhart-Harris",2026
42243076,"Comparison of acute effects of 3,4-methylenedioxymethamphetamine (MDMA) with and without a supplemental booster dose in healthy participants: a double-blind, randomized, placebo-controlled, crossover study.^
3,4-Methylenedioxymethamphetamine (MDMA)-assisted psychotherapy (MDMA-AT) is being investigated as a treatment for several psychiatric disorders, particularly posttraumatic stress disorder. Phase 2 and 3 trials typically administered a first dose of MDMA followed by a second ""booster"" dose 1.5-2.5 h later, to extend the acute effect duration. However, the risks and benefits of the booster dose have not been systematically investigated. In this double-blind, randomized, placebo-controlled, cross-over study, we compared 120 mg MDMA followed by a 60 mg booster dose or placebo after 2 h, and placebo followed by placebo. The primary outcome was the overall duration of any subjective drug effects, measured by a Visual Analog Scale. Secondary outcomes included additional subjective effects, adverse effects, vital signs, and plasma concentrations of MDMA, oxytocin, and neurophysin I. Twenty-five healthy volunteers were included, and twenty-three (12 male, 11 female) completed all dosing sessions. The booster dose of MDMA prolonged the acute subjective effects of MDMA compared with the single dose (mean ± SD, 5.6 ± 1.8 h vs. 4.6 ± 1.2 h, p = 0.001), while no differences in subjective or autonomic peak effects were observed. Acute (0-9 h) and subacute (up to 3 days) adverse effects were more common after both MDMA conditions than placebo. These results indicate that acute MDMA effects can be prolonged by using a booster dose, as intended in clinical trials of MDMA-AT. Whether this translates into clinical benefit remains to be investigated.",1,"[0.002681143581867218, 0.9973188042640686]",42243076,https://pubmed.ncbi.nlm.nih.gov/42243076/,10.1038/s41398-026-04148-6,"Comparison of acute effects of 3,4-methylenedioxymethamphetamine (MDMA) with and without a supplemental booster dose in healthy participants: a double-blind, randomized, placebo-controlled, crossover study.",2026-06-04,"3,4-Methylenedioxymethamphetamine (MDMA)-assisted psychotherapy (MDMA-AT) is being investigated as a treatment for several psychiatric disorders, particularly posttraumatic stress disorder. Phase 2 and 3 trials typically administered a first dose of MDMA followed by a second ""booster"" dose 1.5-2.5 h later, to extend the acute effect duration. However, the risks and benefits of the booster dose have not been systematically investigated. In this double-blind, randomized, placebo-controlled, cross-over study, we compared 120 mg MDMA followed by a 60 mg booster dose or placebo after 2 h, and placebo followed by placebo. The primary outcome was the overall duration of any subjective drug effects, measured by a Visual Analog Scale. Secondary outcomes included additional subjective effects, adverse effects, vital signs, and plasma concentrations of MDMA, oxytocin, and neurophysin I. Twenty-five healthy volunteers were included, and twenty-three (12 male, 11 female) completed all dosing sessions. The booster dose of MDMA prolonged the acute subjective effects of MDMA compared with the single dose (mean ± SD, 5.6 ± 1.8 h vs. 4.6 ± 1.2 h, p = 0.001), while no differences in subjective or autonomic peak effects were observed. Acute (0-9 h) and subacute (up to 3 days) adverse effects were more common after both MDMA conditions than placebo. These results indicate that acute MDMA effects can be prolonged by using a booster dose, as intended in clinical trials of MDMA-AT. Whether this translates into clinical benefit remains to be investigated.",[],"M. Humbert-Droz, AM. Becker, J. Valenta, D. Rudin, D. Luethi, I. Vukalovic, A. Eckert, ME. Liechti, L. Mueller",2026
42237795,"[Not Available].^
BACKGROUND: Ketamine can cause severe toxicity to both the upper and lower urinary tracts. Chronic use has been linked to ulcerative cystitis, ureteric strictures and hydronephrosis, leading to renal failure. CASE PRESENTATION: A previously healthy woman in her thirties was admitted to hospital with severe suprapubic pain, dysuria, haematuria and urinary frequency. Imaging showed bladder wall oedema, bilateral hydronephrosis and hydroureter without obstruction. Cystoscopy revealed extensive ulcerations, granulation tissue and a markedly reduced bladder capacity (< 150 mL). Histology demonstrated denuded urothelium with necrosis and inflammation. The patient required prolonged hospitalisation for multimodal pain management and urinary diversion. After discharge, she received repeated intradetrusor botulinum toxin injections. Two years later, she disclosed heavy ketamine use prior to symptom onset and suffered recurrent acute renal failure during continued use. INTERPRETATION: This case illustrates ketamine-induced ulcerative cystitis and renal failure. Awareness of ketamine's urological toxicity is essential in the context of increasing recreational and therapeutic use of the drug.",1,"[0.06921715289354324, 0.9307828545570374]",42237795,https://pubmed.ncbi.nlm.nih.gov/42237795/,10.4045/tidsskr.25.0733,[Not Available].,2026-06-02,"BACKGROUND: Ketamine can cause severe toxicity to both the upper and lower urinary tracts. Chronic use has been linked to ulcerative cystitis, ureteric strictures and hydronephrosis, leading to renal failure. CASE PRESENTATION: A previously healthy woman in her thirties was admitted to hospital with severe suprapubic pain, dysuria, haematuria and urinary frequency. Imaging showed bladder wall oedema, bilateral hydronephrosis and hydroureter without obstruction. Cystoscopy revealed extensive ulcerations, granulation tissue and a markedly reduced bladder capacity (< 150 mL). Histology demonstrated denuded urothelium with necrosis and inflammation. The patient required prolonged hospitalisation for multimodal pain management and urinary diversion. After discharge, she received repeated intradetrusor botulinum toxin injections. Two years later, she disclosed heavy ketamine use prior to symptom onset and suffered recurrent acute renal failure during continued use. INTERPRETATION: This case illustrates ketamine-induced ulcerative cystitis and renal failure. Awareness of ketamine's urological toxicity is essential in the context of increasing recreational and therapeutic use of the drug.",[],L. Pasovic,2026
42235877,"Association of Esketamine use with mortality and clinical outcomes in patients with cancer-related depression: A target trial emulation.^
Although esketamine shows efficacy for treatment-resistant depression, its potential effectiveness in cancer-related depression (CRD) has not been well-established. We therefore evaluated the real-world effectiveness and safety of esketamine in CRD using a target trial emulation framework based on anonymized electronic health records from the TriNetX network. Adults aged 18-74 years with CRD who initiated esketamine or oral antidepressant monotherapy between March 5, 2019, and December 31, 2024, were included. The primary outcome was all-cause mortality; secondary outcomes encompassed emergency room (ER) visits, intensive care unit (ICU) visits, hospitalizations, suicide-related events, palliative care, several physical complications, and psychiatric outcomes. Outcomes were assessed at two years after the index event and summarized across three follow-up windows, using Kaplan-Meier estimations and Cox proportional hazards models. After propensity score matching, 1751 patients per group were included. Compared with the oral-antidepressant-only group, esketamine initiation was associated with significantly lower risks of 2-year all-cause mortality (hazard ratio [HR] 0.737, 95% confidence interval [CI] 0.614-0.886), ER visits (HR 0.574, 95% CI 0.501-0.657), ICU visits (HR 0.538, 95% CI 0.423-0.683), and psychotherapy utilization (HR 0.267, 95% CI 0.171-0.418). The esketamine group also showed a lower risk of ischemic stroke (HR 0.394, 95% CI 0.223-0.698), and subgroup analyses indicated that these observed associations were more pronounced in older patients. Overall, esketamine was associated with lower mortality and generally comparable safety outcomes in CRD, supporting its role as a potential therapeutic option for managing CRD.",0,"[0.9855115413665771, 0.014488456770777702]",42235877,https://pubmed.ncbi.nlm.nih.gov/42235877/,10.1016/j.pnpbp.2026.111764,Association of Esketamine use with mortality and clinical outcomes in patients with cancer-related depression: A target trial emulation.,2026-06-20,"Although esketamine shows efficacy for treatment-resistant depression, its potential effectiveness in cancer-related depression (CRD) has not been well-established. We therefore evaluated the real-world effectiveness and safety of esketamine in CRD using a target trial emulation framework based on anonymized electronic health records from the TriNetX network. Adults aged 18-74 years with CRD who initiated esketamine or oral antidepressant monotherapy between March 5, 2019, and December 31, 2024, were included. The primary outcome was all-cause mortality; secondary outcomes encompassed emergency room (ER) visits, intensive care unit (ICU) visits, hospitalizations, suicide-related events, palliative care, several physical complications, and psychiatric outcomes. Outcomes were assessed at two years after the index event and summarized across three follow-up windows, using Kaplan-Meier estimations and Cox proportional hazards models. After propensity score matching, 1751 patients per group were included. Compared with the oral-antidepressant-only group, esketamine initiation was associated with significantly lower risks of 2-year all-cause mortality (hazard ratio [HR] 0.737, 95% confidence interval [CI] 0.614-0.886), ER visits (HR 0.574, 95% CI 0.501-0.657), ICU visits (HR 0.538, 95% CI 0.423-0.683), and psychotherapy utilization (HR 0.267, 95% CI 0.171-0.418). The esketamine group also showed a lower risk of ischemic stroke (HR 0.394, 95% CI 0.223-0.698), and subgroup analyses indicated that these observed associations were more pronounced in older patients. Overall, esketamine was associated with lower mortality and generally comparable safety outcomes in CRD, supporting its role as a potential therapeutic option for managing CRD.","['Cancer-related depression', 'Esketamine', 'Mortality', 'Target trial emulation']","JP. Chen, CW. Hsu, YY. Fang, PT. Tseng, YC. Kao, TW. Hsu, CS. Liang",2026
42234079,"A pilot randomized trial of ketamine for suicidal ideation in a pediatric emergency department.^
OBJECTIVES: Emergency department (ED) visits by adolescents with suicidal ideation have increased, with no rapid-acting treatments identified for ED use. This pilot study explored the feasibility of a randomized controlled trial of ketamine in the ED for adolescents with suicidal ideation. METHODS: Three-arm, triple-blinded randomized controlled trial comparing intravenous ketamine (0.5 mg/kg), midazolam (0.03 mg/kg), and saline (0.9%) in adolescents requiring hospitalization for suicidal ideation. We primarily reported recruitment proportion as a measure of feasibility. Secondary outcomes included: additional aspects of feasibility (barriers to enrolment, retention, blinding, and adverse events) and distribution of suicidal ideation scores 90 min post-infusion on questions 3-5 of the Columbia Suicide Severity Rating Scale, item 10 of the Montgomery-Åsberg Depression Rating Scale, and a pragmatic 0-10 Likert scale to estimate future randomized controlled trial sample size. RESULTS: Out of 21 eligible patients and guardians, 15 (71%, 95% CI 48, 87%) agreed to participate when offered the opportunity. Key barriers to enrolment included limited ED resources and absence of a consenting parent at time of assessment. Retention at 7, 14, 21, and 28-days was 93, 86, 73, and 73%. No serious or unexpected adverse events occurred. Blinding appeared reasonably effective. The median [IQR] Columbia Suicide Severity Rating Scale, Montgomery-Åsberg Depression Rating Scale, and pragmatic Likert scale scores at 90 min were 0 [0, 2], 4 [2, 4], 5 [5, 6] for ketamine; 0 [0, 3], 3 [3, 6], 6 [3, 7] for midazolam; and 3 [2, 3], 4 [4, 5], 6 [6, 7] for saline. CONCLUSIONS: Despite a small sample, our participation rate was high and trial design appeared feasible and safe. Dedicated research nurses and a mature-minor consent process could address key barriers to enrolment in future trials to determine if ketamine could provide ED physicians with the first rapid-acting pharmacological treatment for acute pediatric suicidal ideation. CLINICALTRIALS: gov: NCT04955470. RéSUMé: OBJECTIFS: Les visites aux urgences (SU) par des adolescents ayant des idées suicidaires ont augmenté, sans qu’aucun traitement à action rapide n’ait été identifié pour l’utilisation en SU. Cette étude pilote a exploré la faisabilité d’un essai contrôlé randomisé de kétamine dans le service des urgences pour les adolescents ayant des idées suicidaires. MéTHODES: Essai contrôlé randomisé en triple aveugle à trois bras comparant la kétamine intraveineuse (0,5 mg/kg), le midazolam (0,03 mg/kg) et une solution saline (0,9 %) chez des adolescents nécessitant une hospitalisation pour idées suicidaires. Nous avons principalement utilisé la proportion de recrutement comme mesure de faisabilité. Les résultats secondaires comprenaient : des aspects supplémentaires de faisabilité (obstacles à l’inscription, au maintien, à la mise en aveugle et aux événements indésirables) et la distribution des scores d’idéation suicidaire 90 minutes après la perfusion sur les questions 3 à 5 de l’échelle d’évaluation de la gravité du suicide de Columbia, point 10 de l’échelle de Montgomery-Échelle d’évaluation de la dépression d’Åsberg, et une échelle de Likert pragmatique de 0 à 10 pour estimer la taille des futurs échantillons d’essais contrôlés randomisés. RéSULTATS: Sur 21 patients et tuteurs admissibles, 15 (71 %, IC à 95 % : 48 %, 87 %) ont accepté de participer lorsque l’occasion leur a été offerte. Les principaux obstacles à l’inscription comprenaient des ressources ED limitées et l’absence d’un parent consentant au moment de l’évaluation. La rétention à 7, 14, 21 et 28 jours était de 93 %, 86 %, 73 % et 73 %. Aucun événement indésirable grave ou inattendu n’est survenu. Le blindage semblait raisonnablement efficace. La médiane [IQR] de l’échelle d’évaluation de la gravité du suicide de Columbia, l’échelle d’évaluation de la dépression de Montgomery-Åsberg et les scores pragmatiques de l’échelle de Likert à 90 minutes étaient de 0 [0, 2], 4 [2, 4], 5 [5, 6] pour la kétamine ; 0 [0, 3], 3 [3, 6], 6 [3, 7] pour le midazolam ; et 3 [2, 3], 4 [4, 5], 6 [6, 7] pour la saline. CONCLUSIONS: Malgré un petit échantillon, notre taux de participation était élevé et la conception de l’essai semblait faisable et sûre. Des infirmières de recherche dévouées et un processus de consentement pour les adultes mineurs pourraient permettre d’éliminer les principaux obstacles à l’inscription dans les essais futurs, afin de déterminer si la kétamine pourrait fournir aux médecins du service d’urgence le premier traitement pharmacologique d’action rapide contre les idées suicidaires aiguës chez les enfants.",1,"[0.0027375409845262766, 0.9972624778747559]",42234079,https://pubmed.ncbi.nlm.nih.gov/42234079/,10.1007/s43678-026-01190-7,A pilot randomized trial of ketamine for suicidal ideation in a pediatric emergency department.,2026-06-03,"OBJECTIVES: Emergency department (ED) visits by adolescents with suicidal ideation have increased, with no rapid-acting treatments identified for ED use. This pilot study explored the feasibility of a randomized controlled trial of ketamine in the ED for adolescents with suicidal ideation. METHODS: Three-arm, triple-blinded randomized controlled trial comparing intravenous ketamine (0.5 mg/kg), midazolam (0.03 mg/kg), and saline (0.9%) in adolescents requiring hospitalization for suicidal ideation. We primarily reported recruitment proportion as a measure of feasibility. Secondary outcomes included: additional aspects of feasibility (barriers to enrolment, retention, blinding, and adverse events) and distribution of suicidal ideation scores 90 min post-infusion on questions 3-5 of the Columbia Suicide Severity Rating Scale, item 10 of the Montgomery-Åsberg Depression Rating Scale, and a pragmatic 0-10 Likert scale to estimate future randomized controlled trial sample size. RESULTS: Out of 21 eligible patients and guardians, 15 (71%, 95% CI 48, 87%) agreed to participate when offered the opportunity. Key barriers to enrolment included limited ED resources and absence of a consenting parent at time of assessment. Retention at 7, 14, 21, and 28-days was 93, 86, 73, and 73%. No serious or unexpected adverse events occurred. Blinding appeared reasonably effective. The median [IQR] Columbia Suicide Severity Rating Scale, Montgomery-Åsberg Depression Rating Scale, and pragmatic Likert scale scores at 90 min were 0 [0, 2], 4 [2, 4], 5 [5, 6] for ketamine; 0 [0, 3], 3 [3, 6], 6 [3, 7] for midazolam; and 3 [2, 3], 4 [4, 5], 6 [6, 7] for saline. CONCLUSIONS: Despite a small sample, our participation rate was high and trial design appeared feasible and safe. Dedicated research nurses and a mature-minor consent process could address key barriers to enrolment in future trials to determine if ketamine could provide ED physicians with the first rapid-acting pharmacological treatment for acute pediatric suicidal ideation. CLINICALTRIALS: gov: NCT04955470. RéSUMé: OBJECTIFS: Les visites aux urgences (SU) par des adolescents ayant des idées suicidaires ont augmenté, sans qu’aucun traitement à action rapide n’ait été identifié pour l’utilisation en SU. Cette étude pilote a exploré la faisabilité d’un essai contrôlé randomisé de kétamine dans le service des urgences pour les adolescents ayant des idées suicidaires. MéTHODES: Essai contrôlé randomisé en triple aveugle à trois bras comparant la kétamine intraveineuse (0,5 mg/kg), le midazolam (0,03 mg/kg) et une solution saline (0,9 %) chez des adolescents nécessitant une hospitalisation pour idées suicidaires. Nous avons principalement utilisé la proportion de recrutement comme mesure de faisabilité. Les résultats secondaires comprenaient : des aspects supplémentaires de faisabilité (obstacles à l’inscription, au maintien, à la mise en aveugle et aux événements indésirables) et la distribution des scores d’idéation suicidaire 90 minutes après la perfusion sur les questions 3 à 5 de l’échelle d’évaluation de la gravité du suicide de Columbia, point 10 de l’échelle de Montgomery-Échelle d’évaluation de la dépression d’Åsberg, et une échelle de Likert pragmatique de 0 à 10 pour estimer la taille des futurs échantillons d’essais contrôlés randomisés. RéSULTATS: Sur 21 patients et tuteurs admissibles, 15 (71 %, IC à 95 % : 48 %, 87 %) ont accepté de participer lorsque l’occasion leur a été offerte. Les principaux obstacles à l’inscription comprenaient des ressources ED limitées et l’absence d’un parent consentant au moment de l’évaluation. La rétention à 7, 14, 21 et 28 jours était de 93 %, 86 %, 73 % et 73 %. Aucun événement indésirable grave ou inattendu n’est survenu. Le blindage semblait raisonnablement efficace. La médiane [IQR] de l’échelle d’évaluation de la gravité du suicide de Columbia, l’échelle d’évaluation de la dépression de Montgomery-Åsberg et les scores pragmatiques de l’échelle de Likert à 90 minutes étaient de 0 [0, 2], 4 [2, 4], 5 [5, 6] pour la kétamine ; 0 [0, 3], 3 [3, 6], 6 [3, 7] pour le midazolam ; et 3 [2, 3], 4 [4, 5], 6 [6, 7] pour la saline. CONCLUSIONS: Malgré un petit échantillon, notre taux de participation était élevé et la conception de l’essai semblait faisable et sûre. Des infirmières de recherche dévouées et un processus de consentement pour les adultes mineurs pourraient permettre d’éliminer les principaux obstacles à l’inscription dans les essais futurs, afin de déterminer si la kétamine pourrait fournir aux médecins du service d’urgence le premier traitement pharmacologique d’action rapide contre les idées suicidaires aiguës chez les enfants.","['Adolescents', 'Feasibility', 'Suicide']","Y. Onikashvili, H. Burt, G. Meckler, JN. Bone, T. Hind, K. Sih, R. Sassi, K. Stillwell, T. Black, Q. Doan",2026
42233004,"Inaugural year of regulated psilocybin services in Oregon: safety, motivations, and utilization.^
IMPORTANCE: The Oregon Psilocybin Services (OPS) program is the first statewide, regulated framework for legal psilocybin in the U.S. Analyzing inaugural-year utilization and safety is essential for informing policy and equity monitoring. METHODS: We conducted a descriptive analysis of statewide aggregate data from the OPS Public Dashboard (January 1-December 31, 2025). Outcomes included service volume, client demographics, motivations, and acute adverse events. RESULTS: In 2025, 5,935 clients participated in 5,375 sessions. Volume peaked in Q2 (n=1,758) before stabilizing in Q4 (n=1,358). Service tourism was significant, with 32.6% of participants residing outside Oregon. The largest segment was aged 35-49 (~40%); women (57.4%) and LGBTQ+ individuals (27.2%) represented substantial portions of the annual cohort. Racial diversity was limited, with White participants representing 84.1%-91.5% quarterly, while Hispanic/Latino (7.1%) and African American (2.1%) participation lagged. Adverse events were rare, with annual behavioral and medical rates of 2.42 and 2.79 per 1,000 sessions, respectively. DISCUSSION: Full-year data indicate stabilized utilization by a predominantly midlife adult population. While the program successfully reaches sexual and gender minorities, racial disparities persist. High service tourism suggests significant socioeconomic barriers. These findings underscore the program's dual role as a wellness modality and a functional alternative for addressing mental health distress.",1,"[0.23249594867229462, 0.7675040364265442]",42233004,https://pubmed.ncbi.nlm.nih.gov/42233004/,10.3389/fpsyt.2026.1777387,"Inaugural year of regulated psilocybin services in Oregon: safety, motivations, and utilization.",2026-01-01,"IMPORTANCE: The Oregon Psilocybin Services (OPS) program is the first statewide, regulated framework for legal psilocybin in the U.S. Analyzing inaugural-year utilization and safety is essential for informing policy and equity monitoring. METHODS: We conducted a descriptive analysis of statewide aggregate data from the OPS Public Dashboard (January 1-December 31, 2025). Outcomes included service volume, client demographics, motivations, and acute adverse events. RESULTS: In 2025, 5,935 clients participated in 5,375 sessions. Volume peaked in Q2 (n=1,758) before stabilizing in Q4 (n=1,358). Service tourism was significant, with 32.6% of participants residing outside Oregon. The largest segment was aged 35-49 (~40%); women (57.4%) and LGBTQ+ individuals (27.2%) represented substantial portions of the annual cohort. Racial diversity was limited, with White participants representing 84.1%-91.5% quarterly, while Hispanic/Latino (7.1%) and African American (2.1%) participation lagged. Adverse events were rare, with annual behavioral and medical rates of 2.42 and 2.79 per 1,000 sessions, respectively. DISCUSSION: Full-year data indicate stabilized utilization by a predominantly midlife adult population. While the program successfully reaches sexual and gender minorities, racial disparities persist. High service tourism suggests significant socioeconomic barriers. These findings underscore the program's dual role as a wellness modality and a functional alternative for addressing mental health distress.","['drug safety outcomes', 'patient demographics', 'psilocybin services', 'public health surveillance', 'regulated psychedelic access']","F. Yu, J. Tafur, F. Moreno, S. Dahmer",2026
42232187,"Locomotor and discriminative stimulus effects of N-cyclohexyl butylone and N-cyclohexyl methylone.^
BACKGROUND: N-Cyclohexyl butylone and N-cyclohexyl methylone are cathinones found on the street that produce morbidity and mortality, but are not yet legally controlled, and there has been little or no pharmacological testing of these compounds. Both compounds have a large moiety on the N-position that may alter their pharmacological effects. METHODS: Locomotor stimulant effects of N-cyclohexyl butylone and N-cyclohexyl methylone were tested in male Swiss-Webster mice. N-Cyclohexyl butylone and N-cyclohexyl methylone were tested in male Sprague-Dawley rats trained to discriminate methamphetamine (1 mg/kg), cocaine (10 mg/kg) or 3,4-methylenedioxymethamphetamine (MDMA, 1.5 mg/kg) from saline. RESULTS: Both N-cyclohexyl butylone (ED50 = 2.80 mg/kg) and N-cyclohexyl methylone (ED50 = 33.46 mg/kg) produced dose- and time-dependent stimulation of locomotor activity that was both less potent and less efficacious than that of methamphetamine (ED50 = 0.35 mg/kg). N-Cyclohexyl butylone fully substituted for the discriminative stimulus effects of methamphetamine (ED50 = 9.85 mg/kg) and cocaine (ED50 = 14.54 mg/kg). N-Cyclohexyl methylone failed to fully substitute for cocaine or methamphetamine up to doses that produced convulsions. Both compounds failed to substitute for MDMA up to doses that suppressed responding. CONCLUSION: N-cyclohexyl butylone may produce psychostimulant-like effects adequate to motivate illicit use, whereas the weak psychostimulant-like effects of N-cyclohexyl methylone may suggest a reduced liability for illicit use, but the compound may be more dangerous due to its convulsant effects. The N-cyclohexyl moiety may have contributed to the reduced efficacy of N-cyclohexyl methylone, while the longer alpha-side chain of N-cyclohexyl butylone may have countered the effect of the large N-position moiety.",0,"[0.9870896935462952, 0.012910253368318081]",42232187,https://pubmed.ncbi.nlm.nih.gov/42232187/,10.3389/fphar.2026.1823177,Locomotor and discriminative stimulus effects of N-cyclohexyl butylone and N-cyclohexyl methylone.,2026-01-01,"BACKGROUND: N-Cyclohexyl butylone and N-cyclohexyl methylone are cathinones found on the street that produce morbidity and mortality, but are not yet legally controlled, and there has been little or no pharmacological testing of these compounds. Both compounds have a large moiety on the N-position that may alter their pharmacological effects. METHODS: Locomotor stimulant effects of N-cyclohexyl butylone and N-cyclohexyl methylone were tested in male Swiss-Webster mice. N-Cyclohexyl butylone and N-cyclohexyl methylone were tested in male Sprague-Dawley rats trained to discriminate methamphetamine (1 mg/kg), cocaine (10 mg/kg) or 3,4-methylenedioxymethamphetamine (MDMA, 1.5 mg/kg) from saline. RESULTS: Both N-cyclohexyl butylone (ED50 = 2.80 mg/kg) and N-cyclohexyl methylone (ED50 = 33.46 mg/kg) produced dose- and time-dependent stimulation of locomotor activity that was both less potent and less efficacious than that of methamphetamine (ED50 = 0.35 mg/kg). N-Cyclohexyl butylone fully substituted for the discriminative stimulus effects of methamphetamine (ED50 = 9.85 mg/kg) and cocaine (ED50 = 14.54 mg/kg). N-Cyclohexyl methylone failed to fully substitute for cocaine or methamphetamine up to doses that produced convulsions. Both compounds failed to substitute for MDMA up to doses that suppressed responding. CONCLUSION: N-cyclohexyl butylone may produce psychostimulant-like effects adequate to motivate illicit use, whereas the weak psychostimulant-like effects of N-cyclohexyl methylone may suggest a reduced liability for illicit use, but the compound may be more dangerous due to its convulsant effects. The N-cyclohexyl moiety may have contributed to the reduced efficacy of N-cyclohexyl methylone, while the longer alpha-side chain of N-cyclohexyl butylone may have countered the effect of the large N-position moiety.","['MDMA', 'cathinones', 'cocaine', 'drug discrimination', 'methamphetamine', 'psychostimulants', 'rodents']","MB. Gatch, S. Jia, RA. Shetty, RD. Hill, N. Sumien, MJ. Forster",2026
42231725,"Exploring meaning in culture: Insights from meaning-centered psychotherapy in Aotearoa, New Zealand.^
OBJECTIVES: This research sought to explore the applicability of MCP within Aotearoa New Zealand. The objectives of this study were to investigate Indigenous patients' experiences of an MCP trial and Indigenous therapists' experiences of recruitment and MCP delivery within the trial. METHODS: Semi-structured interviews were conducted with 2 Indigenous patients with advanced cancer receiving MCP, 1 Indigenous support person, and 4 Indigenous health psychologists delivering MCP about their experience in the research trial. Participants were also asked their views on recruiting Indigenous populations into research trials, and on the applicability of MCP in Aotearoa New Zealand. Reflective thematic analysis was utilized to analyze interview transcripts. RESULTS: This study showed that trust is central to recruiting Indigenous populations into research trials and contributed to the overall success of MCP delivery. Participants highlighted community trust and organizational mistrust as potential contributors toward recruitment challenges. Trust in the self, in others, and in culture was central to finding meaning through MCP. When conducted in a safe patient-centered therapeutic space, MCP concepts and meaning-making can integrate effectively into Te Ao Māori and an Indigenous context. SIGNIFICANCE OF RESULTS: MCP concepts and delivery may integrate well into a Te Ao Māori framework. Care should be taken in future delivery of MCP within Aotearoa New Zealand, ensuring the patient-focused nature of the therapeutic modality is maintained, and the patient's own connection with culture is the highest priority.",0,"[0.9826459884643555, 0.017354022711515427]",42231725,https://pubmed.ncbi.nlm.nih.gov/42231725/,10.1017/S1478951526102788,"Exploring meaning in culture: Insights from meaning-centered psychotherapy in Aotearoa, New Zealand.",2026-06-03,"OBJECTIVES: This research sought to explore the applicability of MCP within Aotearoa New Zealand. The objectives of this study were to investigate Indigenous patients' experiences of an MCP trial and Indigenous therapists' experiences of recruitment and MCP delivery within the trial. METHODS: Semi-structured interviews were conducted with 2 Indigenous patients with advanced cancer receiving MCP, 1 Indigenous support person, and 4 Indigenous health psychologists delivering MCP about their experience in the research trial. Participants were also asked their views on recruiting Indigenous populations into research trials, and on the applicability of MCP in Aotearoa New Zealand. Reflective thematic analysis was utilized to analyze interview transcripts. RESULTS: This study showed that trust is central to recruiting Indigenous populations into research trials and contributed to the overall success of MCP delivery. Participants highlighted community trust and organizational mistrust as potential contributors toward recruitment challenges. Trust in the self, in others, and in culture was central to finding meaning through MCP. When conducted in a safe patient-centered therapeutic space, MCP concepts and meaning-making can integrate effectively into Te Ao Māori and an Indigenous context. SIGNIFICANCE OF RESULTS: MCP concepts and delivery may integrate well into a Te Ao Māori framework. Care should be taken in future delivery of MCP within Aotearoa New Zealand, ensuring the patient-focused nature of the therapeutic modality is maintained, and the patient's own connection with culture is the highest priority.","['Indigenous', 'MCP', 'cancer', 'culture', 'meaning', 'psychedelic-assisted therapy']","C. Clayden, A. Wells, AJ. Applebaum, L. Reynolds",2026
42228759,"Time to embrace the whole: considering the replacement of psilocybin with Psilocybe spp. in psychedelic research and therapy.^
Psilocybin, the main psychoactive compound in Psilocybe cubensis mushrooms, has gained considerable attention for its therapeutic potential. Current research focuses only on isolated psilocybin, neglecting the broader pharmacological and cultural use of the whole mushroom. This perspective advocates for an integrative approach that includes standardised P. cubensis extracts within the psychedelic research agenda. We review preclinical studies comparing whole-mushroom extracts with pure psilocybin, showing enhanced or distinct effects on synaptic proteins, metabolomic profiles, and behavioural outcomes, including in models of depression and obsessive-compulsive disorder. Furthermore, the use of whole extracts may promote more affordable, equitable, and publicly accessible treatment models, in contrast to high-cost synthetic psilocybin formulations. This article argues for the urgent need to explore whole-mushroom therapeutics, ensuring that decisions in psychedelic medicine are based on a full spectrum of evidence rather than solely on pharmaceutical feasibility.",0,"[0.9945883750915527, 0.005411599762737751]",42228759,https://pubmed.ncbi.nlm.nih.gov/42228759/,10.1080/14786419.2026.2683121,Time to embrace the whole: considering the replacement of psilocybin with Psilocybe spp. in psychedelic research and therapy.,2026-06-02,"Psilocybin, the main psychoactive compound in Psilocybe cubensis mushrooms, has gained considerable attention for its therapeutic potential. Current research focuses only on isolated psilocybin, neglecting the broader pharmacological and cultural use of the whole mushroom. This perspective advocates for an integrative approach that includes standardised P. cubensis extracts within the psychedelic research agenda. We review preclinical studies comparing whole-mushroom extracts with pure psilocybin, showing enhanced or distinct effects on synaptic proteins, metabolomic profiles, and behavioural outcomes, including in models of depression and obsessive-compulsive disorder. Furthermore, the use of whole extracts may promote more affordable, equitable, and publicly accessible treatment models, in contrast to high-cost synthetic psilocybin formulations. This article argues for the urgent need to explore whole-mushroom therapeutics, ensuring that decisions in psychedelic medicine are based on a full spectrum of evidence rather than solely on pharmaceutical feasibility.","['Psychedelics', 'mushrooms', 'psilocybe cubensis', 'psilocybin']","G. Ona, C. Llagostera, O. Alvarez, RM. Dueñas, D. González, O. Soto-Angona",2026
42228481,"Thirty Years of Ibogaine Research: A Literature Review on Clinical Perspectives.^
BACKGROUND: Ibogaine has garnered interest for its potential therapeutic properties in substance use and psychiatric disorders. Unlike classic psychedelics such as psilocybin or LSD, ibogaine remains underexplored in clinical research. This review aimed to synthesize the clinical literature on ibogaine use in humans over the past 3 decades, focusing on outcomes and safety. METHODS: We conducted a narrative review of studies on ibogaine's clinical use published from 1990 to February 2025, including randomized controlled trials (RCTs), open-label, retrospective, and observational studies. Databases were searched for reports on efficacy and safety across various indications. RESULTS: Twenty-four studies and 38 case reports/series were included. Most of the positive efficacy data come from uncontrolled, open-label, or retrospective studies, many conducted in nonclinical settings, with a high risk of bias. No double-blind RCT to date has demonstrated that ibogaine or noribogaine can effectively treat opioid use disorder (OUD). Only 1 small RCT reported significant effects for cocaine use disorder. Although observational data suggest that ibogaine may alleviate symptoms of OUD, PTSD, or polysubstance dependence, these findings remain exploratory. Moreover, serious ibogaine-related adverse events have been reported, especially cardiotoxicity due to QT prolongation, which represents a considerable risk given the currently unproven efficacy. CONCLUSIONS: While ibogaine remains a compound of interest for neuropsychiatric research, current evidence is insufficient to support its clinical use. Further studies are needed to better demonstrate ibogaine's efficacy, optimize its safety profile, and determine how it could be integrated into psychiatric care, especially in relation to the emerging therapeutic use of classic psychedelics.",1,"[0.010168193839490414, 0.989831805229187]",42228481,https://pubmed.ncbi.nlm.nih.gov/42228481/,10.1097/JCP.0000000000002197,Thirty Years of Ibogaine Research: A Literature Review on Clinical Perspectives.,2026-07-01,"BACKGROUND: Ibogaine has garnered interest for its potential therapeutic properties in substance use and psychiatric disorders. Unlike classic psychedelics such as psilocybin or LSD, ibogaine remains underexplored in clinical research. This review aimed to synthesize the clinical literature on ibogaine use in humans over the past 3 decades, focusing on outcomes and safety. METHODS: We conducted a narrative review of studies on ibogaine's clinical use published from 1990 to February 2025, including randomized controlled trials (RCTs), open-label, retrospective, and observational studies. Databases were searched for reports on efficacy and safety across various indications. RESULTS: Twenty-four studies and 38 case reports/series were included. Most of the positive efficacy data come from uncontrolled, open-label, or retrospective studies, many conducted in nonclinical settings, with a high risk of bias. No double-blind RCT to date has demonstrated that ibogaine or noribogaine can effectively treat opioid use disorder (OUD). Only 1 small RCT reported significant effects for cocaine use disorder. Although observational data suggest that ibogaine may alleviate symptoms of OUD, PTSD, or polysubstance dependence, these findings remain exploratory. Moreover, serious ibogaine-related adverse events have been reported, especially cardiotoxicity due to QT prolongation, which represents a considerable risk given the currently unproven efficacy. CONCLUSIONS: While ibogaine remains a compound of interest for neuropsychiatric research, current evidence is insufficient to support its clinical use. Further studies are needed to better demonstrate ibogaine's efficacy, optimize its safety profile, and determine how it could be integrated into psychiatric care, especially in relation to the emerging therapeutic use of classic psychedelics.","['ibogaine', 'opioid use disorder', 'posttraumatic stress disorder', 'psychedelics', 'substance use disorder']","E. Kervadec, A. Bezo, R. Serreau, L. Strika-Bruneau, B. Fauvel, A. Amirouche, A. Benyamina, B. Romeo",2026
42227670,"Relative odds of seizure in emergency department cases of analytically confirmed illicit substance exposure.^
INTRODUCTION: Quantification of risk of seizure from individual illicit substances has traditionally relied on self-reported exposure. This study determined risk of seizure using data from emergency department presentations with analytically confirmed illicit substance exposure. METHODS: Data were extracted from the Emerging Drugs Network of Australia and Emerging Drugs Network of Australia-Victoria illicit substance exposure registries 2020-2025. Cases with analytically confirmed illicit substance exposures were categorised according to reported seizure occurrence. Odds ratios for seizure were calculated for individual drugs using three groups: individual drug including all co-detected substances, individual drug following exclusion of benzodiazepines, anticonvulsants, gabapentinoids, and individual drug following exclusion of benzodiazepines, anticonvulsants, gabapentinoids and gamma-hydroxybutyrate. RESULTS: Seizure occurrence in all cases (n = 6318) was 6.7% (n = 425). Seizure rate increased to 7.1% (n = 196/2748) when patients co-exposed to an anticonvulsant were excluded, and to 8.1% (n = 143/1665) with additional exclusion of gamma-hydroxybutyrate. Significantly increased odds of seizure were found for cocaine (odds ratio 3.8, 95% CI 2.5-5.8, P <0.001), 3,4-methyledioxymetafetamine (odds ratio 2.5, 95% CI 1.5-3.8, P <0.001) and delta-9-tetrahydrocannibinol (odds ratio 2.0, 95% CI 1.3-3.2, P = 0.005). Gamma-hydroxybutyrate positive cases consistently had decreased odds of seizure (odds ratio 0.58, 95% CI 0.4-0.8, P = 0.001). Methamphetamine demonstrated a consistent inverse association for seizure across all analytical groups (odds ratio 0.6-0.7), possibly reflective of high background prevalence and residual low-level detections rather than true pharmacological effect. Although positive, odds ratios for seizure for antihistamine, selective serotonin reuptake inhibitor, and ketamine exposures did not reach significance. CONCLUSIONS: In this cohort of analytically confirmed illicit drug exposures, cocaine, 3,4 methylenedioxymethamphetamine and delta-9 tetrahydrocannabinol were strongly associated with increased odds of seizure. Gamma-hydroxybutyrate was associated with decreased seizure odds. These findings underscore the importance of analytical toxicology surveillance in defining outcomes including seizure risk and informing harm-reduction strategies.",0,"[0.9828946590423584, 0.017105283215641975]",42227670,https://pubmed.ncbi.nlm.nih.gov/42227670/,10.1080/15563650.2026.2671976,Relative odds of seizure in emergency department cases of analytically confirmed illicit substance exposure.,2026-06-02,"INTRODUCTION: Quantification of risk of seizure from individual illicit substances has traditionally relied on self-reported exposure. This study determined risk of seizure using data from emergency department presentations with analytically confirmed illicit substance exposure. METHODS: Data were extracted from the Emerging Drugs Network of Australia and Emerging Drugs Network of Australia-Victoria illicit substance exposure registries 2020-2025. Cases with analytically confirmed illicit substance exposures were categorised according to reported seizure occurrence. Odds ratios for seizure were calculated for individual drugs using three groups: individual drug including all co-detected substances, individual drug following exclusion of benzodiazepines, anticonvulsants, gabapentinoids, and individual drug following exclusion of benzodiazepines, anticonvulsants, gabapentinoids and gamma-hydroxybutyrate. RESULTS: Seizure occurrence in all cases (n = 6318) was 6.7% (n = 425). Seizure rate increased to 7.1% (n = 196/2748) when patients co-exposed to an anticonvulsant were excluded, and to 8.1% (n = 143/1665) with additional exclusion of gamma-hydroxybutyrate. Significantly increased odds of seizure were found for cocaine (odds ratio 3.8, 95% CI 2.5-5.8, P <0.001), 3,4-methyledioxymetafetamine (odds ratio 2.5, 95% CI 1.5-3.8, P <0.001) and delta-9-tetrahydrocannibinol (odds ratio 2.0, 95% CI 1.3-3.2, P = 0.005). Gamma-hydroxybutyrate positive cases consistently had decreased odds of seizure (odds ratio 0.58, 95% CI 0.4-0.8, P = 0.001). Methamphetamine demonstrated a consistent inverse association for seizure across all analytical groups (odds ratio 0.6-0.7), possibly reflective of high background prevalence and residual low-level detections rather than true pharmacological effect. Although positive, odds ratios for seizure for antihistamine, selective serotonin reuptake inhibitor, and ketamine exposures did not reach significance. CONCLUSIONS: In this cohort of analytically confirmed illicit drug exposures, cocaine, 3,4 methylenedioxymethamphetamine and delta-9 tetrahydrocannabinol were strongly associated with increased odds of seizure. Gamma-hydroxybutyrate was associated with decreased seizure odds. These findings underscore the importance of analytical toxicology surveillance in defining outcomes including seizure risk and informing harm-reduction strategies.","['3,4 methylenedioxymetham\xadphetamine', 'Cocaine', 'Diacetylmorphine (heroin)', 'chlorphenamine (chlorpheniramine)', 'emergency department', 'illicit drug toxicity', 'metamfetamine (methamphetamine)', 'methylenedioxymetham-phetamine', 'midoamfetamine (methylenedioxymetham\xadphetamine)', 'seizure']","SL. Greene, C. Weber, SE. Hodgson, J. Smith, S. Alfred, D. McCutcheon, V. Tran, R. Syrjanen, K. Isoardi",2026
42227363,"Innovations in Depression Diagnosis and Treatment: A Review of Biological, Cognitive, and Psychosocial Advances.^
Depression is a leading cause of global disability, affecting over 300 million individuals and imposing substantial personal, clinical, and societal burdens. This comprehensive review synthesizes recent advances in understanding depression across biological, cognitive, and psychosocial domains, emphasizing innovations in diagnosis, pathophysiology, and treatment. We explore emerging distinctions between major depressive disorder (MDD) and bipolar depression (BD), highlighting novel biomarkers and neuroimaging tools to reduce misdiagnosis. Special attention is given to under-researched subtypes, including postpartum, inflammation-related, and adolescent depression, which present unique diagnostic and therapeutic challenges. Pathophysiological insights reveal dysregulated neurotransmitter systems, neuroinflammation, and disrupted neural connectivity as central mechanisms, while genetic-environment interactions underscore the need for personalized approaches. Cognitive dysfunction is examined as both a core symptom and a predictor of treatment resistance, with validated tools enabling targeted remediation strategies. Advances in treatment span from FDA-approved neurosteroid therapies for postpartum depression (e.g., brexanolone) to breakthrough psychedelic-assisted psychotherapy for treatment-resistant cases. The paradigm shift toward precision psychiatry and quasi-treatment-resistant depression frameworks is discussed, alongside socioeconomic and cultural barriers to equitable care. Finally, we address the heightened vulnerability of special populations-adolescents, older adults with comorbid dementia, and women in the peripartum period, and propose interdisciplinary models to close critical gaps in global mental health. This review highlights the need for a holistic and personalized approach to depression care, aiming to reduce healthcare disparities and improve long-term outcomes.",0,"[0.9925616383552551, 0.007438368164002895]",42227363,https://pubmed.ncbi.nlm.nih.gov/42227363/,10.2174/0115680266437457251129112908,"Innovations in Depression Diagnosis and Treatment: A Review of Biological, Cognitive, and Psychosocial Advances.",2026-05-21,"Depression is a leading cause of global disability, affecting over 300 million individuals and imposing substantial personal, clinical, and societal burdens. This comprehensive review synthesizes recent advances in understanding depression across biological, cognitive, and psychosocial domains, emphasizing innovations in diagnosis, pathophysiology, and treatment. We explore emerging distinctions between major depressive disorder (MDD) and bipolar depression (BD), highlighting novel biomarkers and neuroimaging tools to reduce misdiagnosis. Special attention is given to under-researched subtypes, including postpartum, inflammation-related, and adolescent depression, which present unique diagnostic and therapeutic challenges. Pathophysiological insights reveal dysregulated neurotransmitter systems, neuroinflammation, and disrupted neural connectivity as central mechanisms, while genetic-environment interactions underscore the need for personalized approaches. Cognitive dysfunction is examined as both a core symptom and a predictor of treatment resistance, with validated tools enabling targeted remediation strategies. Advances in treatment span from FDA-approved neurosteroid therapies for postpartum depression (e.g., brexanolone) to breakthrough psychedelic-assisted psychotherapy for treatment-resistant cases. The paradigm shift toward precision psychiatry and quasi-treatment-resistant depression frameworks is discussed, alongside socioeconomic and cultural barriers to equitable care. Finally, we address the heightened vulnerability of special populations-adolescents, older adults with comorbid dementia, and women in the peripartum period, and propose interdisciplinary models to close critical gaps in global mental health. This review highlights the need for a holistic and personalized approach to depression care, aiming to reduce healthcare disparities and improve long-term outcomes.","['Global mental health burden.', 'Major depressive disorder', 'Neuroinflammation', 'Precision medicine', 'Psychedelic therapy', 'Treatment-resistant depression']","G. Lyu, D. Li",2026
42226751,"Next-Generation Pharmacotherapy for Depressive Disorders: From Novel Compounds to Optimized Use of Available Drugs.^
Depressive disorders remain a major source of disability worldwide, and many patients do not achieve sustained remission despite the availability of multiple antidepressant options. Unmet needs are particularly evident in treatment-resistant depression (TRD) and bipolar depression, where delayed onset of action, incomplete response, relapse, residual functional impairment, and tolerability limitations reduce the practical value of conventional monoaminergic strategies. This clinically oriented narrative review examines next-generation pharmacotherapy for depressive disorders from a drug-centered and mechanism-informed perspective. A targeted literature search was conducted across major biomedical and psychological databases and was supplemented by regulatory documents, prescribing information, pharmacogenomic recommendations, and selected real-world evidence. Representative next-generation approaches include N-methyl-D-aspartate (NMDA) receptor modulators and other rapid-acting agents, dextromethorphan-bupropion, multimodal antidepressants, neuroactive steroid-related therapies such as brexanolone and zuranolone, psychedelic-assisted pharmacotherapy, kappa-opioid receptor antagonists, and bipolar-relevant mood-stabilizing pharmacotherapies. The review also discusses mechanism-informed optimization of available drugs, including repurposing, augmentation, rational combination pharmacotherapy, dose and sequencing strategies, maintenance-oriented prescribing, and measurement-based care. Pharmacogenomics, pharmacokinetic/pharmacodynamic variability, and clinical stratification are considered as practical components of precision pharmacotherapy. Current evidence suggests that progress in depression pharmacotherapy depends not only on developing new compounds, but also on improving treatment selection, sequencing, monitoring, tolerability management, and sustained use in heterogeneous clinical populations. A next-generation framework should therefore integrate novel drug classes with improved use of established agents, while remaining sensitive to differences among unipolar depression, bipolar depression, and TRD.",0,"[0.9915687441825867, 0.008431259542703629]",42226751,https://pubmed.ncbi.nlm.nih.gov/42226751/,10.2147/DDDT.S609327,Next-Generation Pharmacotherapy for Depressive Disorders: From Novel Compounds to Optimized Use of Available Drugs.,2026-01-01,"Depressive disorders remain a major source of disability worldwide, and many patients do not achieve sustained remission despite the availability of multiple antidepressant options. Unmet needs are particularly evident in treatment-resistant depression (TRD) and bipolar depression, where delayed onset of action, incomplete response, relapse, residual functional impairment, and tolerability limitations reduce the practical value of conventional monoaminergic strategies. This clinically oriented narrative review examines next-generation pharmacotherapy for depressive disorders from a drug-centered and mechanism-informed perspective. A targeted literature search was conducted across major biomedical and psychological databases and was supplemented by regulatory documents, prescribing information, pharmacogenomic recommendations, and selected real-world evidence. Representative next-generation approaches include N-methyl-D-aspartate (NMDA) receptor modulators and other rapid-acting agents, dextromethorphan-bupropion, multimodal antidepressants, neuroactive steroid-related therapies such as brexanolone and zuranolone, psychedelic-assisted pharmacotherapy, kappa-opioid receptor antagonists, and bipolar-relevant mood-stabilizing pharmacotherapies. The review also discusses mechanism-informed optimization of available drugs, including repurposing, augmentation, rational combination pharmacotherapy, dose and sequencing strategies, maintenance-oriented prescribing, and measurement-based care. Pharmacogenomics, pharmacokinetic/pharmacodynamic variability, and clinical stratification are considered as practical components of precision pharmacotherapy. Current evidence suggests that progress in depression pharmacotherapy depends not only on developing new compounds, but also on improving treatment selection, sequencing, monitoring, tolerability management, and sustained use in heterogeneous clinical populations. A next-generation framework should therefore integrate novel drug classes with improved use of established agents, while remaining sensitive to differences among unipolar depression, bipolar depression, and TRD.","['bipolar depression', 'depressive disorders', 'neuroactive steroids', 'psychedelic-assisted therapy', 'rapid-acting antidepressants', 'treatment-resistant depression']","F. Bu, L. Qin, Z. Lou, Y. Xie, S. Zhang, L. Xiong, Y. Wen",2026
42224931,"Mystery shopper assessments of cannabis retailer practices and regulatory compliance in five U.S. states, 2025.^
OBJECTIVE: This study used mystery shoppers to assess cannabis retail practices in 5 US states regulating legal nonmedical cannabis retail. METHODS: This mystery shopper study assessed 130 cannabis retailers in 5 cities (Los Angeles [LA], California; Las Vegas [LV], Nevada; Denver, Colorado; Portland, Oregon; Seattle, Washington) in summer 2025. Researchers recorded: 1) age verification; and 2) retail staff responses to inquiries about: a) use for anxiety, sleep, pregnancy-related nausea, etc.; b) use-related risks/cautions; c) interstate cannabis transport; and d) availability of derived intoxicating cannabis products (DICPs) and 'mushrooms' (psilocybin). RESULTS: Mystery shoppers were asked for ID at 87.7% of retailers. When asked, most (>88%) retail staff responded that cannabis helps with anxiety and insomnia. While 40.8% warned against use for pregnancy-related nausea, 36.2% suggested it helps and 24.6% said it depends on the person/situation. Over half (58.5%) warned against driving post-use, but 50.0% said it depends (on person/situation). When asked about interstate transport, several indicated not to (42.3%) and/or it was illegal (39.2%); however, 44.6% indicated ways to pack cannabis to be undetectable, and 27.7% said not to worry about getting caught. Retail staff generally indicated DICPs are not as safe as delta-9 THC (27.7%) or are illegal (20.0%). The majority said mushrooms were illegal (67.7%), but 53.8% indicated they were easy to obtain, and 29.2% suggested their mental health benefits. CONCLUSIONS: Cannabis retailer frequently made prohibited health claims and minimized risks, reinforcing public health concerns and the need for ongoing cannabis retail surveillance and stronger regulatory oversight and enforcement.",0,"[0.9848580360412598, 0.015141995623707771]",42224931,https://pubmed.ncbi.nlm.nih.gov/42224931/,10.1016/j.drugalcdep.2026.113218,"Mystery shopper assessments of cannabis retailer practices and regulatory compliance in five U.S. states, 2025.",2026-08-01,"OBJECTIVE: This study used mystery shoppers to assess cannabis retail practices in 5 US states regulating legal nonmedical cannabis retail. METHODS: This mystery shopper study assessed 130 cannabis retailers in 5 cities (Los Angeles [LA], California; Las Vegas [LV], Nevada; Denver, Colorado; Portland, Oregon; Seattle, Washington) in summer 2025. Researchers recorded: 1) age verification; and 2) retail staff responses to inquiries about: a) use for anxiety, sleep, pregnancy-related nausea, etc.; b) use-related risks/cautions; c) interstate cannabis transport; and d) availability of derived intoxicating cannabis products (DICPs) and 'mushrooms' (psilocybin). RESULTS: Mystery shoppers were asked for ID at 87.7% of retailers. When asked, most (>88%) retail staff responded that cannabis helps with anxiety and insomnia. While 40.8% warned against use for pregnancy-related nausea, 36.2% suggested it helps and 24.6% said it depends on the person/situation. Over half (58.5%) warned against driving post-use, but 50.0% said it depends (on person/situation). When asked about interstate transport, several indicated not to (42.3%) and/or it was illegal (39.2%); however, 44.6% indicated ways to pack cannabis to be undetectable, and 27.7% said not to worry about getting caught. Retail staff generally indicated DICPs are not as safe as delta-9 THC (27.7%) or are illegal (20.0%). The majority said mushrooms were illegal (67.7%), but 53.8% indicated they were easy to obtain, and 29.2% suggested their mental health benefits. CONCLUSIONS: Cannabis retailer frequently made prohibited health claims and minimized risks, reinforcing public health concerns and the need for ongoing cannabis retail surveillance and stronger regulatory oversight and enforcement.","['Cannabis policy', 'Drug use', 'Health communication', 'Marijuana dispensaries', 'Marketing', 'Δ9-THC (delta-9 tetrahydrocannabinol)']","CJ. Berg, CR. LoParco, ME. Rossheim, DM. McCready, L. Langan, E. Platt, KF. Romm, M. Johnson, MB. Speer, S. Burris, PA. Cavazos-Rehg",2026
42222796,"N‑Benzyl-Tryptamine Derivatives as Serotonin 5‑HT2 Receptor Ligands: Synthesis and Structure-Affinity/Activity Relationships.^
Serotonin 5-HT2 receptor ligands have attracted the attention of medicinal chemists for the last half-century, first as hallucinogens and later for their antipsychotic, appetite suppressant, antiaddictive and antidepressant potential. Unlike the very potent N-benzylphenethylamine derivatives that include the abundantly studied NBOMe drugs, N-benzyltryptamines have garnered little attention as potentially psychedelic serotonin 5-HT2A receptor ligands, and none as possible leads for the development of novel agents for the treatment of cognitive disorders, substance abuse, or depression. Here, we have synthesized two parallel sets of 22 tryptamine and 22 5-methoxytryptamine derivatives bearing different unsubstituted and ortho-, meta-, or para-substituted N-benzyl substituents, and assayed them for their affinities and potencies at the serotonin 5-HT2A, 5-HT2B, and 5-HT2C receptors under identical conditions for each receptor subtype. In this way, we have obtained highly comparable data allowing QSAR analysis to be performed which clearly showed the favorable effects of meta- and the unfavorable effects of para-substitution of the benzyl moiety. Considering the electronic and volumetric properties of the substituents, their effects could be attributed respectively to beneficial van der Waals forces in the meta position and steric clashes of para substituents.",0,"[0.9870944619178772, 0.012905526906251907]",42222796,https://pubmed.ncbi.nlm.nih.gov/42222796/,10.1021/acsomega.5c13162,N‑Benzyl-Tryptamine Derivatives as Serotonin 5‑HT2 Receptor Ligands: Synthesis and Structure-Affinity/Activity Relationships.,2026-05-26,"Serotonin 5-HT2 receptor ligands have attracted the attention of medicinal chemists for the last half-century, first as hallucinogens and later for their antipsychotic, appetite suppressant, antiaddictive and antidepressant potential. Unlike the very potent N-benzylphenethylamine derivatives that include the abundantly studied NBOMe drugs, N-benzyltryptamines have garnered little attention as potentially psychedelic serotonin 5-HT2A receptor ligands, and none as possible leads for the development of novel agents for the treatment of cognitive disorders, substance abuse, or depression. Here, we have synthesized two parallel sets of 22 tryptamine and 22 5-methoxytryptamine derivatives bearing different unsubstituted and ortho-, meta-, or para-substituted N-benzyl substituents, and assayed them for their affinities and potencies at the serotonin 5-HT2A, 5-HT2B, and 5-HT2C receptors under identical conditions for each receptor subtype. In this way, we have obtained highly comparable data allowing QSAR analysis to be performed which clearly showed the favorable effects of meta- and the unfavorable effects of para-substitution of the benzyl moiety. Considering the electronic and volumetric properties of the substituents, their effects could be attributed respectively to beneficial van der Waals forces in the meta position and steric clashes of para substituents.",[],"D. Martínez-Afani, BA. Soares, J. Mella-Raipán, J. Brea, MI. Loza, E. Pottie, CP. Stove, BK. Cassels",2026
42221322,"Protracted encephalopathy and subacute combined degeneration associated with chronic nitrous oxide use: a case report.^
Nitrous oxide is a dissociative hallucinogen that is increasingly used recreationally, in part due to its widespread availability. Its use is known to cause subacute combined degeneration via inactivation of vitamin B12; it may also result in acute delirium and chronic progressive encephalopathy. Though current practice guidelines call for treatment of neurological sequelae of nitrous oxide use with vitamin B12 supplementation, a paucity of long-term outcome data limits our ability to guide extended courses of treatment. In this report, we discuss a case of protracted encephalopathy associated with nitrous oxide use. We track the response to vitamin B12 supplementation in the hospital setting using the Mini-Mental Status Exam to assess the severity and improvement of cognitive impairment. We also review the patient's comorbid medical and psychiatric conditions, which complicate diagnosis and treatment planning in this patient population.",0,"[0.9851806163787842, 0.014819363132119179]",42221322,https://pubmed.ncbi.nlm.nih.gov/42221322/,10.3389/fpsyt.2026.1797631,Protracted encephalopathy and subacute combined degeneration associated with chronic nitrous oxide use: a case report.,2026-01-01,"Nitrous oxide is a dissociative hallucinogen that is increasingly used recreationally, in part due to its widespread availability. Its use is known to cause subacute combined degeneration via inactivation of vitamin B12; it may also result in acute delirium and chronic progressive encephalopathy. Though current practice guidelines call for treatment of neurological sequelae of nitrous oxide use with vitamin B12 supplementation, a paucity of long-term outcome data limits our ability to guide extended courses of treatment. In this report, we discuss a case of protracted encephalopathy associated with nitrous oxide use. We track the response to vitamin B12 supplementation in the hospital setting using the Mini-Mental Status Exam to assess the severity and improvement of cognitive impairment. We also review the patient's comorbid medical and psychiatric conditions, which complicate diagnosis and treatment planning in this patient population.","['B12', 'addiction', 'delirium', 'encephalopathy', 'inhalant use disorder', 'nitrous oxide', 'subacute combined degeneration']","K. Brasfield, E. Pahk, C. Sevilla",2026
42220002,"Global increases in brain glucose metabolism following acute N,N-dimethyltryptamine and harmine administration in healthy volunteers: A randomised [18F]FDG-PET study.^
Classical psychedelics such as N,N-dimethyltryptamine (DMT) modulate consciousness via serotonergic receptor agonism, and are increasingly investigated for their psychotherapeutic potential. When combined with the monoamine oxidase A (MAO-A) inhibitor harmine-mimicking the pharmacological profile of ayahuasca-oral DMT induces a psychedelic experience lasting 4-5 h. While some neuroimaging studies have characterized effects of DMT on functional connectivity and electroencephalography its impact on cerebral energy metabolism remains largely unexplored. We assessed the cerebral metabolic rate for glucose consumption (CMRglc) with [18F]fluorodeoxyglucose positron emission tomography ([18F]FDG-PET) and linear graphic analysis following buccal DMT + harmine (90 mg DMT, 120 mg harmine) versus placebo in a single-blind, crossover design in 14 healthy males. Scans were acquired during peak drug effects (100-170 min post-administration). Global CMRglc increased by 12.5% under DMT+harmine versus placebo (t = 2.58, p = 0.011). Vertex- and network-wise analyses revealed widespread cortical increases, particularly in higher-order brain networks. Exploratory analyses found a significant positive correlation between global CMRglc and harmine plasma levels, but not with DMT plasma levels, subjective intensity ratings. A psychedelic dose of DMT + harmine globally increased cerebral glucose metabolism, recapitulating a classic finding for psilocybin, and suggesting a potential metabolic signature of the psychedelic state. Clinical trial registry name and URL incl. registration number: Molecular Imaging Study of Harmine/DMT: a Basic Research Approach (HaD-PET) https://clinicaltrials.gov/study/NCT06252506.",1,"[0.0026569031178951263, 0.997343122959137]",42220002,https://pubmed.ncbi.nlm.nih.gov/42220002/,10.1177/0271678X261454172,"Global increases in brain glucose metabolism following acute N,N-dimethyltryptamine and harmine administration in healthy volunteers: A randomised [18F]FDG-PET study.",2026-06-01,"Classical psychedelics such as N,N-dimethyltryptamine (DMT) modulate consciousness via serotonergic receptor agonism, and are increasingly investigated for their psychotherapeutic potential. When combined with the monoamine oxidase A (MAO-A) inhibitor harmine-mimicking the pharmacological profile of ayahuasca-oral DMT induces a psychedelic experience lasting 4-5 h. While some neuroimaging studies have characterized effects of DMT on functional connectivity and electroencephalography its impact on cerebral energy metabolism remains largely unexplored. We assessed the cerebral metabolic rate for glucose consumption (CMRglc) with [18F]fluorodeoxyglucose positron emission tomography ([18F]FDG-PET) and linear graphic analysis following buccal DMT + harmine (90 mg DMT, 120 mg harmine) versus placebo in a single-blind, crossover design in 14 healthy males. Scans were acquired during peak drug effects (100-170 min post-administration). Global CMRglc increased by 12.5% under DMT+harmine versus placebo (t = 2.58, p = 0.011). Vertex- and network-wise analyses revealed widespread cortical increases, particularly in higher-order brain networks. Exploratory analyses found a significant positive correlation between global CMRglc and harmine plasma levels, but not with DMT plasma levels, subjective intensity ratings. A psychedelic dose of DMT + harmine globally increased cerebral glucose metabolism, recapitulating a classic finding for psilocybin, and suggesting a potential metabolic signature of the psychedelic state. Clinical trial registry name and URL incl. registration number: Molecular Imaging Study of Harmine/DMT: a Basic Research Approach (HaD-PET) https://clinicaltrials.gov/study/NCT06252506.","['DMT', 'FDG-PET', 'glucose metabolism', 'harmine', 'pharmahuasca', 'psychedelics']","K. Egger, R. Bozsak, HD. Aicher, H. Sari, SN. Poetzsch, A. Rominger, C. Martin-Soelch, JW. Smallridge, D. Dornbierer, BB. Quednow, M. Scheidegger, P. Cumming",2026
42219760,"A Missing Voice? Peer Support Workers' Perceptions of Psychedelic-Assisted Therapy in Australia: A Cross-Sectional Survey.^
INTRODUCTION: Peer Support Workers (PSWs) in mental health and substance use treatment draw on their lived experience (LE) to support clients through mutual understanding and trust. Psychedelic-assisted therapy (PAT) is emerging as a mental health and substance use treatment modality. As interest grows, understanding PSWs' perspectives on PAT is critical to inform safe and effective implementation, and the potential role PSWs can play in models of care. This study examined factors shaping PSWs' perspectives toward PAT and perceived barriers to its adoption and implementation. METHODS: A mixed methods design was employed. A cross-sectional survey informed by the Theoretical Domains Framework (TDF) captured PSWs' perceptions of PAT and potential barriers to its use. This was followed by semi-structured interviews with five survey participants. Interview transcripts were analyzed to provide a qualitative description and identify topics and patterns to enrich and contextualize the survey findings. RESULTS: Survey responses indicated strong PSW support for PAT, with most participants expressing willingness to recommend it to clients. Qualitative findings expanded on this interest, highlighting concerns around client safety, psychoeducation, stigma, and accessibility. The qualitative description of interview results identified key influences on PSWs' attitudes toward PAT, complementing survey results and aligning with existing literature.",0,"[0.9848345518112183, 0.015165407210588455]",42219760,https://pubmed.ncbi.nlm.nih.gov/42219760/,10.1002/brb3.71521,A Missing Voice? Peer Support Workers' Perceptions of Psychedelic-Assisted Therapy in Australia: A Cross-Sectional Survey.,2026-06-01,"INTRODUCTION: Peer Support Workers (PSWs) in mental health and substance use treatment draw on their lived experience (LE) to support clients through mutual understanding and trust. Psychedelic-assisted therapy (PAT) is emerging as a mental health and substance use treatment modality. As interest grows, understanding PSWs' perspectives on PAT is critical to inform safe and effective implementation, and the potential role PSWs can play in models of care. This study examined factors shaping PSWs' perspectives toward PAT and perceived barriers to its adoption and implementation. METHODS: A mixed methods design was employed. A cross-sectional survey informed by the Theoretical Domains Framework (TDF) captured PSWs' perceptions of PAT and potential barriers to its use. This was followed by semi-structured interviews with five survey participants. Interview transcripts were analyzed to provide a qualitative description and identify topics and patterns to enrich and contextualize the survey findings. RESULTS: Survey responses indicated strong PSW support for PAT, with most participants expressing willingness to recommend it to clients. Qualitative findings expanded on this interest, highlighting concerns around client safety, psychoeducation, stigma, and accessibility. The qualitative description of interview results identified key influences on PSWs' attitudes toward PAT, complementing survey results and aligning with existing literature.","['attitudes', 'mental health', 'peer support', 'psychedelic‐assisted therapy', 'substance use disorders', 'survey']","AA. Lau, S. Arunogiri, B. Raner-Galutera, S. Lichtwark, SJ. Catchlove",2026
42219565,"An Update on Somatic Treatments for Suicide Risk.^
OBJECTIVE: Suicide is a major cause of death worldwide and a key public health challenge. Pharmacologic and neuromodulatory interventions are central to suicide prevention. This review summarizes evidence for these interventions with potential antisuicidal effects across major psychiatric disorders and, where possible, distinguishes their direct effects on suicide diathesis from those mediated by psychiatric symptom improvement. METHODS: This scoping review synthesized evidence from randomized controlled trials (RCTs), meta-analyses, national registry studies, and large pharmacoepidemiologic and cohort studies to examine associations between pharmacologic and neuromodulatory treatments and suicide deaths, suicide attempts, or suicidal ideation as outcomes. Studies were appraised based on design, sample size, population, and outcome definitions. RESULTS: Lithium and clozapine were associated with reductions in suicidal behavior in bipolar disorder and schizophrenia spectrum disorders, respectively, mediated by mechanisms beyond disease stabilization. Intravenous ketamine rapidly reduced suicidal ideation in RCTs, partially independent of antidepressant effects. Benefit was generally transient, and studies were not powered for suicidal behavior. Antidepressants reduced suicidal ideation primarily through improvement in depressive symptoms in RCTs that were generally underpowered to determine effects on suicidal behavior. Observational and patient-level RCT meta-analyses generally found reduced suicidal behavior risk. Opioid use disorder medications were associated with lowered suicide and overdose mortality in observational studies. Electroconvulsive therapy rapidly reduced suicidal ideation and suicide mortality, and transcranial magnetic stimulation appeared to reduce suicidal ideation primarily via antidepressant effects. CONCLUSIONS: Somatic treatments reduce suicidal ideation and, in some cases, suicidal behavior risk, with effects mostly mediated by antidepressant or mood-stabilizing mechanisms. Clozapine and lithium may prevent suicidal behavior, and intravenous ketamine may reduce suicidal ideation through additional effects on suicide diathesis. Targeting the diathesis for suicidal behavior is a largely unexplored therapeutic strategy. Adequately powered RCTs to test somatic treatment effects on suicidal behavior are essential for evidence-based suicide prevention.",0,"[0.9815003871917725, 0.01849956624209881]",42219565,https://pubmed.ncbi.nlm.nih.gov/42219565/,10.1176/appi.ajp.20260287,An Update on Somatic Treatments for Suicide Risk.,2026-06-01,"OBJECTIVE: Suicide is a major cause of death worldwide and a key public health challenge. Pharmacologic and neuromodulatory interventions are central to suicide prevention. This review summarizes evidence for these interventions with potential antisuicidal effects across major psychiatric disorders and, where possible, distinguishes their direct effects on suicide diathesis from those mediated by psychiatric symptom improvement. METHODS: This scoping review synthesized evidence from randomized controlled trials (RCTs), meta-analyses, national registry studies, and large pharmacoepidemiologic and cohort studies to examine associations between pharmacologic and neuromodulatory treatments and suicide deaths, suicide attempts, or suicidal ideation as outcomes. Studies were appraised based on design, sample size, population, and outcome definitions. RESULTS: Lithium and clozapine were associated with reductions in suicidal behavior in bipolar disorder and schizophrenia spectrum disorders, respectively, mediated by mechanisms beyond disease stabilization. Intravenous ketamine rapidly reduced suicidal ideation in RCTs, partially independent of antidepressant effects. Benefit was generally transient, and studies were not powered for suicidal behavior. Antidepressants reduced suicidal ideation primarily through improvement in depressive symptoms in RCTs that were generally underpowered to determine effects on suicidal behavior. Observational and patient-level RCT meta-analyses generally found reduced suicidal behavior risk. Opioid use disorder medications were associated with lowered suicide and overdose mortality in observational studies. Electroconvulsive therapy rapidly reduced suicidal ideation and suicide mortality, and transcranial magnetic stimulation appeared to reduce suicidal ideation primarily via antidepressant effects. CONCLUSIONS: Somatic treatments reduce suicidal ideation and, in some cases, suicidal behavior risk, with effects mostly mediated by antidepressant or mood-stabilizing mechanisms. Clozapine and lithium may prevent suicidal behavior, and intravenous ketamine may reduce suicidal ideation through additional effects on suicide diathesis. Targeting the diathesis for suicidal behavior is a largely unexplored therapeutic strategy. Adequately powered RCTs to test somatic treatment effects on suicidal behavior are essential for evidence-based suicide prevention.","['Clozapine', 'Electroconvulsive Therapy', 'Ketamine', 'Lithium', 'Suicidal Ideation', 'Suicide Prevention']","MM. Rizk, JJ. Mann",2026
42219133,"Psychedelics do not always enhance cognitive flexibility: The potential role of time-varying effects on reward learning processes.^
Although research on psychedelics (hallucinogenic serotonin 2 A or 5-HT2A agonists) has shown initial promise in ameliorating a range of psychiatric conditions, the mechanisms by which psychedelics promote therapeutic benefits have yet to be elucidated. Researchers have posited enhancements in cognitive flexibility as a transdiagnostic mechanism through which psychedelics could disrupt repetitive, maladaptive thoughts and/or behavioral patterns and induce insights. However, the acute and post-acute effects of psychedelics on cognitive flexibility have been mixed, including several cases in which cognitive flexibility is impaired. Here, we review the acute and post-acute effects of psychedelics on cognitive flexibility, specifically reversal learning and set-shifting, and propose that time-varying effects on learning from reward receipt and reward omission can account for these mixed findings. The synthesized evidence suggests that the acute effects of psychedelics may especially enhance learning from reward receipt that can become difficult to overcome, thereby leading to perseveration. In contrast, enhancements in learning from reward omission may become more prominent post-acutely and can counteract such perseveration. Whereas 5-HT2C activation appears to especially support learning from reward receipt, 5-HT2A and 5-HT1A activation may be more important for learning from reward omission. We end with proposing how different learning systems could support these two forms of learning, recommendations for future work, and implications for psychedelic therapy. Together, our hypothesis accounts for conditions in which psychedelics enhance flexible decision-making and why insights reached on psychedelics may be held so strongly, and it informs strategies to potentially minimize the formation of maladaptive beliefs.",0,"[0.994517982006073, 0.005482048261910677]",42219133,https://pubmed.ncbi.nlm.nih.gov/42219133/,10.1016/j.neubiorev.2026.106788,Psychedelics do not always enhance cognitive flexibility: The potential role of time-varying effects on reward learning processes.,2026-05-30,"Although research on psychedelics (hallucinogenic serotonin 2 A or 5-HT2A agonists) has shown initial promise in ameliorating a range of psychiatric conditions, the mechanisms by which psychedelics promote therapeutic benefits have yet to be elucidated. Researchers have posited enhancements in cognitive flexibility as a transdiagnostic mechanism through which psychedelics could disrupt repetitive, maladaptive thoughts and/or behavioral patterns and induce insights. However, the acute and post-acute effects of psychedelics on cognitive flexibility have been mixed, including several cases in which cognitive flexibility is impaired. Here, we review the acute and post-acute effects of psychedelics on cognitive flexibility, specifically reversal learning and set-shifting, and propose that time-varying effects on learning from reward receipt and reward omission can account for these mixed findings. The synthesized evidence suggests that the acute effects of psychedelics may especially enhance learning from reward receipt that can become difficult to overcome, thereby leading to perseveration. In contrast, enhancements in learning from reward omission may become more prominent post-acutely and can counteract such perseveration. Whereas 5-HT2C activation appears to especially support learning from reward receipt, 5-HT2A and 5-HT1A activation may be more important for learning from reward omission. We end with proposing how different learning systems could support these two forms of learning, recommendations for future work, and implications for psychedelic therapy. Together, our hypothesis accounts for conditions in which psychedelics enhance flexible decision-making and why insights reached on psychedelics may be held so strongly, and it informs strategies to potentially minimize the formation of maladaptive beliefs.","['Behavioral flexibility', 'Cognitive flexibility', 'Psychedelics', 'Reversal learning', 'Reward learning', 'Serotonin', 'Set-shifting']","R. Kosted, MK. Doss, JJ. Donegan, JM. Cisler, GA. Fonzo",2026
42218644,"Classic psychedelics and personality: An updated systematic review.^
BACKGROUND: The impact of classic psychedelics (5-HT2A receptor agonists) on personality traits has been studied for decades, and it has been hypothesized that the mechanisms underlying these changes are linked to agonism at cortical serotonergic 5-HT2A receptors. However, research results are contradictory. Therefore, the present paper aims to systematically evaluate the effects of psychedelics on personality, updating (2016-2024) a previous systematic review by Bouso and collaborators (2018). The International Prospective Register of Systematic Reviews ID for this study is CRD42024582704. METHOD: Systematic review using four databases (PubMed, LILACS, PsycINFO, and SciELO) including randomized controlled trials, open-label, and observational studies. Interventions included the consumption of any classic psychedelic (lysergic acid diethylamide, psilocybin, ayahuasca/dimethyltryptamine, mescaline), and the studies were required to use some instrument for personality assessment. We followed the Preferred Reporting Items for Systematic Reviews and Meta-Analyses guidelines to conduct the data collection. RESULTS: Out of 6043 references screened, 48 studies were included: 14 experimental and 34 observational. The most consistent findings were increases in Openness and reductions in Neuroticism, especially with psilocybin and ayahuasca. Changes in other traits, such as Extraversion, Agreeableness, and Conscientiousness, were more variable. Microdosing was associated with modest reductions in Neuroticism and higher Absorption. Most studies used instruments based on the Five-Factor Model, reflecting its growing dominance. CONCLUSIONS: Classic psychedelics seem to promote lasting personality changes, most consistently increasing Openness and reducing Neuroticism. Future research would benefit from combining experimental and naturalistic designs, using longer follow-up periods and more diverse personality models to better understand the interplay between psychedelics and personality, thus providing a more accurate guide for clinical use.",1,"[0.0034857357386499643, 0.9965142607688904]",42218644,https://pubmed.ncbi.nlm.nih.gov/42218644/,10.1177/02698811261449386,Classic psychedelics and personality: An updated systematic review.,2026-05-31,"BACKGROUND: The impact of classic psychedelics (5-HT2A receptor agonists) on personality traits has been studied for decades, and it has been hypothesized that the mechanisms underlying these changes are linked to agonism at cortical serotonergic 5-HT2A receptors. However, research results are contradictory. Therefore, the present paper aims to systematically evaluate the effects of psychedelics on personality, updating (2016-2024) a previous systematic review by Bouso and collaborators (2018). The International Prospective Register of Systematic Reviews ID for this study is CRD42024582704. METHOD: Systematic review using four databases (PubMed, LILACS, PsycINFO, and SciELO) including randomized controlled trials, open-label, and observational studies. Interventions included the consumption of any classic psychedelic (lysergic acid diethylamide, psilocybin, ayahuasca/dimethyltryptamine, mescaline), and the studies were required to use some instrument for personality assessment. We followed the Preferred Reporting Items for Systematic Reviews and Meta-Analyses guidelines to conduct the data collection. RESULTS: Out of 6043 references screened, 48 studies were included: 14 experimental and 34 observational. The most consistent findings were increases in Openness and reductions in Neuroticism, especially with psilocybin and ayahuasca. Changes in other traits, such as Extraversion, Agreeableness, and Conscientiousness, were more variable. Microdosing was associated with modest reductions in Neuroticism and higher Absorption. Most studies used instruments based on the Five-Factor Model, reflecting its growing dominance. CONCLUSIONS: Classic psychedelics seem to promote lasting personality changes, most consistently increasing Openness and reducing Neuroticism. Future research would benefit from combining experimental and naturalistic designs, using longer follow-up periods and more diverse personality models to better understand the interplay between psychedelics and personality, thus providing a more accurate guide for clinical use.","['5-HT2A receptor agonists', 'classic psychedelics', 'personality', 'personality traits', 'systematic review']","AB. Vicentini, CC. de Paula, JA. Silva Reis, JC. Bouso, JEC. Hallak, RG. Dos Santos",2026
42216615,"Beyond the High: A Narrative Review of the Chronic Complications of Recreational Ketamine Use.^
Ketamine, initially developed as a dissociative anaesthetic, has seen expanding therapeutic applications, in managing treatment-resistant depression and chronic pain. However, its psychoactive properties have also been associated with a significant rise in recreational use globally. Chronic, high-dose recreational ketamine use is associated with dependence potential and a spectrum of long-term complications affecting multiple organ systems. This narrative review details the major chronic urological, neurological, neuropsychiatric and hepatobiliary complications that clinicians may encounter in individuals with long-term ketamine use, along with an overview of the potential risk of dependence. This review highlights the importance of heightened awareness among clinicians of the issues related to long-term ketamine use, enabling early identification and prompt, appropriate investigation and management.",0,"[0.9938598871231079, 0.006140137556940317]",42216615,https://pubmed.ncbi.nlm.nih.gov/42216615/,10.31083/BJHM53976,Beyond the High: A Narrative Review of the Chronic Complications of Recreational Ketamine Use.,2026-05-18,"Ketamine, initially developed as a dissociative anaesthetic, has seen expanding therapeutic applications, in managing treatment-resistant depression and chronic pain. However, its psychoactive properties have also been associated with a significant rise in recreational use globally. Chronic, high-dose recreational ketamine use is associated with dependence potential and a spectrum of long-term complications affecting multiple organ systems. This narrative review details the major chronic urological, neurological, neuropsychiatric and hepatobiliary complications that clinicians may encounter in individuals with long-term ketamine use, along with an overview of the potential risk of dependence. This review highlights the importance of heightened awareness among clinicians of the issues related to long-term ketamine use, enabling early identification and prompt, appropriate investigation and management.","['gastrointestinal diseases', 'ketamine', 'public health', 'substance-related disorders', 'urological diseases']","KL. Erskine, PI. Dargan, DM. Wood",2026
42368319,"The contribution of psychotherapy in potential therapeutic effects of psychedelics for treatment of opioid use disorder.^
PURPOSE OF REVIEW: Despite national efforts to curb the opioid crisis, the clinical and societal challenges continue to grow. FDA-approved medications for opioid use disorder (OUD) are effective but are associated with high rates of treatment discontinuation and relapse. A collection of agents with acute effects on consciousness, collectively (if variably) categorized as 'psychedelics', have emerged as potential treatments for substance use disorders, including OUD. Psychedelics are typically administered alongside psychotherapy, though the role and necessity of concurrent psychotherapy remains a topic of debate. This review examines trials involving both classical and non-classical psychedelics for OUD treatment, aiming to evaluate the evidence for the importance of psychotherapy and identify the most effective therapeutic approaches, if any. RECENT FINDINGS: No studies were identified that directly compared different psychotherapy modalities or assessed the effects of psychedelics with versus without concurrent psychotherapy. Most research examining the impact of psychedelics on alleviating opioid withdrawal symptoms did not incorporate a psychotherapy component. However, the few studies that investigated the effects of psychedelics (ketamine and LSD) on opioid use and abstinence adopted a psychedelic-assisted therapy model. SUMMARY: There is insufficient high-quality evidence to support or oppose the necessity of concurrent psychotherapy in psychedelic trials for OUD. Future clinical trials should be structured to explore the interplay between psychedelic treatment and psychotherapy.",0,"[0.9926039576530457, 0.007396090310066938]",42368319,https://pubmed.ncbi.nlm.nih.gov/42368319/,10.1007/s40429-025-00638-7,The contribution of psychotherapy in potential therapeutic effects of psychedelics for treatment of opioid use disorder.,2025-01-01,"PURPOSE OF REVIEW: Despite national efforts to curb the opioid crisis, the clinical and societal challenges continue to grow. FDA-approved medications for opioid use disorder (OUD) are effective but are associated with high rates of treatment discontinuation and relapse. A collection of agents with acute effects on consciousness, collectively (if variably) categorized as 'psychedelics', have emerged as potential treatments for substance use disorders, including OUD. Psychedelics are typically administered alongside psychotherapy, though the role and necessity of concurrent psychotherapy remains a topic of debate. This review examines trials involving both classical and non-classical psychedelics for OUD treatment, aiming to evaluate the evidence for the importance of psychotherapy and identify the most effective therapeutic approaches, if any. RECENT FINDINGS: No studies were identified that directly compared different psychotherapy modalities or assessed the effects of psychedelics with versus without concurrent psychotherapy. Most research examining the impact of psychedelics on alleviating opioid withdrawal symptoms did not incorporate a psychotherapy component. However, the few studies that investigated the effects of psychedelics (ketamine and LSD) on opioid use and abstinence adopted a psychedelic-assisted therapy model. SUMMARY: There is insufficient high-quality evidence to support or oppose the necessity of concurrent psychotherapy in psychedelic trials for OUD. Future clinical trials should be structured to explore the interplay between psychedelic treatment and psychotherapy.","['ayahuasca', 'ibogaine', 'ketamine', 'lysergic acid diethylamide', 'noribogaine', 'psychedelic-assisted therapy']","AB. Nia, Y. Farahmand, G. Griffith, AM. Aghaei, GA. Angarita, A. Anand, C. Pittenger",2026
