id,text,prediction,probability,keywords,pubmed_id,pubmed_url,doi,year,abstract,title,authors
41773421,"Synthesis and Characterization of Psilocybin Metabolites and Deuterated Analogs.^
To support ongoing clinical trials, the major human metabolites of psilocybin were synthesized on a preparative scale, specifically psilocin-O-glucuronide and 4-hydroxyindole-3-acetic acid (4-HIAA), along with putative minor metabolites and several deuterium-labeled derivatives. Psilocybin, psilocin, psilocin-O-glucuronide, and 4-HIAA were assayed for engagement at seven serotonin receptor subtypes using a BRET-based binding assay, which showed that only psilocin exhibited any discernible binding across the subtypes investigated. Given the high cost and challenging preparation of these compounds, our work offers a comprehensive guide for researchers to access these resources, advancing both basic and clinical research with psilocybin and its metabolites.",0,"[0.9701930284500122, 0.029807042330503464]","['HILIC purification', 'deuterium-labeled standards', 'glucuronide conjugates', 'psychedelic pharmacokinetics', 'serotonin receptor binding']",41773421,https://pubmed.ncbi.nlm.nih.gov/41773421/,10.1021/acschemneuro.5c00879,2026,"To support ongoing clinical trials, the major human metabolites of psilocybin were synthesized on a preparative scale, specifically psilocin-O-glucuronide and 4-hydroxyindole-3-acetic acid (4-HIAA), along with putative minor metabolites and several deuterium-labeled derivatives. Psilocybin, psilocin, psilocin-O-glucuronide, and 4-HIAA were assayed for engagement at seven serotonin receptor subtypes using a BRET-based binding assay, which showed that only psilocin exhibited any discernible binding across the subtypes investigated. Given the high cost and challenging preparation of these compounds, our work offers a comprehensive guide for researchers to access these resources, advancing both basic and clinical research with psilocybin and its metabolites.",Synthesis and Characterization of Psilocybin Metabolites and Deuterated Analogs.,"SE. Williamson, EK. Burkhartzmeyer, MT. Faley, RF. Ohana, IA. Guzei, M. Valley, JJ. Cali, AM. Sherwood"
41765343,"Psychedelics and the Extracellular Matrix: Rewiring Neuroplasticity and Metaplasticity for Next-Generation Psychiatric Therapies.^
Classic psychedelics such as psilocybin, lysergic acid diethylamide (LSD), and N,N-dimethyltryptamine (DMT) have emerged as potent modulators of neuroplasticity and metaplasticity in the adult brain, offering novel therapeutic strategies for neuropsychiatric disorders. Recent findings reveal that beyond their transient psychotropic effects, these compounds activate serotonin 5-HT2A receptors and downstream signaling cascades-including CaMKII, ERK, mTOR, and brain-derived neurotrophic factor (BDNF) pathways-thereby inducing synaptogenesis, dendritic spine remodeling, and transcription of immediate early genes. Critically, the brain's extracellular matrix (ECM), particularly perineuronal nets (PNNs), has been identified as a central regulator of synaptic stability and a key target of psychedelic action. Psychedelics transiently disrupt ECM integrity by loosening PNNs and reorganizing pericellular scaffolds, a process that reopens developmentally restricted critical periods of plasticity and restores circuit-level flexibility. These ECM-mediated metaplastic effects appear essential to the sustained therapeutic outcomes observed in clinical studies of psychedelic-assisted therapy for depression, post-traumatic stress disorder (PTSD), addiction, and potentially neurodegenerative diseases. This manuscript synthesizes current cellular, molecular, and translational evidence highlighting the ECM as a dynamic and permissive substrate through which classic psychedelics exert long-lasting structural and functional brain changes, underscoring its potential as a target for precision interventions in neuropsychiatric care.",0,"[0.9942504167556763, 0.0057495818473398685]","['Critical Period', 'Extracellular Matrix', 'Metaplasticity', 'Neurodegenerative Diseases', 'Neuroplasticity', 'Psychedelics', 'Psychiatric Disorders']",41765343,https://pubmed.ncbi.nlm.nih.gov/41765343/,10.1016/j.biopsych.2026.02.011,2026,"Classic psychedelics such as psilocybin, lysergic acid diethylamide (LSD), and N,N-dimethyltryptamine (DMT) have emerged as potent modulators of neuroplasticity and metaplasticity in the adult brain, offering novel therapeutic strategies for neuropsychiatric disorders. Recent findings reveal that beyond their transient psychotropic effects, these compounds activate serotonin 5-HT2A receptors and downstream signaling cascades-including CaMKII, ERK, mTOR, and brain-derived neurotrophic factor (BDNF) pathways-thereby inducing synaptogenesis, dendritic spine remodeling, and transcription of immediate early genes. Critically, the brain's extracellular matrix (ECM), particularly perineuronal nets (PNNs), has been identified as a central regulator of synaptic stability and a key target of psychedelic action. Psychedelics transiently disrupt ECM integrity by loosening PNNs and reorganizing pericellular scaffolds, a process that reopens developmentally restricted critical periods of plasticity and restores circuit-level flexibility. These ECM-mediated metaplastic effects appear essential to the sustained therapeutic outcomes observed in clinical studies of psychedelic-assisted therapy for depression, post-traumatic stress disorder (PTSD), addiction, and potentially neurodegenerative diseases. This manuscript synthesizes current cellular, molecular, and translational evidence highlighting the ECM as a dynamic and permissive substrate through which classic psychedelics exert long-lasting structural and functional brain changes, underscoring its potential as a target for precision interventions in neuropsychiatric care.",Psychedelics and the Extracellular Matrix: Rewiring Neuroplasticity and Metaplasticity for Next-Generation Psychiatric Therapies.,"J. Zhang, C. Lin, X. Lv, H. Zhao, X. Wang"
41763341,"Pharmacological regulation of adult brain neuroplasticity: Synergistic roles of neuropeptide signaling, psychedelics, and synaptic modulators.^
Neuroplasticity refers to the ability of the brain to modify synaptic connections and reorganize neural circuits, underpinning cognitive function, emotional regulation, and recovery from injury. Recent advances have redefined adult neuroplasticity as more dynamic and therapeutically accessible than previously thought, spurring investigation into pharmacological interventions that can augment these adaptive processes. This review dissects current evidence for drug strategies targeting synaptic modulators (NMDA, AMPA, and GABA receptors), neuropeptide systems (including BDNF, oxytocin, vasopressin), and psychedelic compounds (psilocybin, LSD, ketamine), integrating insights from cellular, preclinical, and clinical studies. We detail how these agents modulate molecular pathways governing synaptic transmission, dendritic remodeling, and gene expression linked to neuronal growth and resilience. Highlighted findings include the rapid-acting antidepressant effects of NMDA antagonists, the structural and functional reorganization induced by classic psychedelics via 5-HT2A receptor activation, and the neurorestorative roles of neuropeptides in synaptic and network adaptation. Alongside these advances, we critically address safety, ethical considerations, and the risk of maladaptive plasticity, underscoring the importance of dosing, patient selection, and controlled therapeutic environments. Non-hallucinogenic neuroplastogens and combinatorial approaches that are still emerging offer new avenues to fine-tune plasticity with an improved safety profile. The collective evidence positions neuroplasticity-targeting pharmacology as a promising and complex frontier for the treatment of neuropsychiatric and neurodegenerative disorders in adulthood.",0,"[0.9928035140037537, 0.007196417078375816]","['AMPA receptor trafficking', 'Multi-omics modeling', 'Neuroplasticity', 'Nitric oxide signaling', 'PSD-95']",41763341,https://pubmed.ncbi.nlm.nih.gov/41763341/,10.1016/j.mcn.2026.104076,2026,"Neuroplasticity refers to the ability of the brain to modify synaptic connections and reorganize neural circuits, underpinning cognitive function, emotional regulation, and recovery from injury. Recent advances have redefined adult neuroplasticity as more dynamic and therapeutically accessible than previously thought, spurring investigation into pharmacological interventions that can augment these adaptive processes. This review dissects current evidence for drug strategies targeting synaptic modulators (NMDA, AMPA, and GABA receptors), neuropeptide systems (including BDNF, oxytocin, vasopressin), and psychedelic compounds (psilocybin, LSD, ketamine), integrating insights from cellular, preclinical, and clinical studies. We detail how these agents modulate molecular pathways governing synaptic transmission, dendritic remodeling, and gene expression linked to neuronal growth and resilience. Highlighted findings include the rapid-acting antidepressant effects of NMDA antagonists, the structural and functional reorganization induced by classic psychedelics via 5-HT2A receptor activation, and the neurorestorative roles of neuropeptides in synaptic and network adaptation. Alongside these advances, we critically address safety, ethical considerations, and the risk of maladaptive plasticity, underscoring the importance of dosing, patient selection, and controlled therapeutic environments. Non-hallucinogenic neuroplastogens and combinatorial approaches that are still emerging offer new avenues to fine-tune plasticity with an improved safety profile. The collective evidence positions neuroplasticity-targeting pharmacology as a promising and complex frontier for the treatment of neuropsychiatric and neurodegenerative disorders in adulthood.","Pharmacological regulation of adult brain neuroplasticity: Synergistic roles of neuropeptide signaling, psychedelics, and synaptic modulators.","MM. Shokr, MN. Fawzy, AM. Abdelaziz"
41762772,"Advancing cancer neuroscience through stress modulation: Interdisciplinary potential of psilocybin and ketamine.^
Psychological stress not only undermines quality of life for people with cancer but also fuels tumor growth. Emerging evidence from the nascent field of cancer neuroscience suggests that adrenergic signaling from direct tumor-neuron interactions drives cancer progression, resistance to treatment, and worse outcomes. Cancer neuroscientists are increasingly seeking to repurpose psychoactive medications (e.g., β-blockers and others) to augment primary cancer therapies. Preclinical models reveal that psychological stress can be a key activator of the sympathetic pathways that promote pathological tumor-neuron crosstalk. However, conventional antidepressants/anxiolytics used to address psychological distress are often less effective in this population. Conversely, while sample sizes are limited, psilocybin has achieved 60-80% long-term remission of cancer-related depression and anxiety and peri-palliative ketamine studies demonstrate rapid but short-lived symptom control. In preclinical models these agents appear to normalize hypothalamic-pituitary-adrenal (HPA) axis function while upregulating neurotrophic factors, mechanisms which putatively promote stress reductions and resilience. In this review, we propose that this neuroplastic recalibration may reduce sustained adrenergic tone, thereby interrupting the stress-driven tumor-neuron signaling that accelerates cancer progression. Integrating these rapid agents into oncology practice could thus disrupt maladaptive adrenergic signaling, enhance treatment adherence, and ultimately improve survival. Hospital-based psychiatrists are uniquely positioned to lead this effort by collaborating with oncologists, embedding biomarker-rich clinical trials, and monitoring both psychiatric and tumor-neuron interaction metrics. Advancing interdisciplinary research with ketamine and psilocybin will clarify whether targeting systemic stress indices represents a cancer-relevant endpoint beyond psychological symptom relief itself, while advancing research in cancer neuroscience mechanisms to improve oncologic outcomes.",0,"[0.9914461374282837, 0.008553803898394108]","['Adrenergic signaling', 'Cancer neuroscience', 'Ketamine', 'Psilocybin', 'Stress']",41762772,https://pubmed.ncbi.nlm.nih.gov/41762772/,10.1016/j.genhosppsych.2026.02.011,2026,"Psychological stress not only undermines quality of life for people with cancer but also fuels tumor growth. Emerging evidence from the nascent field of cancer neuroscience suggests that adrenergic signaling from direct tumor-neuron interactions drives cancer progression, resistance to treatment, and worse outcomes. Cancer neuroscientists are increasingly seeking to repurpose psychoactive medications (e.g., β-blockers and others) to augment primary cancer therapies. Preclinical models reveal that psychological stress can be a key activator of the sympathetic pathways that promote pathological tumor-neuron crosstalk. However, conventional antidepressants/anxiolytics used to address psychological distress are often less effective in this population. Conversely, while sample sizes are limited, psilocybin has achieved 60-80% long-term remission of cancer-related depression and anxiety and peri-palliative ketamine studies demonstrate rapid but short-lived symptom control. In preclinical models these agents appear to normalize hypothalamic-pituitary-adrenal (HPA) axis function while upregulating neurotrophic factors, mechanisms which putatively promote stress reductions and resilience. In this review, we propose that this neuroplastic recalibration may reduce sustained adrenergic tone, thereby interrupting the stress-driven tumor-neuron signaling that accelerates cancer progression. Integrating these rapid agents into oncology practice could thus disrupt maladaptive adrenergic signaling, enhance treatment adherence, and ultimately improve survival. Hospital-based psychiatrists are uniquely positioned to lead this effort by collaborating with oncologists, embedding biomarker-rich clinical trials, and monitoring both psychiatric and tumor-neuron interaction metrics. Advancing interdisciplinary research with ketamine and psilocybin will clarify whether targeting systemic stress indices represents a cancer-relevant endpoint beyond psychological symptom relief itself, while advancing research in cancer neuroscience mechanisms to improve oncologic outcomes.",Advancing cancer neuroscience through stress modulation: Interdisciplinary potential of psilocybin and ketamine.,"AC. Courtes, B. Myers, N. Daly, G. Jones, JC. Soares, CA. Zarate, R. Machado-Vieira"
41762703,"Progress, potential and pitfalls of ketamine as a treatment for depression.^
INTRODUCTION: Ketamine has shown promise as a novel treatment for psychiatric disorders. This narrative expert review provides an update on recent advances in ketamine research. AREAS COVERED: Herein, we narratively summarize (1) new efficacy data from clinical trials, (2) real-world effectiveness data, (3) growing safety data, (4) alternative routes of administration, (5) optimization of treatment protocols, (6) considerations for enantiomer variants, and (7) new potential indications. Lastly, limitations and challenges to the progression of the field will be discussed. EXPERT OPINION: Evidence supporting the use of intravenous ketamine and intranasal esketamine for depression has dramatically increased with a large number of clinical trials and real-world effectiveness studies supporting antidepressant effects. Larger studies have provided reassuring data supporting an adequate safety profile, including safety data with long-term treatment. Alternative routes of administration have shown promise for improving scalability; however, efficacy as compared to intravenous ketamine remains unclear. Promising preliminary data support ketamine's efficacy in other conditions, such as bipolar disorders, personality disorders, posttraumatic stress, and obsessive-compulsive disorder. Further research is needed to optimize protocols, such as combining ketamine with other interventions. Functional unblinding, expectancy-related bias, and treatment costs remain challenges for the field.",0,"[0.9941766262054443, 0.0058234152384102345]","['Arketamine', 'bipolar disorder', 'depression', 'esketamine', 'ketamine', 'major depressive disorder', 'psychedelics', 'treatment resistant depression']",41762703,https://pubmed.ncbi.nlm.nih.gov/41762703/,10.1080/14656566.2026.2637587,2026,"INTRODUCTION: Ketamine has shown promise as a novel treatment for psychiatric disorders. This narrative expert review provides an update on recent advances in ketamine research. AREAS COVERED: Herein, we narratively summarize (1) new efficacy data from clinical trials, (2) real-world effectiveness data, (3) growing safety data, (4) alternative routes of administration, (5) optimization of treatment protocols, (6) considerations for enantiomer variants, and (7) new potential indications. Lastly, limitations and challenges to the progression of the field will be discussed. EXPERT OPINION: Evidence supporting the use of intravenous ketamine and intranasal esketamine for depression has dramatically increased with a large number of clinical trials and real-world effectiveness studies supporting antidepressant effects. Larger studies have provided reassuring data supporting an adequate safety profile, including safety data with long-term treatment. Alternative routes of administration have shown promise for improving scalability; however, efficacy as compared to intravenous ketamine remains unclear. Promising preliminary data support ketamine's efficacy in other conditions, such as bipolar disorders, personality disorders, posttraumatic stress, and obsessive-compulsive disorder. Further research is needed to optimize protocols, such as combining ketamine with other interventions. Functional unblinding, expectancy-related bias, and treatment costs remain challenges for the field.","Progress, potential and pitfalls of ketamine as a treatment for depression.","DK. Orsini, S. Di Luch, GFM. Lovell, JD. Rosenblat"
41761045,"A phase 2 uncontrolled, open-label study of intranasal BPL-003 (5-methoxy-N,N-dimethyltryptamine) in patients with treatment-resistant depression.^
AIMS: To evaluate the safety and effect on clinical outcomes of depression of Beckley Psytech Ltd (BPL)-003, an intranasal formulation of 5-methoxy-N,N-dimethyltryptamine, in patients with moderate-to-severe major depressive disorder (MDD) with treatment-resistant depression (TRD). METHODS: Twelve participants with TRD were enrolled in a 12-week, open-label, phase 2a trial. Safety of a single intranasal dose of 10 mg BPL-003 was assessed through clinical evaluations, treatment-emergent adverse events (TEAEs) and Readiness for Discharge Questionnaire (RDQ). Key depression-related assessments were Montgomery-Åsberg Depression Rating Scale (MADRS) total score change from baseline, percentage of responders, and participants in remission on Days 2, 8, 29, 57 and 85 post-dose. RESULTS: All participants completed the trial; 2 females, 10 males, aged 31-55 years. Nine (75.0%) participants had 18 treatment-related TEAEs; 8 mild, 9 moderate and 1 severe (increased blood pressure, which returned to baseline within the observation period), with nausea and nasal discomfort the most frequently reported. Ten participants were ready after their first RDQ (nominal time 90 minutes post-dose). Median time from dosing to discharge readiness was 98 minutes (range 95-167). There was a mean decrease in MADRS total score from baseline of 12.2-13.0 points across all timepoints between Days 2 and 85; most participants (10/11) were responders, and 7 were in remission at ⩾1 post-dose timepoint. CONCLUSION: Results confirmed the safety profile of BPL-003 in a TRD population. A rapid and sustained reduction in MADRS score was observed over 12 weeks, suggesting BPL-003 could be beneficial in TRD, warranting investigation in larger controlled trials.",0,"[0.9754881858825684, 0.02451181970536709]","['5-MeO-DMT', 'clinical trial', 'major depressive disorder', 'mental health', 'psychedelics']",41761045,https://pubmed.ncbi.nlm.nih.gov/41761045/,10.1177/02698811261420087,2026,"AIMS: To evaluate the safety and effect on clinical outcomes of depression of Beckley Psytech Ltd (BPL)-003, an intranasal formulation of 5-methoxy-N,N-dimethyltryptamine, in patients with moderate-to-severe major depressive disorder (MDD) with treatment-resistant depression (TRD). METHODS: Twelve participants with TRD were enrolled in a 12-week, open-label, phase 2a trial. Safety of a single intranasal dose of 10 mg BPL-003 was assessed through clinical evaluations, treatment-emergent adverse events (TEAEs) and Readiness for Discharge Questionnaire (RDQ). Key depression-related assessments were Montgomery-Åsberg Depression Rating Scale (MADRS) total score change from baseline, percentage of responders, and participants in remission on Days 2, 8, 29, 57 and 85 post-dose. RESULTS: All participants completed the trial; 2 females, 10 males, aged 31-55 years. Nine (75.0%) participants had 18 treatment-related TEAEs; 8 mild, 9 moderate and 1 severe (increased blood pressure, which returned to baseline within the observation period), with nausea and nasal discomfort the most frequently reported. Ten participants were ready after their first RDQ (nominal time 90 minutes post-dose). Median time from dosing to discharge readiness was 98 minutes (range 95-167). There was a mean decrease in MADRS total score from baseline of 12.2-13.0 points across all timepoints between Days 2 and 85; most participants (10/11) were responders, and 7 were in remission at ⩾1 post-dose timepoint. CONCLUSION: Results confirmed the safety profile of BPL-003 in a TRD population. A rapid and sustained reduction in MADRS score was observed over 12 weeks, suggesting BPL-003 could be beneficial in TRD, warranting investigation in larger controlled trials.","A phase 2 uncontrolled, open-label study of intranasal BPL-003 (5-methoxy-N,N-dimethyltryptamine) in patients with treatment-resistant depression.","C. Roberts, M. Seynaeve, AO. Ermakova, F. Dunbar, H. Wells, A. Puri, C. Bird, JJ. Rucker"
41760871,"Chaplains in Psychedelic Assisted Therapy: Rationale and Competencies.^
The rapid expansion of psychedelic research has opened significant pathways of opportunity in treating mental health disorders. Participants in recent clinical trials consistently report mystical-type experiences during dosing sessions, and some scholars posit that such experiences themselves help mediate clinical improvements in depression, PTSD, anxiety, and substance use disorders. These reports are in keeping with the historical reality that the use of psychedelic substances and plant medicine has been tied to spiritual experience and shamanic ceremonial practice. Professional clinical chaplains are trained and experienced in providing spiritual and emotional support for people encountering illness, life change, and trauma. They regularly assist participants who seek to make meaning of their experiences in the context of their own beliefs and spirituality. This article argues that as subject matter experts in spirituality and health, chaplains are an asset to psychedelic assisted therapies and should be utilized in research trials and clinical practice, especially given a relative lack of training in spirituality and religion among interprofessional practitioners. We offer this set of competencies for chaplains to provide high quality, safe, and ethical care in the context of psychedelic medicines. These competencies include spiritual and religious care, spiritual inquiry, empathic presence, ethical engagement, and advocacy. We recognize that chaplains will need to pursue specialized education and supervised experience beyond their standard professional requirements, and pathways of personal preparation are discussed. The presence of qualified chaplains will help ensure that participants navigate non-ordinary states of consciousness with safety, sensitivity, and insight regarding improvement and growth.",0,"[0.9922656416893005, 0.007734356448054314]","['Chaplain', 'Psychedelic clinical trials', 'Psychedelic-assisted therapy', 'Psychedelics', 'Spiritual care provider', 'Spiritual care, mental health, psychedelic chaplaincy', 'Spiritual health practitioner']",41760871,https://pubmed.ncbi.nlm.nih.gov/41760871/,10.1007/s10943-026-02591-9,2026,"The rapid expansion of psychedelic research has opened significant pathways of opportunity in treating mental health disorders. Participants in recent clinical trials consistently report mystical-type experiences during dosing sessions, and some scholars posit that such experiences themselves help mediate clinical improvements in depression, PTSD, anxiety, and substance use disorders. These reports are in keeping with the historical reality that the use of psychedelic substances and plant medicine has been tied to spiritual experience and shamanic ceremonial practice. Professional clinical chaplains are trained and experienced in providing spiritual and emotional support for people encountering illness, life change, and trauma. They regularly assist participants who seek to make meaning of their experiences in the context of their own beliefs and spirituality. This article argues that as subject matter experts in spirituality and health, chaplains are an asset to psychedelic assisted therapies and should be utilized in research trials and clinical practice, especially given a relative lack of training in spirituality and religion among interprofessional practitioners. We offer this set of competencies for chaplains to provide high quality, safe, and ethical care in the context of psychedelic medicines. These competencies include spiritual and religious care, spiritual inquiry, empathic presence, ethical engagement, and advocacy. We recognize that chaplains will need to pursue specialized education and supervised experience beyond their standard professional requirements, and pathways of personal preparation are discussed. The presence of qualified chaplains will help ensure that participants navigate non-ordinary states of consciousness with safety, sensitivity, and insight regarding improvement and growth.",Chaplains in Psychedelic Assisted Therapy: Rationale and Competencies.,"SP. Lewis, J. Clark-Soles, O. Mayorga, SK. Sawyer, E. Slavet, BJ. Vidt, S. Shanti, R. Wiggins, K. Willis, J. Frey, RM. Grace, AD. Cherniak"
41753316,"Integrating Psychiatric, Psychotherapeutic, and Nursing Care in Intranasal Esketamine for Treatment-Resistant Depression.^
Background/Objectives: Intranasal esketamine has emerged as an effective treatment for patients with treatment-resistant depression (TRD), providing rapid symptom relief when conventional antidepressant strategies fail. While its pharmacological efficacy has been demonstrated in randomized controlled trials, less attention has been paid to the organizational, relational, and multidisciplinary aspects that influence its real-world implementation and clinical effectiveness. While practical recommendations for intranasal esketamine services exist, an implementation-ready framework integrating psychiatry, nursing, and psychotherapy across treatment phases is still lacking. This narrative review synthesizes the clinical and real-world evidence and proposes a phase-based integration framework with explicit role delineation and measurable implementation/fidelity indicators. Methods: We conducted a narrative review informed by a structured literature search in major databases from inception to the most recent update. Search terms combined 'esketamine'/'Spravato' with 'treatment-resistant depression', 'nursing', 'psychotherapy', 'multidisciplinary', and 'implementation'. Outcomes prioritized in the synthesis included depressive symptom severity/response, relapse prevention, safety/tolerability, anhedonia, suicidality monitoring, functional outcomes, and patient-reported experience/retention. Based on this evidence, an integrated, phase-based multidisciplinary framework for esketamine treatment was developed. Results: Available evidence supports the efficacy of intranasal esketamine in reducing depressive symptoms in TRD, with growing real-world data confirming its effectiveness and safety. Beyond global symptom improvement, studies highlight benefits on clinically relevant domains such as anhedonia and suicidality trajectories, as well as meaningful patient-reported outcomes. However, the complexity of esketamine delivery requires structured clinical pathways. The proposed model delineates complementary roles for medical supervision, nursing care, and psychotherapy across pre-treatment assessment, induction and session delivery, post-session integration, and maintenance phases, emphasizing safety, continuity of care, and patient-centred monitoring. Conclusions: Intranasal esketamine represents not only a pharmacological innovation but also a treatment that necessitates an integrated multidisciplinary approach. A structured phase-based multidisciplinary approach may support safer, more acceptable delivery of intranasal esketamine and potentially improve retention and patient experience; however, prospective implementation and comparative studies are needed to evaluate clinical effectiveness, feasibility, and cost-effectiveness.",0,"[0.6819166541099548, 0.3180833160877228]","['esketamine', 'implementation', 'nursing care', 'patient care team', 'patient-centred care', 'psychotherapy', 'real-world evidence', 'treatment-resistant depression']",41753316,https://pubmed.ncbi.nlm.nih.gov/41753316/,10.3390/jcm15041629,2026,"Background/Objectives: Intranasal esketamine has emerged as an effective treatment for patients with treatment-resistant depression (TRD), providing rapid symptom relief when conventional antidepressant strategies fail. While its pharmacological efficacy has been demonstrated in randomized controlled trials, less attention has been paid to the organizational, relational, and multidisciplinary aspects that influence its real-world implementation and clinical effectiveness. While practical recommendations for intranasal esketamine services exist, an implementation-ready framework integrating psychiatry, nursing, and psychotherapy across treatment phases is still lacking. This narrative review synthesizes the clinical and real-world evidence and proposes a phase-based integration framework with explicit role delineation and measurable implementation/fidelity indicators. Methods: We conducted a narrative review informed by a structured literature search in major databases from inception to the most recent update. Search terms combined 'esketamine'/'Spravato' with 'treatment-resistant depression', 'nursing', 'psychotherapy', 'multidisciplinary', and 'implementation'. Outcomes prioritized in the synthesis included depressive symptom severity/response, relapse prevention, safety/tolerability, anhedonia, suicidality monitoring, functional outcomes, and patient-reported experience/retention. Based on this evidence, an integrated, phase-based multidisciplinary framework for esketamine treatment was developed. Results: Available evidence supports the efficacy of intranasal esketamine in reducing depressive symptoms in TRD, with growing real-world data confirming its effectiveness and safety. Beyond global symptom improvement, studies highlight benefits on clinically relevant domains such as anhedonia and suicidality trajectories, as well as meaningful patient-reported outcomes. However, the complexity of esketamine delivery requires structured clinical pathways. The proposed model delineates complementary roles for medical supervision, nursing care, and psychotherapy across pre-treatment assessment, induction and session delivery, post-session integration, and maintenance phases, emphasizing safety, continuity of care, and patient-centred monitoring. Conclusions: Intranasal esketamine represents not only a pharmacological innovation but also a treatment that necessitates an integrated multidisciplinary approach. A structured phase-based multidisciplinary approach may support safer, more acceptable delivery of intranasal esketamine and potentially improve retention and patient experience; however, prospective implementation and comparative studies are needed to evaluate clinical effectiveness, feasibility, and cost-effectiveness.","Integrating Psychiatric, Psychotherapeutic, and Nursing Care in Intranasal Esketamine for Treatment-Resistant Depression.","V. Martiadis, F. Raffone, S. Testa, C. Iaccarino, P. Giunnelli, A. Orrico, E. Carbone, S. Clemente, C. De Simone, A. Massa, C. Purcaro, A. Martini, E. Pessina, CI. Cattaneo"
41749057,"Psilocybin for psychiatric disorders: History, clinical trials, neuroimaging, and regulations.^
Psilocybin, a classic psychedelic compound, has garnered renewed interest as a potential treatment for various psychiatric disorders. This review provides a comprehensive overview of psilocybin's history, recent clinical evidence, ongoing clinical trials, neuroimaging findings, and regulations. Historically used in spiritual and healing rituals, psilocybin was in the early 1970s subjected to strict legal restrictions that stalled research for decades. However, renewed scientific interest began in the 1990s, with studies demonstrating psilocybin's therapeutic potential for psychiatric disorders. Clinical trials have reported therapeutic effects of psilocybin in major depressive disorder (MDD), depressive symptoms associated with life-threatening illnesses, and in some substance use disorders. Moreover, several phase III clinical trials of psilocybin for depression are currently underway, though trial data for obsessive-compulsive disorder and bipolar depression are limited. Short-term side effects are reportedly generally mild and transient, but long-term effects still need further investigation. Neuroimaging research using magnetic resonance imaging and electroencephalography is still limited and focuses mainly on MDD. However, ongoing clinical trials include neuroimaging studies for psychiatric disorders beyond MDD, as well as positron emission tomography studies for MDD. Regulatory frameworks vary internationally. While many countries continue to classify psilocybin as a prohibited substance, use of psilocybin under controlled conditions is now permitted in Switzerland, parts of the United States, Canada, and Australia. Despite encouraging data, challenges remain, including the need for larger, blinded trials, standardized protocols, and clarification of long-term efficacy and safety. Psilocybin represents a novel therapeutic approach in psychiatric treatment, warranting further rigorous scientific and regulatory research.",0,"[0.9947117567062378, 0.005288262385874987]","['law and ethics', 'neuroimaging', 'pharmacopsychiatry', 'psilocybin', 'psychedelics']",41749057,https://pubmed.ncbi.nlm.nih.gov/41749057/,10.1111/pcn.70042,2026,"Psilocybin, a classic psychedelic compound, has garnered renewed interest as a potential treatment for various psychiatric disorders. This review provides a comprehensive overview of psilocybin's history, recent clinical evidence, ongoing clinical trials, neuroimaging findings, and regulations. Historically used in spiritual and healing rituals, psilocybin was in the early 1970s subjected to strict legal restrictions that stalled research for decades. However, renewed scientific interest began in the 1990s, with studies demonstrating psilocybin's therapeutic potential for psychiatric disorders. Clinical trials have reported therapeutic effects of psilocybin in major depressive disorder (MDD), depressive symptoms associated with life-threatening illnesses, and in some substance use disorders. Moreover, several phase III clinical trials of psilocybin for depression are currently underway, though trial data for obsessive-compulsive disorder and bipolar depression are limited. Short-term side effects are reportedly generally mild and transient, but long-term effects still need further investigation. Neuroimaging research using magnetic resonance imaging and electroencephalography is still limited and focuses mainly on MDD. However, ongoing clinical trials include neuroimaging studies for psychiatric disorders beyond MDD, as well as positron emission tomography studies for MDD. Regulatory frameworks vary internationally. While many countries continue to classify psilocybin as a prohibited substance, use of psilocybin under controlled conditions is now permitted in Switzerland, parts of the United States, Canada, and Australia. Despite encouraging data, challenges remain, including the need for larger, blinded trials, standardized protocols, and clarification of long-term efficacy and safety. Psilocybin represents a novel therapeutic approach in psychiatric treatment, warranting further rigorous scientific and regulatory research.","Psilocybin for psychiatric disorders: History, clinical trials, neuroimaging, and regulations.","K. Yonezawa, M. Hirata, H. Takano, K. Kusudo, S. Tomiyama, L. Harada, K. Suzuki, DJ. Nutt, H. Uchida, H. Tani"
41748534,"Psychedelic therapy and cultural humility.^
IMPORTANCE: As psychedelic-assisted therapies gain clinical legitimacy, their cultural portability remains underexamined. While promising results have emerged from trials on existential distress in life-limiting illness, most protocols reflect Euro-American values. The expansion of these therapies calls for a pivot toward cultural humility and renewed attention to what constitutes a ""good death"" in cultural worlds. This commentary explores these questions through the case of Chinese palliative care. OBSERVATIONS: Clinical trials of psilocybin and LSD assisted therapy demonstrate significant reductions in depression, anxiety, and demoralization among patients with life-limiting illness. However, psychosocial and cultural factors-including family-centered decision-making, spiritual beliefs, and stigma-will likely impact treatments in complex ways. The evolving healthcare framework of cultural humility emphasizes ongoing self-reflection, relational sensitivity towards power sharing, and openness to diverse worldviews and lived experiences of patients. This posture is particularly important in psychedelic therapy where patient experiences are sensitive to settings, relational processes, and meaning-making. RELEVANCE AND CONCLUSION: Regulatory openings in Australia and several European and U.S. jurisdictions are accelerating clinical interest in psychedelic therapy, yet the cultural life of these therapies present important challenges. The Chinese example illustrates how stigma, trust, and relational dimensions will likely crystallize differently, reminding researchers and clinicians that efficacy is not solely a biochemical or therapeutic question but also a cultural one. Addressing the translational gap of cultural diversity in psychedelic therapy can benefit from a stance of humility towards how situated beliefs, social norms, and clinical practices interact with psychedelic pharmacology.",0,"[0.9841187000274658, 0.015881353989243507]",[],41748534,https://pubmed.ncbi.nlm.nih.gov/41748534/,10.1038/s41398-026-03913-x,2026,"IMPORTANCE: As psychedelic-assisted therapies gain clinical legitimacy, their cultural portability remains underexamined. While promising results have emerged from trials on existential distress in life-limiting illness, most protocols reflect Euro-American values. The expansion of these therapies calls for a pivot toward cultural humility and renewed attention to what constitutes a ""good death"" in cultural worlds. This commentary explores these questions through the case of Chinese palliative care. OBSERVATIONS: Clinical trials of psilocybin and LSD assisted therapy demonstrate significant reductions in depression, anxiety, and demoralization among patients with life-limiting illness. However, psychosocial and cultural factors-including family-centered decision-making, spiritual beliefs, and stigma-will likely impact treatments in complex ways. The evolving healthcare framework of cultural humility emphasizes ongoing self-reflection, relational sensitivity towards power sharing, and openness to diverse worldviews and lived experiences of patients. This posture is particularly important in psychedelic therapy where patient experiences are sensitive to settings, relational processes, and meaning-making. RELEVANCE AND CONCLUSION: Regulatory openings in Australia and several European and U.S. jurisdictions are accelerating clinical interest in psychedelic therapy, yet the cultural life of these therapies present important challenges. The Chinese example illustrates how stigma, trust, and relational dimensions will likely crystallize differently, reminding researchers and clinicians that efficacy is not solely a biochemical or therapeutic question but also a cultural one. Addressing the translational gap of cultural diversity in psychedelic therapy can benefit from a stance of humility towards how situated beliefs, social norms, and clinical practices interact with psychedelic pharmacology.",Psychedelic therapy and cultural humility.,"A. Gearin, J. Docherty, X. Sun, EH. Cheung, P. Tanuseputro"
41747431,"The use of repetitive transcranial magnetic stimulation (rTMS), electroconvulsive therapy (ECT), ketamine, and esketamine in reducing suicidality in major depressive disorder: A comprehensive narrative review.^
BACKGROUND: Although repetitive transcranial magnetic stimulation (rTMS), electroconvulsive therapy (ECT), ketamine, and esketamine have established antidepressant effects, their effects on suicide outcomes are less reported. This comprehensive narrative review aims to analyze the antisuicidal effects of these interventions in individuals with major depressive disorder (MDD). METHODS: Search terms for this review included words related to the interventions of interest, suicidality, and depression. Databases included PubMed, OVID, and Google Scholar, with the search occurring from inception to June 19, 2025. Screening of studies, data extraction, and quality assessment of studies using NIH tools were performed. RESULTS: 108 studies met the eligibility criteria and were included in the review, with 30 studies investigating the effects of rTMS, 9 for ECT, 53 for ketamine, and 24 for esketamine. Some studies investigated the use of multiple interventions. All interventions were effective in reducing suicidality (p<0.05), particularly in the suicidal ideation (SI) dimension, with variations in the time of onset and duration of antisuicidal effects. rTMS and ECT demonstrated the longest-lasting effects in reducing SI and suicidal behavior while treatment with ketamine and esketamine resulted in the fastest reductions in measures of suicidality. CONCLUSION: Ketamine, esketamine, rTMS and ECT are associated with reductions in SI in persons with MDD, with the strongest evidence from randomized controlled trials supporting rapid, short-term effects, particularly for ketamine and esketamine. Further characterization and differentiation of the durability of antisuicidal effects of the aforementioned interventions requires investigation in large-scale, adequately-controlled clinical trials. In addition, whether reductions in SI following administration of these agents reduces the severity of aspects of suicidal behavior should be evaluated.",1,"[0.003544129664078355, 0.9964558482170105]","['Depression', 'Electroconvulsive therapy', 'Esketamine', 'Interventional psychiatry', 'Ketamine', 'Repetitive transcranial magnetic stimulation', 'Suicidality']",41747431,https://pubmed.ncbi.nlm.nih.gov/41747431/,10.1016/j.psychres.2026.117036,2026,"BACKGROUND: Although repetitive transcranial magnetic stimulation (rTMS), electroconvulsive therapy (ECT), ketamine, and esketamine have established antidepressant effects, their effects on suicide outcomes are less reported. This comprehensive narrative review aims to analyze the antisuicidal effects of these interventions in individuals with major depressive disorder (MDD). METHODS: Search terms for this review included words related to the interventions of interest, suicidality, and depression. Databases included PubMed, OVID, and Google Scholar, with the search occurring from inception to June 19, 2025. Screening of studies, data extraction, and quality assessment of studies using NIH tools were performed. RESULTS: 108 studies met the eligibility criteria and were included in the review, with 30 studies investigating the effects of rTMS, 9 for ECT, 53 for ketamine, and 24 for esketamine. Some studies investigated the use of multiple interventions. All interventions were effective in reducing suicidality (p<0.05), particularly in the suicidal ideation (SI) dimension, with variations in the time of onset and duration of antisuicidal effects. rTMS and ECT demonstrated the longest-lasting effects in reducing SI and suicidal behavior while treatment with ketamine and esketamine resulted in the fastest reductions in measures of suicidality. CONCLUSION: Ketamine, esketamine, rTMS and ECT are associated with reductions in SI in persons with MDD, with the strongest evidence from randomized controlled trials supporting rapid, short-term effects, particularly for ketamine and esketamine. Further characterization and differentiation of the durability of antisuicidal effects of the aforementioned interventions requires investigation in large-scale, adequately-controlled clinical trials. In addition, whether reductions in SI following administration of these agents reduces the severity of aspects of suicidal behavior should be evaluated.","The use of repetitive transcranial magnetic stimulation (rTMS), electroconvulsive therapy (ECT), ketamine, and esketamine in reducing suicidality in major depressive disorder: A comprehensive narrative review.","T. Menon, A. Lu, A. Arulmozhi, CE. Dri, S. Wong, KM. Teopiz, GH. Le, S. Lee, CR. Weissman, RS. McIntyre"
41741501,"Pilot study of psilocybin in patients with post-treatment lyme disease.^
Lyme disease, caused by the bacterium Borrelia burgdorferi, is the most common vector-borne disease in the United States and Europe. Although antibiotics effectively treat most cases, an estimated 10-20% of patients develop post-treatment Lyme disease (PTLD), a chronic syndrome marked by fatigue, pain, cognitive difficulties, mood disturbance, and reduced quality of life. There are no established treatments for PTLD. The serotonin 2A receptor agonist psychedelic psilocybin has recently shown potential antidepressant and anxiolytic effects in clinical trials as well as preliminary evidence for anti-inflammatory effects in animals. This open-label, single-arm pilot study evaluated the effects of psilocybin in 20 participants with well-characterized PTLD. The 8-week intervention included two psilocybin sessions (15 mg in week 4; 15 or 25 mg in week 6) with psychological support. Participants (11 women, 9 men, mean age 44, median illness duration 5.7 years) showed significant improvements in PTLD symptom burden and quality of life from study enrollment through 1-month following the second dose of psilocybin (primary endpoint), with significant benefits sustained through 6 months. At the 6-month follow-up, general PTLD symptom burden (GSQ-30) was decreased 40% from baseline (p < .001; Cohen's dz = - 1.22, 95% CI [- 2.12, - 0.78]), and health-related quality of life improved across both SF-36 domains, with Mental (MCS) and Physical (PCS) component scores increasing 13% (p ≤ .013; Cohen's dz = 0.46-0.59). Secondary outcomes assessing mood, fatigue, sleep quality, and pain also showed significant and sustained improvement through 6 months (all p ≤ .003; Cohen's dz = 0.56-1.25). No serious adverse events (AEs) related to the study intervention occurred. The most common AEs attributed to psilocybin were transient hypertension (90%), headache (65%), tachycardia (35%), pain (20%), and fatigue (15%). Preliminary findings support that psilocybin-assisted treatment was feasible and well-tolerated among the sample. Clinical outcomes indicated potentially long-lasting benefits of psilocybin-assisted treatment, warranting further investigation for PTLD. Trial registration: ClinicalTrials.gov Identifier NCT05305105, registered 22/03/2022.",1,"[0.003910575527697802, 0.9960894584655762]","['Lyme disease', 'Posttreatment lyme disease syndrome', 'Psilocybin', 'Psychedelic therapy', 'Psychedelics', 'Quality of life', 'Signs and symptoms']",41741501,https://pubmed.ncbi.nlm.nih.gov/41741501/,10.1038/s41598-026-38091-9,2026,"Lyme disease, caused by the bacterium Borrelia burgdorferi, is the most common vector-borne disease in the United States and Europe. Although antibiotics effectively treat most cases, an estimated 10-20% of patients develop post-treatment Lyme disease (PTLD), a chronic syndrome marked by fatigue, pain, cognitive difficulties, mood disturbance, and reduced quality of life. There are no established treatments for PTLD. The serotonin 2A receptor agonist psychedelic psilocybin has recently shown potential antidepressant and anxiolytic effects in clinical trials as well as preliminary evidence for anti-inflammatory effects in animals. This open-label, single-arm pilot study evaluated the effects of psilocybin in 20 participants with well-characterized PTLD. The 8-week intervention included two psilocybin sessions (15 mg in week 4; 15 or 25 mg in week 6) with psychological support. Participants (11 women, 9 men, mean age 44, median illness duration 5.7 years) showed significant improvements in PTLD symptom burden and quality of life from study enrollment through 1-month following the second dose of psilocybin (primary endpoint), with significant benefits sustained through 6 months. At the 6-month follow-up, general PTLD symptom burden (GSQ-30) was decreased 40% from baseline (p < .001; Cohen's dz = - 1.22, 95% CI [- 2.12, - 0.78]), and health-related quality of life improved across both SF-36 domains, with Mental (MCS) and Physical (PCS) component scores increasing 13% (p ≤ .013; Cohen's dz = 0.46-0.59). Secondary outcomes assessing mood, fatigue, sleep quality, and pain also showed significant and sustained improvement through 6 months (all p ≤ .003; Cohen's dz = 0.56-1.25). No serious adverse events (AEs) related to the study intervention occurred. The most common AEs attributed to psilocybin were transient hypertension (90%), headache (65%), tachycardia (35%), pain (20%), and fatigue (15%). Preliminary findings support that psilocybin-assisted treatment was feasible and well-tolerated among the sample. Clinical outcomes indicated potentially long-lasting benefits of psilocybin-assisted treatment, warranting further investigation for PTLD. Trial registration: ClinicalTrials.gov Identifier NCT05305105, registered 22/03/2022.",Pilot study of psilocybin in patients with post-treatment lyme disease.,"A. Garcia-Romeu, GP. Naudé, AW. Rebman, S. So, A. Yaffe, I. Geithner, EA. Kozero, T. Yang, MJ. Soloski, JN. Aucott"
41741401,"It's all about the relationship: The caregiver experience of supporting a person with advanced cancer going through an LSD microdosing trial.^
OBJECTIVES: The objectives of this research were to investigate the hopes, beliefs, perceptions, and experience of caregivers for advanced cancer patients undergoing a trial investigating a psychedelic-assisted therapy. METHODS: Semi-structured interviews asked 15 caregivers about their experience at baseline and 1 month after their close associate had completed treatment in a feasibility trial where participants were randomized to receive either lysergic acid diethylamide (LSD) microdoses or placebo alongside meaning-centered psychotherapy (MCP). Blinded to condition, reflexive thematic analysis was used to analyze interview transcripts. RESULTS: This study demonstrates the importance of bidirectional influences between caregiver and patient; the experience of one influences the experience of both. Caregivers were generally supportive of their close associate participating in a psychedelic-assisted trial, although some admitted hesitancy in them taking part. Caregivers described a desire to make the most of now, referring to the role of LSD microdose-assisted MCP as a means of accessing hope, improving the dyad relationship, and reducing existential distress. SIGNIFICANCE OF RESULTS: Participation in trials investigating psychedelic-assisted MCP may offer hope for patients and their caregivers. Given the bidirectional relationship in wellbeing between cancer dyads, caregivers should be included alongside patients in such trials.",1,"[0.008991502225399017, 0.991008460521698]","['Cancer caregivers', 'LSD', 'MCP', 'caregiver-patient relationship', 'distress', 'dyad', 'microdosing']",41741401,https://pubmed.ncbi.nlm.nih.gov/41741401/,10.1017/S1478951526101977,2026,"OBJECTIVES: The objectives of this research were to investigate the hopes, beliefs, perceptions, and experience of caregivers for advanced cancer patients undergoing a trial investigating a psychedelic-assisted therapy. METHODS: Semi-structured interviews asked 15 caregivers about their experience at baseline and 1 month after their close associate had completed treatment in a feasibility trial where participants were randomized to receive either lysergic acid diethylamide (LSD) microdoses or placebo alongside meaning-centered psychotherapy (MCP). Blinded to condition, reflexive thematic analysis was used to analyze interview transcripts. RESULTS: This study demonstrates the importance of bidirectional influences between caregiver and patient; the experience of one influences the experience of both. Caregivers were generally supportive of their close associate participating in a psychedelic-assisted trial, although some admitted hesitancy in them taking part. Caregivers described a desire to make the most of now, referring to the role of LSD microdose-assisted MCP as a means of accessing hope, improving the dyad relationship, and reducing existential distress. SIGNIFICANCE OF RESULTS: Participation in trials investigating psychedelic-assisted MCP may offer hope for patients and their caregivers. Given the bidirectional relationship in wellbeing between cancer dyads, caregivers should be included alongside patients in such trials.",It's all about the relationship: The caregiver experience of supporting a person with advanced cancer going through an LSD microdosing trial.,"F. Cottam, A. Wells, C. Clayden, L. Reynolds"
41732712,"Sympathetic activation but not dissociation linked to ketamine's sustained antidepressant effect.^
BACKGROUND: Ketamine is a rapid-acting antidepressant with robust evidence, but unclear predictors of therapeutic response. OBJECTIVES: Based on previous knowledge, hemodynamic parameters and acute altered state of consciousness have been hypothesized as potential correlates of subsequent antidepressant outcome. DESIGN: A post hoc analysis was performed using the data from an open-label study, in which 39 patients with depression received a single intravenous infusion of ketamine (0.54 mg/kg). Antidepressant response was defined as ⩾50% reduction in the Montgomery-Åsberg Depression Rating Scale (MADRS) at day 7. METHODS: Systolic and diastolic blood pressure (SBP and DBP), heart rate, Clinician-Administered Dissociative States Scale (CADSS) and Brief Psychiatric Rating Scale (BPRS) were assessed during the infusion, alongside plasma levels of ketamine and norketamine. Data were analyzed using mixed-effects models and correlation and regression techniques. RESULTS: Responders exhibited significantly higher SBP and DBP during ketamine infusion compared with nonresponders. The degree of dissociation or psychotomimetic symptoms during the infusion did not differ significantly between responders and nonresponders. Antipsychotic (AP) augmentation was associated with worse antidepressant outcome as well as with lower infusion-related blood pressure values. CADSS and BPRS did not differ between AP users and nonusers. None of the parameters correlated with plasma levels of ketamine or norketamine. CONCLUSION: Higher blood pressure during ketamine administration was associated with better antidepressant outcome, supporting the hypothesis concerning sympathetic activation in treatment responders. Psychological parameters (as measured by CADSS and BPRS) were not linked to subsequent outcomes and did not resolve inconsistencies in previous studies. Concomitant antipsychotic medication attenuated ketamine's antidepressant effects. TRIAL REGISTRATION: EudraCT 2018-001539-39.",1,"[0.0024415776133537292, 0.9975583553314209]","['antidepressant', 'antipsychotics', 'blood pressure', 'dissociation', 'ketamine']",41732712,https://pubmed.ncbi.nlm.nih.gov/41732712/,10.1177/20451253261419636,2026,"BACKGROUND: Ketamine is a rapid-acting antidepressant with robust evidence, but unclear predictors of therapeutic response. OBJECTIVES: Based on previous knowledge, hemodynamic parameters and acute altered state of consciousness have been hypothesized as potential correlates of subsequent antidepressant outcome. DESIGN: A post hoc analysis was performed using the data from an open-label study, in which 39 patients with depression received a single intravenous infusion of ketamine (0.54 mg/kg). Antidepressant response was defined as ⩾50% reduction in the Montgomery-Åsberg Depression Rating Scale (MADRS) at day 7. METHODS: Systolic and diastolic blood pressure (SBP and DBP), heart rate, Clinician-Administered Dissociative States Scale (CADSS) and Brief Psychiatric Rating Scale (BPRS) were assessed during the infusion, alongside plasma levels of ketamine and norketamine. Data were analyzed using mixed-effects models and correlation and regression techniques. RESULTS: Responders exhibited significantly higher SBP and DBP during ketamine infusion compared with nonresponders. The degree of dissociation or psychotomimetic symptoms during the infusion did not differ significantly between responders and nonresponders. Antipsychotic (AP) augmentation was associated with worse antidepressant outcome as well as with lower infusion-related blood pressure values. CADSS and BPRS did not differ between AP users and nonusers. None of the parameters correlated with plasma levels of ketamine or norketamine. CONCLUSION: Higher blood pressure during ketamine administration was associated with better antidepressant outcome, supporting the hypothesis concerning sympathetic activation in treatment responders. Psychological parameters (as measured by CADSS and BPRS) were not linked to subsequent outcomes and did not resolve inconsistencies in previous studies. Concomitant antipsychotic medication attenuated ketamine's antidepressant effects. TRIAL REGISTRATION: EudraCT 2018-001539-39.",Sympathetic activation but not dissociation linked to ketamine's sustained antidepressant effect.,"V. Andrashko, T. Novak, M. Kopecek, A. Sulakova, V. Knop, J. Horacek"
41730563,"Psychedelic medicine: mechanisms, evidence, and translation to practice.^
Over the past 15 years, psychedelic treatments have garnered substantial clinical interest, with psilocybin and 3,4-methylenedioxymethamphetamine (MDMA) advancing to phase 3 trials for various psychiatric conditions. This state-of-the-art review examines the evidence for these treatments and their proposed mechanisms of action, and identifies key challenges in clinical translation. Psychedelic treatments combine limited drug administration with psychotherapy or psychological support, potentially working through various biological and psychological pathways, including effects on neural circuitry, emotional processing, and psychological flexibility, though the precise mechanisms are not completely understood. The strongest evidence supports psilocybin for treatment resistant depression and MDMA for post-traumatic stress disorder, with emerging data in substance use disorders and psychological distress in life threatening illness. Although psychedelics are well tolerated under controlled conditions, methodological limitations complicate interpretation of the evidence, including functional unblinding, variable psychotherapeutic protocols, and homogeneous trial populations. Current treatment models require extensive therapeutic support in specialized settings, posing challenges with scalability. While innovative approaches like group administration may improve accessibility, their comparative effectiveness remains to be established. Future priorities for the research field include standardizing adverse event assessment, developing evidence based implementation guidelines, and showing durable benefit in diverse patient populations. Whether psychedelic treatments can fulfil their therapeutic promise while meeting regulatory requirements and healthcare system constraints remains a defining question for the field.",0,"[0.995417594909668, 0.00458236038684845]",[],41730563,https://pubmed.ncbi.nlm.nih.gov/41730563/,10.1136/bmj-2024-081723,2026,"Over the past 15 years, psychedelic treatments have garnered substantial clinical interest, with psilocybin and 3,4-methylenedioxymethamphetamine (MDMA) advancing to phase 3 trials for various psychiatric conditions. This state-of-the-art review examines the evidence for these treatments and their proposed mechanisms of action, and identifies key challenges in clinical translation. Psychedelic treatments combine limited drug administration with psychotherapy or psychological support, potentially working through various biological and psychological pathways, including effects on neural circuitry, emotional processing, and psychological flexibility, though the precise mechanisms are not completely understood. The strongest evidence supports psilocybin for treatment resistant depression and MDMA for post-traumatic stress disorder, with emerging data in substance use disorders and psychological distress in life threatening illness. Although psychedelics are well tolerated under controlled conditions, methodological limitations complicate interpretation of the evidence, including functional unblinding, variable psychotherapeutic protocols, and homogeneous trial populations. Current treatment models require extensive therapeutic support in specialized settings, posing challenges with scalability. While innovative approaches like group administration may improve accessibility, their comparative effectiveness remains to be established. Future priorities for the research field include standardizing adverse event assessment, developing evidence based implementation guidelines, and showing durable benefit in diverse patient populations. Whether psychedelic treatments can fulfil their therapeutic promise while meeting regulatory requirements and healthcare system constraints remains a defining question for the field.","Psychedelic medicine: mechanisms, evidence, and translation to practice.","E. Jacobs, Z. Zahid, J. Hinkle, S. Nayak, DB. Yaden"
41714909,"Psychedelic Therapy: A Primer for Primary Care Clinicians-5-Methoxy-N,N-Dimethyltryptamine.^
BACKGROUND: 5-Methoxy-N,N-dimethyltryptamine (5-MeO-DMT), also officially known as mebufotenin, is a naturally occurring serotonergic psychedelic alkaloid found in the venom of the Sonoran Desert toad (Incilius alvarius) and various plant species. AREAS OF UNCERTAINTY: Trace levels of 5-MeO-DMT may be produced endogenously in humans, but its physiologic role remains unclear. Safety profiles indicate low risk in controlled settings, though longer-term follow-ups with human subjects may be needed. Phenomenological overlaps with near-death experiences are noted but debated. THERAPEUTIC ADVANCES: Clinical trials have demonstrated rapid antidepressant effects. Top-line data from a recent phase 2b trial showed that 57.5% of participants remitted from treatment-resistant depression within 8 days. Other phase 2a and 2b trials have provided further, though still preliminary, evidence that 5-MeO-DMT may reduce depressive symptoms more than existing pharmacologic treatments, like selective serotonin reuptake inhibitors. LIMITATIONS: Most studies are early phase with small samples (n ≤193). Only 2 double-blind randomized controlled trials (RCTs) have been conducted in clinical populations, and long-term effects require further investigation. CONCLUSIONS: Emerging evidence supports 5-MeO-DMT as a promising, ultra-short-acting psychedelic for treatment-resistant depression and other psychiatric conditions, warranting larger RCTs.",0,"[0.9768186807632446, 0.023181350901722908]","['5-MeO-DMT', 'alcohol use disorder', 'depression', 'psychedelic therapy', 'psychedelics', 'treatment-resistant depression']",41714909,https://pubmed.ncbi.nlm.nih.gov/41714909/,10.1097/MJT.0000000000002106,2026,"BACKGROUND: 5-Methoxy-N,N-dimethyltryptamine (5-MeO-DMT), also officially known as mebufotenin, is a naturally occurring serotonergic psychedelic alkaloid found in the venom of the Sonoran Desert toad (Incilius alvarius) and various plant species. AREAS OF UNCERTAINTY: Trace levels of 5-MeO-DMT may be produced endogenously in humans, but its physiologic role remains unclear. Safety profiles indicate low risk in controlled settings, though longer-term follow-ups with human subjects may be needed. Phenomenological overlaps with near-death experiences are noted but debated. THERAPEUTIC ADVANCES: Clinical trials have demonstrated rapid antidepressant effects. Top-line data from a recent phase 2b trial showed that 57.5% of participants remitted from treatment-resistant depression within 8 days. Other phase 2a and 2b trials have provided further, though still preliminary, evidence that 5-MeO-DMT may reduce depressive symptoms more than existing pharmacologic treatments, like selective serotonin reuptake inhibitors. LIMITATIONS: Most studies are early phase with small samples (n ≤193). Only 2 double-blind randomized controlled trials (RCTs) have been conducted in clinical populations, and long-term effects require further investigation. CONCLUSIONS: Emerging evidence supports 5-MeO-DMT as a promising, ultra-short-acting psychedelic for treatment-resistant depression and other psychiatric conditions, warranting larger RCTs.","Psychedelic Therapy: A Primer for Primary Care Clinicians-5-Methoxy-N,N-Dimethyltryptamine.","BJ. Tabaac, K. Shinozuka, A. Weisman, S. Chaudhry, M. Seynaeve, OS. Muir"
41708888,"Sex differences in placebo and antidepressant response to intranasal esketamine for treatment-resistant depression.^
Esketamine has emerged as a fast-acting antidepressant option for individuals with treatment-resistant depression (TRD). Yet, little is known about how sex-assigned-at-birth shapes symptom-specific responses to these interventions, a critical gap in the move toward precision psychiatry. To address this gap, we conducted a pooled analysis of five randomized, double-blind, placebo-controlled trials in which adults with TRD received intranasal esketamine or placebo twice weekly for four weeks, alongside a newly initiated oral antidepressant. We evaluated the effects of sex-assigned-at-birth on overall depression severity, measured via total Montgomery-Åsberg Depression Rating Scale (MADRS) scores, across four symptom factors: sadness, negative thoughts, detachment, and neurovegetative symptoms, and rates of clinical response and remission. Esketamine treatment improved total MADRS scores in both sexes. However, females showed greater improvement in total MADRS scores and higher odds of treatment-response than males towards the end of the trials, in both the placebo and esketamine arms. Females also showed more pronounced reductions in the sadness and detachment factors at the end of the trials, as well as in the neurovegetative factor on day 15, regardless of treatment group. On the other hand, males showed a significant reduction in sadness symptoms after esketamine on day 2. These findings reveal that sex-assigned-at-birth influences overall antidepressant response and shapes the trajectory and symptom profile of improvement. Our findings emphasize the importance of incorporating sex-assigned-at-birth as a key variable to consider for optimizing TRD treatment strategies and advancing precision mental care.",1,"[0.0062950002029538155, 0.9937049746513367]",[],41708888,https://pubmed.ncbi.nlm.nih.gov/41708888/,10.1038/s41380-026-03493-8,2026,"Esketamine has emerged as a fast-acting antidepressant option for individuals with treatment-resistant depression (TRD). Yet, little is known about how sex-assigned-at-birth shapes symptom-specific responses to these interventions, a critical gap in the move toward precision psychiatry. To address this gap, we conducted a pooled analysis of five randomized, double-blind, placebo-controlled trials in which adults with TRD received intranasal esketamine or placebo twice weekly for four weeks, alongside a newly initiated oral antidepressant. We evaluated the effects of sex-assigned-at-birth on overall depression severity, measured via total Montgomery-Åsberg Depression Rating Scale (MADRS) scores, across four symptom factors: sadness, negative thoughts, detachment, and neurovegetative symptoms, and rates of clinical response and remission. Esketamine treatment improved total MADRS scores in both sexes. However, females showed greater improvement in total MADRS scores and higher odds of treatment-response than males towards the end of the trials, in both the placebo and esketamine arms. Females also showed more pronounced reductions in the sadness and detachment factors at the end of the trials, as well as in the neurovegetative factor on day 15, regardless of treatment group. On the other hand, males showed a significant reduction in sadness symptoms after esketamine on day 2. These findings reveal that sex-assigned-at-birth influences overall antidepressant response and shapes the trajectory and symptom profile of improvement. Our findings emphasize the importance of incorporating sex-assigned-at-birth as a key variable to consider for optimizing TRD treatment strategies and advancing precision mental care.",Sex differences in placebo and antidepressant response to intranasal esketamine for treatment-resistant depression.,"M. Huc, S. Siddiqi, M. Myers, I. Colman, N. Salmaso, N. Jaworska, A. Aguilar-Valles"
41708265,"Innovative Pharmacological Approaches to Eating Disorder Treatment.^
This article explores innovative pharmacologic treatments for eating disorders, focusing on psychedelics, stimulant medications, and other emerging therapies. Preliminary evidence for psychedelics (eg, psilocybin) highlight their potential to enhance cognitive flexibility and support psychological interventions in some eating disorders (eg, anorexia nervosa). Stimulants like lisdexamfetamine offer benefits for binge-eating disorder, while medications for avoidant/restrictive food intake disorder and bulimia nervosa remain understudied. The study underscores the need for robust clinical trials to evaluate these approaches and advocates for integrating novel treatments into existing therapeutic frameworks to address the complex biological and psychological dimensions of eating disorders.",0,"[0.9878333806991577, 0.012166634202003479]","['Anorexia nervosa', 'Avoidant/restrictive food intake disorder', 'Binge-eating disorder', 'Bulimia nervosa', 'Eating disorders', 'Pharmacotherapy', 'Psychedelics', 'Stimulant medications']",41708265,https://pubmed.ncbi.nlm.nih.gov/41708265/,10.1016/j.psc.2025.08.014,2026,"This article explores innovative pharmacologic treatments for eating disorders, focusing on psychedelics, stimulant medications, and other emerging therapies. Preliminary evidence for psychedelics (eg, psilocybin) highlight their potential to enhance cognitive flexibility and support psychological interventions in some eating disorders (eg, anorexia nervosa). Stimulants like lisdexamfetamine offer benefits for binge-eating disorder, while medications for avoidant/restrictive food intake disorder and bulimia nervosa remain understudied. The study underscores the need for robust clinical trials to evaluate these approaches and advocates for integrating novel treatments into existing therapeutic frameworks to address the complex biological and psychological dimensions of eating disorders.",Innovative Pharmacological Approaches to Eating Disorder Treatment.,"A. Keshen, S. Touyz, E. Lacroix, P. Hay, SL. McElroy"
41650725,"Ketamine-assisted psychotherapies for mental disorders: A historical overview and systematic review.^
INTRODUCTION: Ketamine-assisted psychotherapy (KAP) is considered a promising treatment strategy in psychiatric disorders, combining psychotherapeutic interventions with the rapid-acting pharmacological effects of ketamine towards enhancing outcomes. Although KAP has been practiced for many years across different diagnoses, evidence regarding optimal treatment methods and working mechanisms remains limited and has only partly been synthesized. METHODS: This systematic review provides a historical overview of studies published up to 2025, that combined ketamine and psychotherapy for the treatment of mental disorders. Psychotherapeutic approaches were categorized into their overarching psychological paradigms: psychoanalytic and psychodynamic, behavioral, humanistic, cognitive-behavioral, integrative/holistic, and other therapeutic frameworks. RESULTS: 64 articles, reporting on 72 studies, were included in this review, of which only 11 were randomized controlled trials (RCTs), highlighting the limited representation of RCTs in the overall body of evidence. Diverse therapeutic approaches were found, most were classified into the 'other' category (n = 24). Results suggest transdiagnostic effectiveness for indications including major depressive disorder, posttraumatic stress disorder, obsessive-compulsive disorder, substance use disorders and eating disorders. KAP, compared to only psychotherapy, was observed to enhance treatment engagement, symptom reduction, and duration of treatment response. Only two studies randomized psychotherapy in the context of ketamine treatment, neither of which reported added effects for psychotherapy. One of those studies also randomized ketamine and did not find a significant interaction effect. This limited evidence does not support added benefit from psychotherapy nor evidence of synergy. Methodological heterogeneity and the limited number of trials that used a psychotherapy control group, restrict definitive conclusions. DISCUSSION: Clinical effects are generally reported to be quite positive across psychiatric indications, however, there is a clear need for well-controlled trials to test for potential additive or synergistic effects of the combined use of ketamine and psychotherapy and to identify optimal therapeutic protocols.",1,"[0.0033291643485426903, 0.9966709017753601]","['Ketamine-assisted psychotherapy', 'Psychiatric disorders', 'Systematic review']",41650725,https://pubmed.ncbi.nlm.nih.gov/41650725/,10.1016/j.cpr.2026.102706,2026,"INTRODUCTION: Ketamine-assisted psychotherapy (KAP) is considered a promising treatment strategy in psychiatric disorders, combining psychotherapeutic interventions with the rapid-acting pharmacological effects of ketamine towards enhancing outcomes. Although KAP has been practiced for many years across different diagnoses, evidence regarding optimal treatment methods and working mechanisms remains limited and has only partly been synthesized. METHODS: This systematic review provides a historical overview of studies published up to 2025, that combined ketamine and psychotherapy for the treatment of mental disorders. Psychotherapeutic approaches were categorized into their overarching psychological paradigms: psychoanalytic and psychodynamic, behavioral, humanistic, cognitive-behavioral, integrative/holistic, and other therapeutic frameworks. RESULTS: 64 articles, reporting on 72 studies, were included in this review, of which only 11 were randomized controlled trials (RCTs), highlighting the limited representation of RCTs in the overall body of evidence. Diverse therapeutic approaches were found, most were classified into the 'other' category (n = 24). Results suggest transdiagnostic effectiveness for indications including major depressive disorder, posttraumatic stress disorder, obsessive-compulsive disorder, substance use disorders and eating disorders. KAP, compared to only psychotherapy, was observed to enhance treatment engagement, symptom reduction, and duration of treatment response. Only two studies randomized psychotherapy in the context of ketamine treatment, neither of which reported added effects for psychotherapy. One of those studies also randomized ketamine and did not find a significant interaction effect. This limited evidence does not support added benefit from psychotherapy nor evidence of synergy. Methodological heterogeneity and the limited number of trials that used a psychotherapy control group, restrict definitive conclusions. DISCUSSION: Clinical effects are generally reported to be quite positive across psychiatric indications, however, there is a clear need for well-controlled trials to test for potential additive or synergistic effects of the combined use of ketamine and psychotherapy and to identify optimal therapeutic protocols.",Ketamine-assisted psychotherapies for mental disorders: A historical overview and systematic review.,"JKE. Veraart, N. Schimmers, JJ. Breeksema, C. Seybert, J. Kamphuis, LFT. Huber, A. Rota, DT. Coerts, AJ. Oliveira-Maia, RA. Schoevers"
41643299,"Real-world effectiveness and safety of psychedelic-assisted psychotherapy: Outcomes from a large-scale compassionate use cohort in Switzerland.^
BACKGROUND: Classic serotonergic psychedelics such as LSD and psilocybin show promising antidepressant effects in controlled trials, but real-world data from routine clinical care remain limited. METHODS: This study retrospectively analysed routine data from adults with treatment-resistant depressive and/or anxiety disorders who received a first standardized Psychedelic-assisted Psychotherapy (PAP) cycle with 100 µg LSD or 25 mg psilocybin at a Swiss university hospital (May 2024-October 2025). Self-reported depression (BDI) and trait anxiety (STAI-T) were assessed at screening, one month before treatment, and 1-3 months post-treatment. In a subset of participants, cognitive emotion regulation (CERQ) was assessed pre- and post-treatment. Subjective drug effects and adverse events were recorded on the treatment day. RESULTS: The sample consisted of 115 patients (56.5 % female; Mean age = 47.5 years). Depressive and anxiety symptoms significantly decreased over time (BDI: F(2178) = 63.50, p < 0.001, partial η² = 0.42; STAI-T: F(1.74,145.9) = 16.97, p < 0.001, partial η² = 0.17), with no main effect of substance. CERQ analyses indicated reduced self-blame, rumination and catastrophizing, and increased positive refocusing and reappraisal. Perceived intensity followed distinct temporal profiles for LSD and psilocybin, but comparable subjective drug effects and clinical outcomes. Adverse events were mostly mild and transient, with no serious complications or treatment discontinuations. CONCLUSIONS: In this compassionate-use real-world cohort, a first fully-active dose PAP session with LSD or psilocybin was well tolerated and associated with significant improvements in depressive and anxiety symptoms. These findings support the feasibility and effectiveness of PAP in specialised routine care.",1,"[0.0029727632645517588, 0.9970272183418274]","['Anxiety', 'Depression', 'LSD', 'Mystical experience', 'Psilocybin', 'Psychedelic-assisted psychotherapy']",41643299,https://pubmed.ncbi.nlm.nih.gov/41643299/,10.1016/j.psychres.2026.116992,2026,"BACKGROUND: Classic serotonergic psychedelics such as LSD and psilocybin show promising antidepressant effects in controlled trials, but real-world data from routine clinical care remain limited. METHODS: This study retrospectively analysed routine data from adults with treatment-resistant depressive and/or anxiety disorders who received a first standardized Psychedelic-assisted Psychotherapy (PAP) cycle with 100 µg LSD or 25 mg psilocybin at a Swiss university hospital (May 2024-October 2025). Self-reported depression (BDI) and trait anxiety (STAI-T) were assessed at screening, one month before treatment, and 1-3 months post-treatment. In a subset of participants, cognitive emotion regulation (CERQ) was assessed pre- and post-treatment. Subjective drug effects and adverse events were recorded on the treatment day. RESULTS: The sample consisted of 115 patients (56.5 % female; Mean age = 47.5 years). Depressive and anxiety symptoms significantly decreased over time (BDI: F(2178) = 63.50, p < 0.001, partial η² = 0.42; STAI-T: F(1.74,145.9) = 16.97, p < 0.001, partial η² = 0.17), with no main effect of substance. CERQ analyses indicated reduced self-blame, rumination and catastrophizing, and increased positive refocusing and reappraisal. Perceived intensity followed distinct temporal profiles for LSD and psilocybin, but comparable subjective drug effects and clinical outcomes. Adverse events were mostly mild and transient, with no serious complications or treatment discontinuations. CONCLUSIONS: In this compassionate-use real-world cohort, a first fully-active dose PAP session with LSD or psilocybin was well tolerated and associated with significant improvements in depressive and anxiety symptoms. These findings support the feasibility and effectiveness of PAP in specialised routine care.",Real-world effectiveness and safety of psychedelic-assisted psychotherapy: Outcomes from a large-scale compassionate use cohort in Switzerland.,"T. Aboulafia-Brakha, A. Buchard, C. Mabilais, S. Alaux, C. Amberger, L. Furtado, F. Seragnoli, JF. Briefer, G. Thorens, M. Sabé, L. Szczesniak, R. Iuga, D. Zullino, L. Penzenstadler"
41633448,"Experiences of Australian clinicians, researchers, and patients with MDMA-assisted psychotherapy for post-traumatic stress disorder: A framework-guided qualitative analysis.^
BACKGROUND: Australia recently became the first country to reschedule methylenedioxymethamphetamine (MDMA) to permit authorized prescribing for post-traumatic stress disorder (PTSD) outside of clinical trials. This study explored the direct experience of Australian clinicians, researchers, and patients regarding the use of MDMA-assisted psychotherapy (MDMA-AP) for PTSD to inform guideline development. METHODS: In-depth semi-structured interviews were conducted with clinicians, researchers, and patients who had direct experience with the use of MDMA-AP or PTSD. Interviews were transcribed verbatim and coded. Themes were developed using both inductive and deductive approaches (guided by the World Health Organization Guide to Good Prescribing framework). RESULTS: Twenty-one interviews were conducted with clinicians (mental health-focused general practitioners, psychiatrists, psychologists, therapists), researchers (health economist, pharmacologist, social worker, trial researcher), and patients. Eleven themes emerged: (1) role of MDMA-AP in relation to established PTSD therapies; (2) importance of expectation management and shared decision-making; (3) perceived therapeutic benefits of MDMA-AP; (4) importance of comprehensive baseline screening (medical, psychological, financial, and social support); (5) variable patient values and preferences; (6) desire for flexible treatment protocols; (7) importance of comprehensive and ongoing consent; (8) duty of care in establishing strong therapeutic alliance; (9) patient need for information about process and logistics; (10) treatment monitoring and discontinuation; and (11) importance of post-treatment continuity of care. CONCLUSION: Australians with direct experience of the use of MDMA-AP or PTSD highlight the importance of expectation management, comprehensive screening, consent, safeguard measures, therapeutic alliance, integration of care, and training of healthcare providers. As MDMA-AP becomes implemented into clinical practice, there is scope to incorporate these insights into a national guideline.",1,"[0.08034773916006088, 0.9196522235870361]",[],41633448,https://pubmed.ncbi.nlm.nih.gov/41633448/,10.1016/j.jad.2026.121276,2026,"BACKGROUND: Australia recently became the first country to reschedule methylenedioxymethamphetamine (MDMA) to permit authorized prescribing for post-traumatic stress disorder (PTSD) outside of clinical trials. This study explored the direct experience of Australian clinicians, researchers, and patients regarding the use of MDMA-assisted psychotherapy (MDMA-AP) for PTSD to inform guideline development. METHODS: In-depth semi-structured interviews were conducted with clinicians, researchers, and patients who had direct experience with the use of MDMA-AP or PTSD. Interviews were transcribed verbatim and coded. Themes were developed using both inductive and deductive approaches (guided by the World Health Organization Guide to Good Prescribing framework). RESULTS: Twenty-one interviews were conducted with clinicians (mental health-focused general practitioners, psychiatrists, psychologists, therapists), researchers (health economist, pharmacologist, social worker, trial researcher), and patients. Eleven themes emerged: (1) role of MDMA-AP in relation to established PTSD therapies; (2) importance of expectation management and shared decision-making; (3) perceived therapeutic benefits of MDMA-AP; (4) importance of comprehensive baseline screening (medical, psychological, financial, and social support); (5) variable patient values and preferences; (6) desire for flexible treatment protocols; (7) importance of comprehensive and ongoing consent; (8) duty of care in establishing strong therapeutic alliance; (9) patient need for information about process and logistics; (10) treatment monitoring and discontinuation; and (11) importance of post-treatment continuity of care. CONCLUSION: Australians with direct experience of the use of MDMA-AP or PTSD highlight the importance of expectation management, comprehensive screening, consent, safeguard measures, therapeutic alliance, integration of care, and training of healthcare providers. As MDMA-AP becomes implemented into clinical practice, there is scope to incorporate these insights into a national guideline.","Experiences of Australian clinicians, researchers, and patients with MDMA-assisted psychotherapy for post-traumatic stress disorder: A framework-guided qualitative analysis.","ASJ. Yong, A. Freeburn, S. Bratuskins, G. Bedi, JS. Bell"
41616859,"Systematic review and meta-analysis of intranasal esketamine for treatment-resistant depression: Evidence from real-world studies.^
BACKGROUND: Intranasal esketamine has demonstrated efficacy and safety for treatment-resistant depression in randomized controlled trials, however the generalizability of these findings to clinical practice remains unclear. This systematic review and meta-analysis aimed to synthesize real-world evidence of intranasal esketamine in patients with treatment-resistant depression. METHODS: A systematic search was conducted in PubMed, Embase, and PsycINFO up to April 2025 to identify observational studies reporting clinical outcomes of intranasal esketamine in adults with treatment-resistant depression. Standardized mean changes in depressive symptoms and odds ratios for remission were calculated. Random-effects meta-analyses were performed, followed by meta-regression to explore potential moderators. The study protocol was prospectively registered in PROSPERO (CRD420251025075). RESULTS: Nine studies were included in the final synthesis. The analyses demonstrated that intranasal esketamine showed substantial effectiveness, with an effect size of Hedges' g = -1.98 (95% CI -2.94 to -1.03; p < 0.0001). Patients were about five times more likely to achieve remission at three months compared with the induction phase (OR = 5.1, 95% CI 2.29-11.39). Treatment effectiveness was not influenced by factors such as gender or the presence of comorbidities, such as anxiety, personality, or substance use disorders. The pooled prevalence of any adverse event, based on studies that reported safety data, was 82% (95% CI 69-92). The most frequent was dissociation, reported in 49% of patients (95% CI 37-62). CONCLUSIONS: This study provides consistent real-world evidence supporting that Intranasal esketamine was associated with meaningful symptom reduction and rising remission rates over time in real-world settings. Given the observational nature of the evidence and the absence of control groups, effect sizes should be interpreted with caution. Nonetheless, these findings provide valuable insight into esketamine's effectiveness and tolerability in routine practice and highlight the need for controlled comparative studies to guide long-term treatment strategies.",1,"[0.005025880876928568, 0.9949741363525391]","['Esketamine', 'Intranasal', 'Meta-analysis', 'Real-world evidence', 'Systematic review', 'Treatment-resistant depression']",41616859,https://pubmed.ncbi.nlm.nih.gov/41616859/,10.1016/j.jad.2026.121257,2026,"BACKGROUND: Intranasal esketamine has demonstrated efficacy and safety for treatment-resistant depression in randomized controlled trials, however the generalizability of these findings to clinical practice remains unclear. This systematic review and meta-analysis aimed to synthesize real-world evidence of intranasal esketamine in patients with treatment-resistant depression. METHODS: A systematic search was conducted in PubMed, Embase, and PsycINFO up to April 2025 to identify observational studies reporting clinical outcomes of intranasal esketamine in adults with treatment-resistant depression. Standardized mean changes in depressive symptoms and odds ratios for remission were calculated. Random-effects meta-analyses were performed, followed by meta-regression to explore potential moderators. The study protocol was prospectively registered in PROSPERO (CRD420251025075). RESULTS: Nine studies were included in the final synthesis. The analyses demonstrated that intranasal esketamine showed substantial effectiveness, with an effect size of Hedges' g = -1.98 (95% CI -2.94 to -1.03; p < 0.0001). Patients were about five times more likely to achieve remission at three months compared with the induction phase (OR = 5.1, 95% CI 2.29-11.39). Treatment effectiveness was not influenced by factors such as gender or the presence of comorbidities, such as anxiety, personality, or substance use disorders. The pooled prevalence of any adverse event, based on studies that reported safety data, was 82% (95% CI 69-92). The most frequent was dissociation, reported in 49% of patients (95% CI 37-62). CONCLUSIONS: This study provides consistent real-world evidence supporting that Intranasal esketamine was associated with meaningful symptom reduction and rising remission rates over time in real-world settings. Given the observational nature of the evidence and the absence of control groups, effect sizes should be interpreted with caution. Nonetheless, these findings provide valuable insight into esketamine's effectiveness and tolerability in routine practice and highlight the need for controlled comparative studies to guide long-term treatment strategies.",Systematic review and meta-analysis of intranasal esketamine for treatment-resistant depression: Evidence from real-world studies.,"C. de Oliveira Lapa, T. Viola, R. Delfino, L. Dutra, G. Rubira, RJK. Rodrigues, SC. Coral, JA. Ramos-Quiroga, L. Spanemberg"
41587629,"Methodological moderators of psilocybin-assisted therapy in depression: A systematic review and meta-analysis.^
Psilocybin-assisted therapy (PAT) is an emerging intervention for depression. Though several clinical trials report promising results for PAT in treating depression, there remains a need for consensus on optimal methodologies and standardization of PAT protocols. The objective of this review was to assess the efficacy of PAT in treating depressive symptoms and to systematically examine the influence of methodological moderators underlying antidepressant responses. We searched the electronic databases of PubMed, MEDLINE, PsychInfo and Embase for randomized-controlled trials (RCTs) using PAT as a treatment intervention for major depressive disorder. The primary outcomes were standardized mean difference (SMD) of change in depressive symptoms pre- versus post-treatment sessions, and the difference in antidepressant treatment effects among various PAT methodologies in a subgroup analysis. Seven RCTs involving 522 participants were analyzed. The overall random effects model found PAT to have a large and significant antidepressant effect. The subgroup analyses found larger effects, albeit non-significant differences in subgroup heterogeneity, associated with studies that administered psilocybin in bodyweight-adjusted doses and provided longer preparation, dosing, and integration sessions and provided non-manualized psychotherapy. This study presents the first systematic examination of PAT methodologies influencing antidepressant effects and provides preliminary insights for clinicians in designing future PAT protocols for depression.",1,"[0.005865561310201883, 0.9941344857215881]","['Depression', 'Mood disorders', 'Psilocybin-assisted therapy', 'Psychedelics']",41587629,https://pubmed.ncbi.nlm.nih.gov/41587629/,10.1016/j.neubiorev.2026.106573,2026,"Psilocybin-assisted therapy (PAT) is an emerging intervention for depression. Though several clinical trials report promising results for PAT in treating depression, there remains a need for consensus on optimal methodologies and standardization of PAT protocols. The objective of this review was to assess the efficacy of PAT in treating depressive symptoms and to systematically examine the influence of methodological moderators underlying antidepressant responses. We searched the electronic databases of PubMed, MEDLINE, PsychInfo and Embase for randomized-controlled trials (RCTs) using PAT as a treatment intervention for major depressive disorder. The primary outcomes were standardized mean difference (SMD) of change in depressive symptoms pre- versus post-treatment sessions, and the difference in antidepressant treatment effects among various PAT methodologies in a subgroup analysis. Seven RCTs involving 522 participants were analyzed. The overall random effects model found PAT to have a large and significant antidepressant effect. The subgroup analyses found larger effects, albeit non-significant differences in subgroup heterogeneity, associated with studies that administered psilocybin in bodyweight-adjusted doses and provided longer preparation, dosing, and integration sessions and provided non-manualized psychotherapy. This study presents the first systematic examination of PAT methodologies influencing antidepressant effects and provides preliminary insights for clinicians in designing future PAT protocols for depression.",Methodological moderators of psilocybin-assisted therapy in depression: A systematic review and meta-analysis.,"OA. Syed, B. Tsang, SM. Nestor, N. Lipsman, MI. Husain, F. Alam, P. Giacobbe"
41581970,"Ketamine-Prazosin Combined Pharmacotherapy in Post-Traumatic Stress Disorder and Alcohol Use Disorder: Targeting Complementary Neurobiological Mechanisms.^
Posttraumatic Stress Disorder (PTSD) and Alcohol Use Disorder (AUD) often co-occur, worsening outcomes, relapse rates, and treatment response. Ketamine produces rapid and sustained PTSD symptom reduction and reduces AUD relapse. Prazosin effectively treats PTSD-related nightmares and may reduce alcohol consumption in individuals with heightened autonomic reactivity. The dual complementary mechanisms, modulation of glutamatergic neurotransmission and attenuation of noradrenergic hyperactivity, provide a compelling rationale for combination pharmacotherapy. Potential benefits include improved stabilization, readiness for trauma-focused therapy, and broader symptom control. Although untested in clinical trials, this approach warrants nurse practitioner-led research to evaluate safety, efficacy, and integration into multidisciplinary care.",0,"[0.9933545589447021, 0.006645464338362217]","['Alcohol use disorder', 'Combination pharmacotherapy', 'Ketamine', 'Neurobiological mechanisms', 'Nurse practitioners', 'Posttraumatic stress disorder', 'Prazosin']",41581970,https://pubmed.ncbi.nlm.nih.gov/41581970/,10.1016/j.cnur.2025.09.004,2026,"Posttraumatic Stress Disorder (PTSD) and Alcohol Use Disorder (AUD) often co-occur, worsening outcomes, relapse rates, and treatment response. Ketamine produces rapid and sustained PTSD symptom reduction and reduces AUD relapse. Prazosin effectively treats PTSD-related nightmares and may reduce alcohol consumption in individuals with heightened autonomic reactivity. The dual complementary mechanisms, modulation of glutamatergic neurotransmission and attenuation of noradrenergic hyperactivity, provide a compelling rationale for combination pharmacotherapy. Potential benefits include improved stabilization, readiness for trauma-focused therapy, and broader symptom control. Although untested in clinical trials, this approach warrants nurse practitioner-led research to evaluate safety, efficacy, and integration into multidisciplinary care.",Ketamine-Prazosin Combined Pharmacotherapy in Post-Traumatic Stress Disorder and Alcohol Use Disorder: Targeting Complementary Neurobiological Mechanisms.,A. Canada
41577046,"Real-world comparison of intranasal racemic ketamine and esketamine in treatment-resistant depression: A retrospective observational study.^
BACKGROUND: Treatment-resistant depression (TRD) imposes major individual and societal burden, with few therapeutic options. Intranasal esketamine is approved but limited by cost and accessibility, prompting interest in alternatives. AIMS: To assess non-inferiority of racemic ketamine versus esketamine in a real-world setting. METHODS: We performed a single-centre, retrospective observational study emulating a randomized trial using the target trial framework. Adults with TRD received either intranasal esketamine or off-label racemic ketamine during an eight-session, four-week induction phase. The primary outcome was change in Montgomery-Åsberg Depression Rating Scale (MADRS) scores; secondary outcome was remission (MADRS ≤12). Safety and tolerability were monitored. MADRS changes were analysed via repeated measures ANOVA; non-inferiority was predefined as <3-point between-group difference. Remission was assessed with odds ratios and Bayesian multilevel modelling, with non-inferiority defined as <50% difference in remission probability. RESULTS: Seventy-six patients were included (esketamine n = 31; ketamine n = 45). Both groups showed significant symptom improvement, with comparable MADRS reduction (-9.3 vs -10.0; p = 0.41), meeting the primary non-inferiority criterion. Remission rates were higher with esketamine (38.7%) than ketamine (15.6%; OR 0.29, 95% CI 0.10-0.86), failing non-inferiority, supported by a 98.6% posterior probability of esketamine's superiority. Safety profiles were similar, though ketamine showed slightly more transient blood pressure elevations. CONCLUSIONS: Intranasal racemic ketamine is non-inferior to esketamine in symptom reduction and may represent a cost-effective alternative where esketamine access is limited. Higher remission rates with esketamine warrant further prospective studies to clarify clinical significance and optimize racemic ketamine use, improving accessibility and affordability for TRD patients.",1,"[0.003488307585939765, 0.9965117573738098]","['Esketamine', 'Intranasal racemic ketamine', 'MDD', 'Non-inferiority', 'Treatment-resistant depression']",41577046,https://pubmed.ncbi.nlm.nih.gov/41577046/,10.1016/j.jad.2026.121208,2026,"BACKGROUND: Treatment-resistant depression (TRD) imposes major individual and societal burden, with few therapeutic options. Intranasal esketamine is approved but limited by cost and accessibility, prompting interest in alternatives. AIMS: To assess non-inferiority of racemic ketamine versus esketamine in a real-world setting. METHODS: We performed a single-centre, retrospective observational study emulating a randomized trial using the target trial framework. Adults with TRD received either intranasal esketamine or off-label racemic ketamine during an eight-session, four-week induction phase. The primary outcome was change in Montgomery-Åsberg Depression Rating Scale (MADRS) scores; secondary outcome was remission (MADRS ≤12). Safety and tolerability were monitored. MADRS changes were analysed via repeated measures ANOVA; non-inferiority was predefined as <3-point between-group difference. Remission was assessed with odds ratios and Bayesian multilevel modelling, with non-inferiority defined as <50% difference in remission probability. RESULTS: Seventy-six patients were included (esketamine n = 31; ketamine n = 45). Both groups showed significant symptom improvement, with comparable MADRS reduction (-9.3 vs -10.0; p = 0.41), meeting the primary non-inferiority criterion. Remission rates were higher with esketamine (38.7%) than ketamine (15.6%; OR 0.29, 95% CI 0.10-0.86), failing non-inferiority, supported by a 98.6% posterior probability of esketamine's superiority. Safety profiles were similar, though ketamine showed slightly more transient blood pressure elevations. CONCLUSIONS: Intranasal racemic ketamine is non-inferior to esketamine in symptom reduction and may represent a cost-effective alternative where esketamine access is limited. Higher remission rates with esketamine warrant further prospective studies to clarify clinical significance and optimize racemic ketamine use, improving accessibility and affordability for TRD patients.",Real-world comparison of intranasal racemic ketamine and esketamine in treatment-resistant depression: A retrospective observational study.,"J. Sarlon, D. Thomi, AB. Brühl, T. Liwinski, UE. Lang"
41558304,"Insights from the psychedelic experience integration session: Verbatims differentiate 3-month abstinence in alcohol use disorder with depressive symptoms.^
BACKGROUND: Psilocybin-assisted psychotherapy shows promise in alcohol use disorder (AUD), but therapeutic mechanisms remain poorly understood. Previous qualitative studies have described potential processes such as gaining insights, altered self-perception, connectedness, and changes in coping, yet findings remain limited and inconsistent in AUD, and little is known about early markers of therapeutic response. METHODS: We conducted a mixed quantitative-qualitative analysis of first integration sessions in the Psilocybin Alcohol Depression (PAD) randomized controlled trial. Only participants randomized to the 25 mg psilocybin group were included in this analysis. Recently detoxified patients with AUD and persisting depressive symptoms underwent semi-structured integration interviews the day after dosing. Transcripts were analyzed with IRaMuTeQ software using the Reinart descending hierarchical classification. Associations with abstinence at 3 months were examined. RESULTS: Twenty participants were included (55% male, median age 49); 55% were abstinent at 3 months. The corpus comprised 127,760 words, with 88% classified into two stable classes. Class 1 (44% of text segments) described sensory and emotional aspects of the psychedelic experience (physical sensations, visual phenomena, emotions, setting) and was predominantly elicited by non-responders. Class 2 (56%) reflected active cognitive processes and inner dialogue, including cognitive restructuring, distancing from habitual patterns, commitment to change, and work on pre-elicited intentions related to alcohol. Abstinence at 3 months was significantly associated with references to family connections, pleasant emotions, adaptive processing of fear, and revisiting alcohol-related triggers with new coping strategies, while non-abstinence was associated with negative emotions, physical pain, disappointment, and suppressive coping. CONCLUSIONS: Responders were distinguished by narratives of inner dialogue and adaptive coping, while non-responders emphasized sensory and affective descriptions and suppressive coping. Inner dialogue may constitute a distinct therapeutic mechanism, highlighting the importance of preparation and integration in psilocybin-assisted psychotherapy.",1,"[0.005869682878255844, 0.9941303133964539]","['Alcohol use disorder', 'Coping strategies', 'Depression', 'Inner dialogue', 'Psilocybin-assisted therapy', 'Qualitative analysis']",41558304,https://pubmed.ncbi.nlm.nih.gov/41558304/,10.1016/j.jad.2026.121215,2026,"BACKGROUND: Psilocybin-assisted psychotherapy shows promise in alcohol use disorder (AUD), but therapeutic mechanisms remain poorly understood. Previous qualitative studies have described potential processes such as gaining insights, altered self-perception, connectedness, and changes in coping, yet findings remain limited and inconsistent in AUD, and little is known about early markers of therapeutic response. METHODS: We conducted a mixed quantitative-qualitative analysis of first integration sessions in the Psilocybin Alcohol Depression (PAD) randomized controlled trial. Only participants randomized to the 25 mg psilocybin group were included in this analysis. Recently detoxified patients with AUD and persisting depressive symptoms underwent semi-structured integration interviews the day after dosing. Transcripts were analyzed with IRaMuTeQ software using the Reinart descending hierarchical classification. Associations with abstinence at 3 months were examined. RESULTS: Twenty participants were included (55% male, median age 49); 55% were abstinent at 3 months. The corpus comprised 127,760 words, with 88% classified into two stable classes. Class 1 (44% of text segments) described sensory and emotional aspects of the psychedelic experience (physical sensations, visual phenomena, emotions, setting) and was predominantly elicited by non-responders. Class 2 (56%) reflected active cognitive processes and inner dialogue, including cognitive restructuring, distancing from habitual patterns, commitment to change, and work on pre-elicited intentions related to alcohol. Abstinence at 3 months was significantly associated with references to family connections, pleasant emotions, adaptive processing of fear, and revisiting alcohol-related triggers with new coping strategies, while non-abstinence was associated with negative emotions, physical pain, disappointment, and suppressive coping. CONCLUSIONS: Responders were distinguished by narratives of inner dialogue and adaptive coping, while non-responders emphasized sensory and affective descriptions and suppressive coping. Inner dialogue may constitute a distinct therapeutic mechanism, highlighting the importance of preparation and integration in psilocybin-assisted psychotherapy.",Insights from the psychedelic experience integration session: Verbatims differentiate 3-month abstinence in alcohol use disorder with depressive symptoms.,"M. Garcia Garcia, D. Belahda, C. Graux, C. Serrand, N. Igounenc, F. Sergent, T. Mura, A. Luquiens"
41546918,"Bridging the reporting gap: Application of the ReSPCT guidelines in psilocybin clinical trial protocols.^
Psilocybin-assisted therapies are increasingly studied for Major Depressive Disorder (MDD) and Treatment-Resistant Depression (TRD), and methodological rigor requires both pharmacological evaluation and consistent reporting of non-pharmacological variables that influence therapeutic outcomes. To address this need, the ReSPCT (Reporting of Setting in Psychedelic Clinical Trials) guidelines were recently introduced, providing a 30-item framework for standardized reporting of set and setting. This study aimed to evaluate how current psilocybin clinical trial protocols incorporate these elements and to identify domains requiring improvement. We systematically searched ClinicalTrials.gov and the EU Clinical Trials Information System (CTIS) for interventional psilocybin studies targeting MDD or TRD, including protocols listing depression as a primary condition. By June 21, 2025, 13 protocols (11 Phase II and 2 Phase III) met the inclusion criteria. Each protocol was assessed using the ReSPCT checklist, yielding a total of 390 item-level assessments rated on a four-point scale. Overall, 61 of 390 entries (15.6%) demonstrated full compliance, 252 (64.6%) partial compliance, and 77 (19.7%) provided no relevant information. Procedural elements, such as medical and experimental procedures (100% compliance), focus and main activities (92.3%), number of sessions (69.2%), and dosing regimens (53.8%), were consistently reported. In contrast, contextual and equity-related domains were markedly underreported: 84.6% of protocols lacked information on cultural competence and safety, 92.3% did not describe objects or decorations, and 84.6% failed to report access to nature. These findings indicate that while procedural safeguards are well documented, critical contextual and equity-relevant aspects remain insufficiently reported. Adopting ReSPCT guidelines may improve transparency and reproducibility.",0,"[0.8410031795501709, 0.1589968353509903]","['Major depressive disorder, treatment-resistant depression', 'Psilocybin', 'ReSPCT guidelines', 'Set and setting']",41546918,https://pubmed.ncbi.nlm.nih.gov/41546918/,10.1016/j.euroneuro.2025.112746,2026,"Psilocybin-assisted therapies are increasingly studied for Major Depressive Disorder (MDD) and Treatment-Resistant Depression (TRD), and methodological rigor requires both pharmacological evaluation and consistent reporting of non-pharmacological variables that influence therapeutic outcomes. To address this need, the ReSPCT (Reporting of Setting in Psychedelic Clinical Trials) guidelines were recently introduced, providing a 30-item framework for standardized reporting of set and setting. This study aimed to evaluate how current psilocybin clinical trial protocols incorporate these elements and to identify domains requiring improvement. We systematically searched ClinicalTrials.gov and the EU Clinical Trials Information System (CTIS) for interventional psilocybin studies targeting MDD or TRD, including protocols listing depression as a primary condition. By June 21, 2025, 13 protocols (11 Phase II and 2 Phase III) met the inclusion criteria. Each protocol was assessed using the ReSPCT checklist, yielding a total of 390 item-level assessments rated on a four-point scale. Overall, 61 of 390 entries (15.6%) demonstrated full compliance, 252 (64.6%) partial compliance, and 77 (19.7%) provided no relevant information. Procedural elements, such as medical and experimental procedures (100% compliance), focus and main activities (92.3%), number of sessions (69.2%), and dosing regimens (53.8%), were consistently reported. In contrast, contextual and equity-related domains were markedly underreported: 84.6% of protocols lacked information on cultural competence and safety, 92.3% did not describe objects or decorations, and 84.6% failed to report access to nature. These findings indicate that while procedural safeguards are well documented, critical contextual and equity-relevant aspects remain insufficiently reported. Adopting ReSPCT guidelines may improve transparency and reproducibility.",Bridging the reporting gap: Application of the ReSPCT guidelines in psilocybin clinical trial protocols.,"D. Swieczkowski, A. Kwaśny, K. Sadko, WJ. Cubała"
41546846,"Safety and Efficacy of Monoamine Oxidase Inhibitors in Patients Who Use Psychoactive Substances: Potential Drug Interactions and Substance Use Disorder Treatment Data.^
Monoamine oxidase inhibitors (MAOIs) remain an important option for patients with treatment-resistant depression (TRD) and other psychiatric conditions, despite potentially serious drug-drug interactions and associated dietary tyramine restrictions. However, they are rarely prescribed in patients with comorbid substance use disorders (SUDs) due to concerns about potential drug interactions and limited research in these populations. This narrative review investigates the use of MAOIs in patients who use psychoactive substances, exploring potential interactions while summarizing the relatively scant literature on using MAOIs as treatments for SUDs. It synthesizes data from 219 peer-reviewed publications investigating MAOI/psychoactive substance interactions or the use of MAOIs to treat SUDs or psychiatric conditions in patients with comorbid SUDs, including 20 randomized controlled trials, 18 non-randomized interventional trials, 32 observational studies/case series, 56 case reports, 85 preclinical studies, and 8 reviews, with publication years spanning from 1955 to 2025. Data from 28 non-peer-reviewed user-submitted reports from drug use/harm reduction forums are also included. Suspected cases of serotonin toxicity have been reported for MAOIs in combination with amphetamine, dextromethorphan, 3,4-methylenedioxymethamphetamine (MDMA), meperidine (pethidine), methadone, and tramadol. Hypertensive urgency/emergency has been reported for MAOIs in combination with alcohol (varieties containing significant amounts of tyramine), amphetamine, cocaine, dextroamphetamine, khat, methamphetamine, and psilocybin mushrooms. Other notable adverse events associated with MAOIs in combination with psychoactive substances include agitation (4-bromo-2,5-dimethoxyphenethylamine [2C-B] 5-methoxy-N,N-dimethyltryptamine [5-Meo-DMT]), N,N-dimethyltryptamine [DMT]), delirium/confusion (DMT, propoxyphene, and tramadol), edema (chlordiazepoxide), intracranial hemorrhage (amphetamine, khat, and methamphetamine), mania/psychosis (DMT), rhabdomyolysis (5-MeO-DMT, DMT, and propoxyphene), and sedation/stupor/loss of consciousness (amobarbital, amphetamine, cocaine, dextroamphetamine, and propoxyphene). Fatalities have been reported for MAOIs in combination with 5-MeO-DMT, amphetamine, dextroamphetamine, dextromethorphan (in overdose), MDMA, methamphetamine, meperidine, and tramadol (in overdose). Based on our findings, some substances, such as alcoholic beverages containing significant tyramine quantities (uncommon today), amphetamines, opioids with significant serotonergic reuptake inhibition, and some hallucinogens such as the empathogen/entactogen MDMA, can pose potentially fatal risks in combination with MAOIs. However, MAOI treatment of patients who use alcoholic beverages low in tyramine, caffeine, cannabis, nicotine, sedatives, some (primarily classic) hallucinogens, and some other substances can likely be appropriately managed with careful monitoring, although psychoactive substance dose and route of administration are important safety considerations. While there was initially hope MAOIs might effectively treat some SUDs, there are no robust human data to support their efficacy in this context. Given growing levels of substance use and an increasing number of novel illicit compounds being produced, more research on MAOI safety in patients with psychiatric conditions and comorbid psychoactive substance use/misuse is essential to determining their appropriateness in this complex patient population.",0,"[0.9850634336471558, 0.01493657287210226]",[],41546846,https://pubmed.ncbi.nlm.nih.gov/41546846/,10.1007/s40263-025-01256-7,2026,"Monoamine oxidase inhibitors (MAOIs) remain an important option for patients with treatment-resistant depression (TRD) and other psychiatric conditions, despite potentially serious drug-drug interactions and associated dietary tyramine restrictions. However, they are rarely prescribed in patients with comorbid substance use disorders (SUDs) due to concerns about potential drug interactions and limited research in these populations. This narrative review investigates the use of MAOIs in patients who use psychoactive substances, exploring potential interactions while summarizing the relatively scant literature on using MAOIs as treatments for SUDs. It synthesizes data from 219 peer-reviewed publications investigating MAOI/psychoactive substance interactions or the use of MAOIs to treat SUDs or psychiatric conditions in patients with comorbid SUDs, including 20 randomized controlled trials, 18 non-randomized interventional trials, 32 observational studies/case series, 56 case reports, 85 preclinical studies, and 8 reviews, with publication years spanning from 1955 to 2025. Data from 28 non-peer-reviewed user-submitted reports from drug use/harm reduction forums are also included. Suspected cases of serotonin toxicity have been reported for MAOIs in combination with amphetamine, dextromethorphan, 3,4-methylenedioxymethamphetamine (MDMA), meperidine (pethidine), methadone, and tramadol. Hypertensive urgency/emergency has been reported for MAOIs in combination with alcohol (varieties containing significant amounts of tyramine), amphetamine, cocaine, dextroamphetamine, khat, methamphetamine, and psilocybin mushrooms. Other notable adverse events associated with MAOIs in combination with psychoactive substances include agitation (4-bromo-2,5-dimethoxyphenethylamine [2C-B] 5-methoxy-N,N-dimethyltryptamine [5-Meo-DMT]), N,N-dimethyltryptamine [DMT]), delirium/confusion (DMT, propoxyphene, and tramadol), edema (chlordiazepoxide), intracranial hemorrhage (amphetamine, khat, and methamphetamine), mania/psychosis (DMT), rhabdomyolysis (5-MeO-DMT, DMT, and propoxyphene), and sedation/stupor/loss of consciousness (amobarbital, amphetamine, cocaine, dextroamphetamine, and propoxyphene). Fatalities have been reported for MAOIs in combination with 5-MeO-DMT, amphetamine, dextroamphetamine, dextromethorphan (in overdose), MDMA, methamphetamine, meperidine, and tramadol (in overdose). Based on our findings, some substances, such as alcoholic beverages containing significant tyramine quantities (uncommon today), amphetamines, opioids with significant serotonergic reuptake inhibition, and some hallucinogens such as the empathogen/entactogen MDMA, can pose potentially fatal risks in combination with MAOIs. However, MAOI treatment of patients who use alcoholic beverages low in tyramine, caffeine, cannabis, nicotine, sedatives, some (primarily classic) hallucinogens, and some other substances can likely be appropriately managed with careful monitoring, although psychoactive substance dose and route of administration are important safety considerations. While there was initially hope MAOIs might effectively treat some SUDs, there are no robust human data to support their efficacy in this context. Given growing levels of substance use and an increasing number of novel illicit compounds being produced, more research on MAOI safety in patients with psychiatric conditions and comorbid psychoactive substance use/misuse is essential to determining their appropriateness in this complex patient population.",Safety and Efficacy of Monoamine Oxidase Inhibitors in Patients Who Use Psychoactive Substances: Potential Drug Interactions and Substance Use Disorder Treatment Data.,"G. Rached, A. Campana, D. Fiani, C. Nguyen, V. Van den Eynde, PK. Gillman, BS. Barnett"
41529732,"Is there an independant anti-suicidal effect of esketamine in treatment resistant depression?^
BACKGROUND: Regulatory approvals for intranasal esketamine in treatment-resistant depression (TRD) differ with respect to its indication for suicidal ideation. While rapid antidepressant effects are well documented, whether esketamine exerts an anti-suicidal effect independent of mood improvement remains unclear. METHODS: In this two-center observational study, 261 adults with moderate-to-severe TRD at Sainte-Anne Hospital, Paris, France, received eight esketamine sessions over four weeks. MADRS-D (items 1-9) and MADRS-S (item 10) were rated before each session. RESULTS: Both MADRS-D (all p < .001) and MADRS-S (all p < .001) improved during esketamine treatment. In multivariate analysis, depressive improvement remained significant after adjusting for MADRS-S (all p < .001), whereas the reduction in suicidal ideation lost significance when adjusting for MADRS-D (all p > .949) in both samples. CONCLUSIONS: Our results suggest that the anti-suicidal effect of esketamine does not persist once its antidepressant effect is taken into account.",1,"[0.00341902207583189, 0.9965810179710388]","['Depression', 'Esketamine', 'Suicide']",41529732,https://pubmed.ncbi.nlm.nih.gov/41529732/,10.1016/j.jad.2026.121181,2026,"BACKGROUND: Regulatory approvals for intranasal esketamine in treatment-resistant depression (TRD) differ with respect to its indication for suicidal ideation. While rapid antidepressant effects are well documented, whether esketamine exerts an anti-suicidal effect independent of mood improvement remains unclear. METHODS: In this two-center observational study, 261 adults with moderate-to-severe TRD at Sainte-Anne Hospital, Paris, France, received eight esketamine sessions over four weeks. MADRS-D (items 1-9) and MADRS-S (item 10) were rated before each session. RESULTS: Both MADRS-D (all p < .001) and MADRS-S (all p < .001) improved during esketamine treatment. In multivariate analysis, depressive improvement remained significant after adjusting for MADRS-S (all p < .001), whereas the reduction in suicidal ideation lost significance when adjusting for MADRS-D (all p > .949) in both samples. CONCLUSIONS: Our results suggest that the anti-suicidal effect of esketamine does not persist once its antidepressant effect is taken into account.",Is there an independant anti-suicidal effect of esketamine in treatment resistant depression?,"M. Danon, G. Ostronoff, AC. Petit, P. de Maricourt, JM. Kopeć, L. Mekaoui, L. Berkovitch, P. Gorwood"
41521955,"The Therapeutic Potential of Psychedelics for Treatment-resistant Depression: Reality or Hallucination? A Systematic Review.^
BACKGROUND: Treatment-resistant depression (TRD), a clinical subtype of major depressive disorder (MDD), is associated with greater severity and functional impairment, representing a significant challenge in psychiatric care. Recent studies suggest that the use of psychedelics can provide rapid and substantial improvement in the severity of depressive symptoms. Therefore, the aim of this systematic review is to evaluate and synthesize the evidence on the efficacy of psychedelics in the treatment of TRD. METHODS: Studies were included if they enrolled participants diagnosed with TRD, used scales to assess depression severity, reported effect sizes or provided metrics for calculating effect sizes of the intervention, and involved single-blind, double-blind, or open-label trials, including single-arm studies. RESULTS: Fifteen articles were included in this systematic review, 10 of which were randomized double-blind controlled trials (RCTs) and 5 open-label clinical trials. All studies were summarized and analyzed, providing a current overview of the scientific literature on the therapeutic potential of typical and atypical psychedelics in TRD. CONCLUSIONS: The use of psychedelics in the treatment of treatment-resistant depression represents an alternative and complementary therapeutic approach to traditional treatments, suggesting efficacy across different classes of these substances.",1,"[0.004444688092917204, 0.9955553412437439]","['major depressive disorder', 'psychedelic therapy', 'psychedelics', 'treatment-resistant depression']",41521955,https://pubmed.ncbi.nlm.nih.gov/41521955/,10.1097/JCP.0000000000002122,2026,"BACKGROUND: Treatment-resistant depression (TRD), a clinical subtype of major depressive disorder (MDD), is associated with greater severity and functional impairment, representing a significant challenge in psychiatric care. Recent studies suggest that the use of psychedelics can provide rapid and substantial improvement in the severity of depressive symptoms. Therefore, the aim of this systematic review is to evaluate and synthesize the evidence on the efficacy of psychedelics in the treatment of TRD. METHODS: Studies were included if they enrolled participants diagnosed with TRD, used scales to assess depression severity, reported effect sizes or provided metrics for calculating effect sizes of the intervention, and involved single-blind, double-blind, or open-label trials, including single-arm studies. RESULTS: Fifteen articles were included in this systematic review, 10 of which were randomized double-blind controlled trials (RCTs) and 5 open-label clinical trials. All studies were summarized and analyzed, providing a current overview of the scientific literature on the therapeutic potential of typical and atypical psychedelics in TRD. CONCLUSIONS: The use of psychedelics in the treatment of treatment-resistant depression represents an alternative and complementary therapeutic approach to traditional treatments, suggesting efficacy across different classes of these substances.",The Therapeutic Potential of Psychedelics for Treatment-resistant Depression: Reality or Hallucination? A Systematic Review.,"N. Horato, F. Dalvi-Garcia, PEP. Dutra, AE. Nardi"
41475562,"A systematic review of ketamine and esketamine-induced long-term potentiation and synaptic scaling: Do the molecular and synaptic plasticity effects inform dosing intervals?^
Ketamine and esketamine exhibit rapid antidepressant effects in persons with treatment-resistant depression (TRD) and bipolar depression (TRBD). However, the synaptic mechanisms governing dose, frequency, and durability of response remain unclear. This review aims to evaluate the dosing parameters, including minimum dose and optimal dosing intervals, that reliably induce or maintain long-term potentiation (LTP) and/or synaptic scaling in humans and preclinical models. A systematic search (database inception to June 2025) was conducted on OVID and PubMed to identify preclinical and clinical studies reporting ketamine-induced clinical symptom changes alongside direct or indirect marker of LTP and/or synaptic scaling. Study selection, quality assessment, and data extraction were conducted by two independent reviewers. Sixty-one clinical and 17 preclinical studies met inclusion criteria. Most clinical studies enrolled persons with TRD, with fewer including TRBD or mixed TRD/TRBD samples. In TRD, a single 0.5 mg/kg intravenous ketamine infusion produced rapid but transient antidepressant effects, peaking at 24-hours and declining over 2-3 days. A similar temporal pattern was observed in TRBD. Early neurophysiological changes emerged within 3-8-hours, consolidated by 24-hours, and were sparsely detected beyond 3-days post-ketamine treatment. Consistent neurophysiological findings were observed in preclinical models. Across clinical trials, twice- versus thrice-weekly dosing yielded comparable four-week outcomes, and weekly maintenance significantly reduced relapse risk. Ketamine may open a plasticity window lasting approximately 2-3 days. Dosing intervals aligned with this window during an acute course of treatment, informed by rapid neurophysiological markers, may optimize antidepressant durability and response while minimizing drug exposure.",1,"[0.0032017924822866917, 0.9967982172966003]","['Depressive disorder', 'Drug administration schedule', 'Ketamine', 'Long-term potentiation', 'Neuronal plasticity', 'Treatment-resistant']",41475562,https://pubmed.ncbi.nlm.nih.gov/41475562/,10.1016/j.jad.2025.121081,2026,"Ketamine and esketamine exhibit rapid antidepressant effects in persons with treatment-resistant depression (TRD) and bipolar depression (TRBD). However, the synaptic mechanisms governing dose, frequency, and durability of response remain unclear. This review aims to evaluate the dosing parameters, including minimum dose and optimal dosing intervals, that reliably induce or maintain long-term potentiation (LTP) and/or synaptic scaling in humans and preclinical models. A systematic search (database inception to June 2025) was conducted on OVID and PubMed to identify preclinical and clinical studies reporting ketamine-induced clinical symptom changes alongside direct or indirect marker of LTP and/or synaptic scaling. Study selection, quality assessment, and data extraction were conducted by two independent reviewers. Sixty-one clinical and 17 preclinical studies met inclusion criteria. Most clinical studies enrolled persons with TRD, with fewer including TRBD or mixed TRD/TRBD samples. In TRD, a single 0.5 mg/kg intravenous ketamine infusion produced rapid but transient antidepressant effects, peaking at 24-hours and declining over 2-3 days. A similar temporal pattern was observed in TRBD. Early neurophysiological changes emerged within 3-8-hours, consolidated by 24-hours, and were sparsely detected beyond 3-days post-ketamine treatment. Consistent neurophysiological findings were observed in preclinical models. Across clinical trials, twice- versus thrice-weekly dosing yielded comparable four-week outcomes, and weekly maintenance significantly reduced relapse risk. Ketamine may open a plasticity window lasting approximately 2-3 days. Dosing intervals aligned with this window during an acute course of treatment, informed by rapid neurophysiological markers, may optimize antidepressant durability and response while minimizing drug exposure.",A systematic review of ketamine and esketamine-induced long-term potentiation and synaptic scaling: Do the molecular and synaptic plasticity effects inform dosing intervals?,"GH. Le, S. Wong, DE. Johnson, A. Lu, D. Orsini, N. Chisamore, S. Di Luch, JD. Rosenblat, RS. McIntyre"
41456567,"Single fixed-dose intranasal racemic ketamine treatment for the treatment of acute suicidality in a transdiagnostic patient population: Results of a pilot study.^
AIMS: Ketamine has been shown to decrease suicidality in patients with depression. However, little is known about tolerability and efficacy in heterogenous, acutely suicidal patients in emergency settings. This pilot study aimed to assess the feasibility, acceptability, and safety of generic intranasal racemic ketamine (75 mg) in the treatment of acute suicidality regardless of the underlying diagnosis, as preparation for a subsequent double-blind randomized placebo-controlled trial (RCT). METHOD: From September 2021 to June 2022, 12 patients with acute suicidality were recruited. All received a single open-label dose of 75 mg intranasal racemic ketamine. Suicidality was assessed with the Beck Scale for Suicidal Ideation (BSSI), depression with the Montgomery-Åsberg Depression Rating Scale (MADRS), side effects with the Systematic Assessment for Treatment Emergent Effects (SAFTEE) and Clinician Administered Dissociative Symptom Scale (CADSS), and overall improvement with the Clinical Global Impression (CGI) at 60 min, 180 min, and at 1, 3, and 7 days post-treatment. The CADSS and SAFTEE were administered only at baseline, 60 and 180 min post intervention. Vital signs were monitored for the first 240 min post intervention. Optional blood sampling occurred at baseline and 180 min post-treatment, and Magnetic Resonance Imaging one day post intervention. RESULTS: Treatment was well-tolerated. We observed a downward trend in both BSSI and MADRS scores one day post treatment, though this effect declined by day seven. One patient developed ketamine misuse several weeks after participation. CONCLUSIONS: The treatment was generally feasible, well-tolerated and safe. Intranasal ketamine reduced acute suicidality in some cases but regarding efficacy, no definitive conclusions can be drawn from this pilot study. Amendments were made to the study protocol with extended follow-up time, investigation of drug liking and craving, less questionnaires and longer inclusion window.",1,"[0.002612984273582697, 0.9973869919776917]","['Acute psychiatry', 'Ketamine', 'Mood disorders', 'Suicidality']",41456567,https://pubmed.ncbi.nlm.nih.gov/41456567/,10.1016/j.psychres.2025.116909,2025,"AIMS: Ketamine has been shown to decrease suicidality in patients with depression. However, little is known about tolerability and efficacy in heterogenous, acutely suicidal patients in emergency settings. This pilot study aimed to assess the feasibility, acceptability, and safety of generic intranasal racemic ketamine (75 mg) in the treatment of acute suicidality regardless of the underlying diagnosis, as preparation for a subsequent double-blind randomized placebo-controlled trial (RCT). METHOD: From September 2021 to June 2022, 12 patients with acute suicidality were recruited. All received a single open-label dose of 75 mg intranasal racemic ketamine. Suicidality was assessed with the Beck Scale for Suicidal Ideation (BSSI), depression with the Montgomery-Åsberg Depression Rating Scale (MADRS), side effects with the Systematic Assessment for Treatment Emergent Effects (SAFTEE) and Clinician Administered Dissociative Symptom Scale (CADSS), and overall improvement with the Clinical Global Impression (CGI) at 60 min, 180 min, and at 1, 3, and 7 days post-treatment. The CADSS and SAFTEE were administered only at baseline, 60 and 180 min post intervention. Vital signs were monitored for the first 240 min post intervention. Optional blood sampling occurred at baseline and 180 min post-treatment, and Magnetic Resonance Imaging one day post intervention. RESULTS: Treatment was well-tolerated. We observed a downward trend in both BSSI and MADRS scores one day post treatment, though this effect declined by day seven. One patient developed ketamine misuse several weeks after participation. CONCLUSIONS: The treatment was generally feasible, well-tolerated and safe. Intranasal ketamine reduced acute suicidality in some cases but regarding efficacy, no definitive conclusions can be drawn from this pilot study. Amendments were made to the study protocol with extended follow-up time, investigation of drug liking and craving, less questionnaires and longer inclusion window.",Single fixed-dose intranasal racemic ketamine treatment for the treatment of acute suicidality in a transdiagnostic patient population: Results of a pilot study.,"GHJ. Roelandt, JFM. Strous, RM. Marijnissen, J. Kamphuis, JH. van Dalfsen, RA. Schoevers"
41407123,"Inflammatory response to repeated subcutaneous esketamine in treatment-resistant depression: The role of baseline C-reactive protein.^
BACKGROUND: Treatment-resistant depression (TRD) remains a major clinical challenge, with inflammation increasingly implicated in its pathophysiology. C-reactive protein (CRP), an accessible biomarker, has emerged as a potential predictor of antidepressant response. While intravenous and intranasal ketamine have shown anti-inflammatory effects, evidence linking inflammation and clinical outcomes remains inconsistent. The effects of subcutaneous (SC) esketamine on CRP and symptom improvement have not been explored. OBJECTIVE: To investigate whether baseline CRP predicts clinical response, whether SC esketamine reduces CRP in inflamed patients, and whether CRP changes are associated with symptom improvement. METHODS: This secondary analysis derived from an open-label trial included 22 TRD patients who received seven weekly SC esketamine doses. Patients were stratified by CRP (>1 mg/L = inflammation; ≤1 mg/L = non-inflammation). Depression severity was assessed with the Montgomery-Åsberg Depression Rating Scale (MADRS). RESULTS: The inflammation group (n = 8) showed significant CRP reductions (week 4: p = 0.005; week 8: p < 0.001); non-inflamed patients showed no significant change. By week 8 (which corresponded to the seventh application), both groups had comparable CRP levels (p = 0.170; 95 % CI [-2.923 to 0.258]). Age, sex, and BMI did not influence CRP changes. Although the inflammation group had greater depressive symptom reduction (ΔMADRS = 15.88 vs. 11.14), this was not statistically significant (p = 0.280). CRP changes did not predict to symptom improvement (p = 0.774). CONCLUSION: Exploratory findings suggest that patients with elevated baseline CRP showed within-group decreases over time, without clinical correlation. Larger controlled studies with broader immune profiling are needed.",1,"[0.005911253858357668, 0.9940887689590454]","['Antidepressant response', 'C-reactive protein', 'Esketamine', 'Inflammation', 'Subcutaneous administration', 'Treatment-resistant depression']",41407123,https://pubmed.ncbi.nlm.nih.gov/41407123/,10.1016/j.jad.2025.120877,2025,"BACKGROUND: Treatment-resistant depression (TRD) remains a major clinical challenge, with inflammation increasingly implicated in its pathophysiology. C-reactive protein (CRP), an accessible biomarker, has emerged as a potential predictor of antidepressant response. While intravenous and intranasal ketamine have shown anti-inflammatory effects, evidence linking inflammation and clinical outcomes remains inconsistent. The effects of subcutaneous (SC) esketamine on CRP and symptom improvement have not been explored. OBJECTIVE: To investigate whether baseline CRP predicts clinical response, whether SC esketamine reduces CRP in inflamed patients, and whether CRP changes are associated with symptom improvement. METHODS: This secondary analysis derived from an open-label trial included 22 TRD patients who received seven weekly SC esketamine doses. Patients were stratified by CRP (>1 mg/L = inflammation; ≤1 mg/L = non-inflammation). Depression severity was assessed with the Montgomery-Åsberg Depression Rating Scale (MADRS). RESULTS: The inflammation group (n = 8) showed significant CRP reductions (week 4: p = 0.005; week 8: p < 0.001); non-inflamed patients showed no significant change. By week 8 (which corresponded to the seventh application), both groups had comparable CRP levels (p = 0.170; 95 % CI [-2.923 to 0.258]). Age, sex, and BMI did not influence CRP changes. Although the inflammation group had greater depressive symptom reduction (ΔMADRS = 15.88 vs. 11.14), this was not statistically significant (p = 0.280). CRP changes did not predict to symptom improvement (p = 0.774). CONCLUSION: Exploratory findings suggest that patients with elevated baseline CRP showed within-group decreases over time, without clinical correlation. Larger controlled studies with broader immune profiling are needed.",Inflammatory response to repeated subcutaneous esketamine in treatment-resistant depression: The role of baseline C-reactive protein.,"P. Cavalcanti-Ribeiro, LCAM. De Souza, VDO. de Tavares, RN. de Almeida, NB. de Medeiros Lima, KT. da Costa Gonçalves, EITC. Lopes, R. Bolcont, AJC. de Brito, M. Falchi-Carvalho, E. Arcoverde, DB. de Araujo, F. Palhano-Fontes, NL. Galvão-Coelho"
41360373,"The effect of dextromethorphan on reward-related behaviors: A systematic review of preclinical and clinical evidence.^
INTRODUCTION: Extant literature suggests that anhedonia, defined as a loss of the ability to feel pleasure or interest, is subserved by dysregulation of reward processing in the central nervous system. Dextromethorphan (DXM), an uncompetitive N-Methyl-d-Aspartate (NMDA) receptor antagonist and sigma-1 (σ1) receptor agonist, is a glutamatergic modulator with antidepressant properties. The effect of DXM on reward-related outcomes remains inadequately characterized. Herein, we conducted a systematic review of extant literature reporting on the effects of DXM on reward-related behaviors in both preclinical and clinical studies. METHODS: A systematic search of the literature was conducted on online databases (PubMed, OVID, Scopus, Web of Science) of published articles from inception to January 2025. Preclinical and clinical studies that reported on the effect of DXM on reward outcomes were assessed. RESULTS: Preclinical studies (n = 13) indicate that administration of DXM attenuates reward-seeking behavior in rats as measured primarily by performance in the conditioned place preference test and behavioral sensitization. In a single human study (n = 1) evaluating DXM in healthy participants (n = 20), self-reported drug-liking for DXM (400 mg/70 kg) was significantly lower in comparison to psilocybin (20 mg and 30 mg) at 7 h after the dosing session. DISCUSSION: Extant literature suggests that DXM administration attenuates reward-related behaviors in rats. There is a paucity of human studies investigating the effect of DXM on reward outcomes. Future research should prioritize the investigation of the effect of DXM on reward function using validated reward paradigms in persons with anhedonia.",0,"[0.9867551922798157, 0.013244827277958393]","['Anhedonia', 'Anticipatory', 'Antidepressant', 'Consummatory', 'Depression', 'Dextromethorphan', 'Drug-liking', 'Glutamate', 'Major depressive disorder', 'Methamphetamine', 'Morphine', 'Nicotine', 'Reward']",41360373,https://pubmed.ncbi.nlm.nih.gov/41360373/,10.1016/j.jad.2025.120836,2025,"INTRODUCTION: Extant literature suggests that anhedonia, defined as a loss of the ability to feel pleasure or interest, is subserved by dysregulation of reward processing in the central nervous system. Dextromethorphan (DXM), an uncompetitive N-Methyl-d-Aspartate (NMDA) receptor antagonist and sigma-1 (σ1) receptor agonist, is a glutamatergic modulator with antidepressant properties. The effect of DXM on reward-related outcomes remains inadequately characterized. Herein, we conducted a systematic review of extant literature reporting on the effects of DXM on reward-related behaviors in both preclinical and clinical studies. METHODS: A systematic search of the literature was conducted on online databases (PubMed, OVID, Scopus, Web of Science) of published articles from inception to January 2025. Preclinical and clinical studies that reported on the effect of DXM on reward outcomes were assessed. RESULTS: Preclinical studies (n = 13) indicate that administration of DXM attenuates reward-seeking behavior in rats as measured primarily by performance in the conditioned place preference test and behavioral sensitization. In a single human study (n = 1) evaluating DXM in healthy participants (n = 20), self-reported drug-liking for DXM (400 mg/70 kg) was significantly lower in comparison to psilocybin (20 mg and 30 mg) at 7 h after the dosing session. DISCUSSION: Extant literature suggests that DXM administration attenuates reward-related behaviors in rats. There is a paucity of human studies investigating the effect of DXM on reward outcomes. Future research should prioritize the investigation of the effect of DXM on reward function using validated reward paradigms in persons with anhedonia.",The effect of dextromethorphan on reward-related behaviors: A systematic review of preclinical and clinical evidence.,"KM. Teopiz, GH. Le, S. Wong, RS. McIntyre"
41184102,"Psilocybin-assisted therapy for demoralisation in hospice patients: feasibility, safety and preliminary efficacy.^
OBJECTIVES: To assess the feasibility, safety and preliminary efficacy of psilocybin-assisted therapy (PAT) for demoralisation in terminally ill patients receiving home hospice care. METHODS: In this open-label pilot trial, 4607 home hospice patients at a large community hospice were screened over 22 months; 66 were approached, 15 enrolled and 10 received psilocybin. Participants completed two home-based preparation sessions, a single 25 mg oral psilocybin session at an inpatient hospice facility, and two home-based integration sessions. Feasibility was assessed through recruitment, retention and acceptability. Safety was evaluated via adverse event monitoring, and preliminary efficacy was assessed using changes in demoralisation scores and other psychosocial measures. RESULTS: The intervention was well tolerated, with no serious adverse events attributed to psilocybin. At week 3, demoralisation scores significantly decreased (mean reduction: 8.8 points, p=0.0196), despite ongoing clinical decline. Grief- and peace-related themes were prominent during psilocybin sessions. While six participants rated the treatment favourably on the Reaction to Research Participation Questionnaire global evaluation factor, three rated neutral on one or more items, suggesting that the emotional intensity and demands of the intervention may influence acceptability. CONCLUSION: This study provides initial evidence that PAT can be feasibly and safely integrated into hospice care for terminally ill patients. Further research is needed to optimise delivery and further assess therapeutic potential.",1,"[0.0034266356378793716, 0.9965733289718628]","['Depression', 'Hospice care', 'Psychological care', 'Quality of life', 'Terminal care']",41184102,https://pubmed.ncbi.nlm.nih.gov/41184102/,10.1136/spcare-2025-005773,2025,"OBJECTIVES: To assess the feasibility, safety and preliminary efficacy of psilocybin-assisted therapy (PAT) for demoralisation in terminally ill patients receiving home hospice care. METHODS: In this open-label pilot trial, 4607 home hospice patients at a large community hospice were screened over 22 months; 66 were approached, 15 enrolled and 10 received psilocybin. Participants completed two home-based preparation sessions, a single 25 mg oral psilocybin session at an inpatient hospice facility, and two home-based integration sessions. Feasibility was assessed through recruitment, retention and acceptability. Safety was evaluated via adverse event monitoring, and preliminary efficacy was assessed using changes in demoralisation scores and other psychosocial measures. RESULTS: The intervention was well tolerated, with no serious adverse events attributed to psilocybin. At week 3, demoralisation scores significantly decreased (mean reduction: 8.8 points, p=0.0196), despite ongoing clinical decline. Grief- and peace-related themes were prominent during psilocybin sessions. While six participants rated the treatment favourably on the Reaction to Research Participation Questionnaire global evaluation factor, three rated neutral on one or more items, suggesting that the emotional intensity and demands of the intervention may influence acceptability. CONCLUSION: This study provides initial evidence that PAT can be feasibly and safely integrated into hospice care for terminally ill patients. Further research is needed to optimise delivery and further assess therapeutic potential.","Psilocybin-assisted therapy for demoralisation in hospice patients: feasibility, safety and preliminary efficacy.","Y. Beaussant, Z. Sager, C. Brennan, I. Kristan, M. Ljuslin, E. Mazzola, D. Macdonald, ME. Murphy, K. Nigam, AD. Rinaldi, J. Sanders, KG. Schaefer, R. Sholevar, L. Summer, A. Waliji-Banglawala, S. Yudilevich-Espinoza, JA. Tulsky"
41173063,"Meaning and Psychedelics in Palliative Care: A Narrative Review.^
CONTEXT: Meaning is a primary existential concern in those with advanced illnesses and functions as an important coping mechanism. Loss of meaning contributes to existential distress, and, in particular, may manifest as demoralization, a syndrome of poor coping that is associated with negative outcomes. Psychedelics are unique psychoactive compounds that, among other properties, are proposed to enhance meaning. In the palliative setting, psychedelic therapies are under investigation for existential distress, including demoralization. OBJECTIVE: To synthesize the literature on meaning in palliative care, including the clinical impact of loss of meaning, particularly demoralization, and evidence for proposed interventions including existential psychological interventions and psychedelic therapies. METHODS: We conducted a narrative review based on a structured search within Pubmed. Articles were screened for those addressing prespecified questions derived from our objectives, and results were synthesized in narrative format. RESULTS: Loss of meaning is a hallmark feature of demoralization syndrome, a prevalent and distinct condition linked with diminished quality of life, increased symptom burden, and increased suicide risk. Existential psychological interventions improve numerous psychosocial outcomes, although evidence for their efficacy in demoralization is limited. In psychedelic therapy, meaning-making is a typical feature, and existential interventions are commonly integrated. Finally, early clinical trial data indicate that psychedelic therapies show promise for existential distress, including demoralization. CONCLUSIONS: Novel approaches are needed to address existential distress, especially when manifested as demoralization. Psychedelic therapy is a promising combined pharmacologic and psychological intervention that promotes meaning-making and shows potential for improving demoralization, warranting further investigation.",0,"[0.9871391654014587, 0.012860768474638462]","['Demoralization', 'LSD', 'existential distress', 'meaning', 'palliative', 'psilocybin', 'psychedelic']",41173063,https://pubmed.ncbi.nlm.nih.gov/41173063/,10.1016/j.jpainsymman.2025.10.015,2025,"CONTEXT: Meaning is a primary existential concern in those with advanced illnesses and functions as an important coping mechanism. Loss of meaning contributes to existential distress, and, in particular, may manifest as demoralization, a syndrome of poor coping that is associated with negative outcomes. Psychedelics are unique psychoactive compounds that, among other properties, are proposed to enhance meaning. In the palliative setting, psychedelic therapies are under investigation for existential distress, including demoralization. OBJECTIVE: To synthesize the literature on meaning in palliative care, including the clinical impact of loss of meaning, particularly demoralization, and evidence for proposed interventions including existential psychological interventions and psychedelic therapies. METHODS: We conducted a narrative review based on a structured search within Pubmed. Articles were screened for those addressing prespecified questions derived from our objectives, and results were synthesized in narrative format. RESULTS: Loss of meaning is a hallmark feature of demoralization syndrome, a prevalent and distinct condition linked with diminished quality of life, increased symptom burden, and increased suicide risk. Existential psychological interventions improve numerous psychosocial outcomes, although evidence for their efficacy in demoralization is limited. In psychedelic therapy, meaning-making is a typical feature, and existential interventions are commonly integrated. Finally, early clinical trial data indicate that psychedelic therapies show promise for existential distress, including demoralization. CONCLUSIONS: Novel approaches are needed to address existential distress, especially when manifested as demoralization. Psychedelic therapy is a promising combined pharmacologic and psychological intervention that promotes meaning-making and shows potential for improving demoralization, warranting further investigation.",Meaning and Psychedelics in Palliative Care: A Narrative Review.,"WB. Alexander, ED. Hansen, BT. Anderson, AJ. Zarrabi, AH. Rogers, G. Loewen, ZR. Ficarro, MH. Alexander, D. Schaefer, AA. Case"
