ner_tag_id,study_id,tag,start_id,end_id,text,probability,model,norm_text,min,max,unit,per_weight_unit,weight_reference,per_time_unit,dose_type
1,3638,Dosage,404,420,"5, 10, and 20 µg",1.0,manual,"5, 10, and 20 µg",5.0,20.0,µg,,,,absolute
2,3638,Dosage,1002,1019,"5, 10, and 20 µg ",1.0,manual,"5, 10, and 20 µg",5.0,20.0,µg,,,,absolute
3,3638,Dosage,1166,1171,5 µg ,1.0,manual,5 µg,5.0,5.0,µg,,,,absolute
4,3638,Dosage,1237,1243,10 µg ,1.0,manual,10 µg,10.0,10.0,µg,,,,absolute
5,3638,Dosage,1408,1414,10 µg ,1.0,manual,10 µg,10.0,10.0,µg,,,,absolute
6,3638,Dosage,1483,1489,20 µg ,1.0,manual,20 µg,20.0,20.0,µg,,,,absolute
7,3638,Dosage,1672,1680,5-20 µg ,1.0,manual,5-20 µg,5.0,20.0,µg,,,,absolute
8,3638,Dosage,1783,1788,10 µg,1.0,manual,10 µg,10.0,10.0,µg,,,,absolute
9,1961,Dosage,1294,1304,0.26 mg/kg,1.0,manual,0.26 mg/kg,0.26,0.26,mg,kg,1.0,,relative_weight
10,1961,Dosage,1344,1357,0.25 mg/kg/h ,1.0,manual,0.25 mg/kg/h,0.25,0.25,mg,kg,1.0,h,relative_weight_time
11,6361,Application area,44,83,treatment-resistant major depression.^ ,1.0,manual,,,,,,,,
12,6361,Application area,184,230,treatment-resistant major depressive disorder ,1.0,manual,,,,,,,,
13,6361,Application area,231,234,MDD,1.0,manual,,,,,,,,
14,6361,Application area,240,258,bipolar depression,1.0,manual,,,,,,,,
15,6361,Dosage,702,711,0.5 mg/kg,1.0,manual,0.5 mg/kg,0.5,0.5,mg,kg,1.0,,relative_weight
16,1866,Application area,42,67,Major Depressive Disorder,1.0,manual,,,,,,,,
17,1866,Application area,111,137,Major depressive disorder ,1.0,manual,,,,,,,,
18,1866,Application area,138,141,MDD,1.0,manual,,,,,,,,
19,1866,Application area,415,445,treatment-resistant depression,1.0,manual,,,,,,,,
20,1866,Dosage,1469,1480,20 mg/70 kg,1.0,manual,20 mg/70 kg,20.0,20.0,mg,kg,70.0,,relative_weight
21,1866,Dosage,1493,1504,30 mg/70 kg,1.0,manual,30 mg/70 kg,30.0,30.0,mg,kg,70.0,,relative_weight
22,6295,Application area,54,76,Opioid Use Disorder.^ ,1.0,manual,,,,,,,,
23,6295,Dosage,180,185,30 mg,1.0,manual,30 mg,30.0,30.0,mg,,,,absolute
24,6295,Dosage,232,236,1 mg,1.0,manual,1 mg,1.0,1.0,mg,,,,absolute
25,6295,Application area,411,415,OUD ,1.0,manual,,,,,,,,
26,6295,Dosage,1376,1380,1 mg,1.0,manual,1 mg,1.0,1.0,mg,,,,absolute
27,6295,Dosage,1400,1404,30mg,1.0,manual,30 mg,30.0,30.0,mg,,,,absolute
28,153,Application area,78,109,Post-Traumatic Stress Disorder ,1.0,manual,,,,,,,,
29,153,Application area,117,125,PTSD).^ ,1.0,manual,,,,,,,,
30,153,Application area,354,385,post‐traumatic stress disorder ,1.0,manual,,,,,,,,
31,153,Application area,386,390,PTSD,1.0,manual,,,,,,,,
32,153,Dosage,808,816,1 mg/kg ,1.0,manual,1 mg/kg,1.0,1.0,mg,kg,1.0,,relative_weight
33,153,Dosage,1127,1135,1 mg/kg ,1.0,manual,1 mg/kg,1.0,1.0,mg,kg,1.0,,relative_weight
34,153,Dosage,1368,1376,1 mg/kg ,1.0,manual,1 mg/kg,1.0,1.0,mg,kg,1.0,,relative_weight
35,8470,Application area,136,169,treatment resistant depression.^ ,1.0,manual,,,,,,,,
36,8470,Application area,686,717,treatment resistant depression ,1.0,manual,,,,,,,,
37,6450,Application area,66,85,bipolar disorder.^ ,1.0,manual,,,,,,,,
38,6450,Application area,210,227,bipolar disorder ,1.0,manual,,,,,,,,
39,6450,Application area,228,230,BD,1.0,manual,,,,,,,,
40,6450,Application area,313,315,BD,1.0,manual,,,,,,,,
41,1364,Application area,25,35,depression,1.0,manual,,,,,,,,
42,1364,Application area,437,447,depression,1.0,manual,,,,,,,,
43,1364,Dosage,1396,1413,0.1 to 0.5 mg/Kg ,1.0,manual,0.1-0.5 mg/kg,0.1,0.5,mg,kg,1.0,,relative_weight
44,1364,Dosage,1437,1449,0.5–1 mg/Kg ,1.0,manual,0.5–1 mg/kg,0.5,0.5,mg,kg,1.0,,relative_weight
45,3492,Application area,102,125,alcohol use disorder.^ ,1.0,manual,,,,,,,,
46,3492,Application area,224,245,alcohol use disorder ,1.0,manual,,,,,,,,
47,3492,Application area,246,249,AUD,1.0,manual,,,,,,,,
48,3492,Dosage,751,757,25 mg ,1.0,manual,25 mg,25.0,25.0,mg,,,,absolute
49,980,Application area,81,104,acute traumatic pain.^ ,1.0,manual,,,,,,,,
50,980,Application area,339,363,acute limbs’ trauma pain,1.0,manual,,,,,,,,
51,2912,Application area,98,115,opioid-dependent ,1.0,manual,,,,,,,,
52,2912,Application area,126,144,Opioid dependence ,1.0,manual,,,,,,,,
53,2912,Application area,236,253,opioid‐dependent ,1.0,manual,,,,,,,,
54,2912,Application area,921,938,opioid‐dependent ,1.0,manual,,,,,,,,
55,2912,Dosage,1737,1743,80 mg ,1.0,manual,80 mg,80.0,80.0,mg,,,,absolute
56,2912,Dosage,1788,1808,"10, 20, 30, or 40 mg",1.0,manual,"10, 20, 30, or 40 mg",10.0,40.0,mg,,,,absolute
57,2912,Dosage,2396,2401,80mg ,1.0,manual,80 mg,80.0,80.0,mg,,,,absolute
58,2912,Dosage,2404,2410,670 mg,1.0,manual,670 mg,670.0,670.0,mg,,,,absolute
59,2912,Dosage,2468,2474,653 mg,1.0,manual,653 mg,653.0,653.0,mg,,,,absolute
60,2912,Dosage,2482,2492,640‐670 mg,1.0,manual,640‐670 mg,640.0,670.0,mg,,,,absolute
61,4798,Application area,34,60,major depressive disorder ,1.0,manual,,,,,,,,
62,4798,Application area,64,82,bipolar depression,1.0,manual,,,,,,,,
63,4798,Application area,222,232,depression,1.0,manual,,,,,,,,
64,4798,Application area,419,439,depressive symptoms ,1.0,manual,,,,,,,,
65,4798,Application area,475,499,major depressive episode,1.0,manual,,,,,,,,
66,6362,Application area,292,338,treatment-resistant major depressive disorder ,1.0,manual,,,,,,,,
67,6362,Application area,339,342,TRD,1.0,manual,,,,,,,,
68,6362,Application area,532,542,depressed ,1.0,manual,,,,,,,,
69,6362,Dosage,804,813,0.5mg/kg ,1.0,manual,0.5 mg/kg,0.5,0.5,mg,kg,1.0,,relative_weight
70,8836,Application area,78,114,Treatment-Resistant Major Depression,1.0,manual,,,,,,,,
71,8836,Dosage,474,484,0.5 mg/kg ,1.0,manual,0.5 mg/kg,0.5,0.5,mg,kg,1.0,,relative_weight
72,8836,Application area,487,518,treatment-resistant depression ,1.0,manual,,,,,,,,
73,8836,Application area,519,522,TRD,1.0,manual,,,,,,,,
74,8836,Dosage,659,668,0.5 mg/kg,1.0,manual,0.5 mg/kg,0.5,0.5,mg,kg,1.0,,relative_weight
75,8836,Dosage,1584,1594,0.5 mg/kg ,1.0,manual,0.5 mg/kg,0.5,0.5,mg,kg,1.0,,relative_weight
76,2605,Application area,30,41,Depression ,1.0,manual,,,,,,,,
77,2605,Application area,157,168,Depression ,1.0,manual,,,,,,,,
78,2605,Application area,338,349,depression ,1.0,manual,,,,,,,,
79,2605,Dosage,852,861,0.5 mg/kg,1.0,manual,0.5 mg/kg,0.5,0.5,mg,kg,1.0,,relative_weight
80,2207,Application area,94,101,PTSD.^ ,1.0,manual,,,,,,,,
81,2207,Application area,395,399,PTSD,1.0,manual,,,,,,,,
82,2207,Dosage,663,673,0.5 mg/kg ,1.0,manual,0.5 mg/kg,0.5,0.5,mg,kg,1.0,,relative_weight
83,4574,Dosage,910,921,0.26 mg/kg ,1.0,manual,0.26 mg/kg,0.26,0.26,mg,kg,1.0,,relative_weight
84,4574,Dosage,945,960,0.65 mg/kg/hour,1.0,manual,0.65 mg/kg/h,0.65,0.65,mg,kg,1.0,h,relative_weight_time
85,6268,Dosage,223,228,60 mg,1.0,manual,60 mg,60.0,60.0,mg,,,,absolute
86,6268,Dosage,257,262,1 mg ,1.0,manual,1 mg,1.0,1.0,mg,,,,absolute
87,176,Application area,57,110,treatment-refractory obsessive-compulsive disorder.^ ,1.0,manual,,,,,,,,
88,176,Application area,191,232,Refractory obsessive-compulsive disorder ,1.0,manual,,,,,,,,
89,176,Application area,233,236,OCD,1.0,manual,,,,,,,,
90,176,Application area,285,310,chronic suicidal ideation,1.0,manual,,,,,,,,
91,5598,Application area,18,28,depression,1.0,manual,,,,,,,,
92,5598,Application area,164,190,major depressive disorder ,1.0,manual,,,,,,,,
93,5598,Dosage,1121,1138,0.5 to 1.25 mg/kg,1.0,manual,0.5-1.25 mg/kg,0.5,1.25,mg,kg,1.0,,relative_weight
94,2487,Application area,32,50,suicidal ideation ,1.0,manual,,,,,,,,
95,2487,Application area,53,60,cancer ,1.0,manual,,,,,,,,
96,2487,Application area,206,224,suicidal ideation ,1.0,manual,,,,,,,,
97,2487,Application area,236,247,depression ,1.0,manual,,,,,,,,
98,2420,Application area,127,147,Parkinson’s disease ,1.0,manual,,,,,,,,
99,2420,Application area,789,809,Parkinson's disease ,1.0,manual,,,,,,,,
100,2118,Application area,101,127,major depressive disorder ,1.0,manual,,,,,,,,
101,2118,Application area,205,216,depression ,1.0,manual,,,,,,,,
102,2118,Application area,452,463,depression ,1.0,manual,,,,,,,,
103,2118,Dosage,1540,1547,5-15 µg,1.0,manual,5-15 µg,5.0,15.0,µg,,,,absolute
104,305,Application area,122,152,Treatment Resistant Depression,1.0,manual,,,,,,,,
105,305,Application area,239,250,depression ,1.0,manual,,,,,,,,
106,305,Application area,350,381,Treatment Resistant Depression ,1.0,manual,,,,,,,,
107,305,Application area,382,385,TRD,1.0,manual,,,,,,,,
108,305,Application area,421,425,TRD ,1.0,manual,,,,,,,,
109,777,Application area,38,48,depressed ,1.0,manual,,,,,,,,
110,777,Application area,196,207,depression ,1.0,manual,,,,,,,,
111,777,Application area,434,444,depression,1.0,manual,,,,,,,,
112,777,Dosage,579,587,.5 mg/kg,1.0,manual,0.5 mg/kg,0.5,0.5,mg,kg,1.0,,relative_weight
113,1240,Application area,84,95,Depression ,1.0,manual,,,,,,,,
114,1240,Application area,99,111,Suicidality ,1.0,manual,,,,,,,,
115,1240,Application area,144,151,Suicide,1.0,manual,,,,,,,,
116,1240,Application area,367,383,major depression,1.0,manual,,,,,,,,
117,1240,Application area,395,406,suicidality,1.0,manual,,,,,,,,
118,1240,Application area,438,446,suicide ,1.0,manual,,,,,,,,
119,1240,Dosage,578,583,84 mg,1.0,manual,84 mg,84.0,84.0,mg,,,,absolute
120,1441,Application area,545,576,treatment-resistant depression ,1.0,manual,,,,,,,,
121,1441,Application area,577,580,TRD,1.0,manual,,,,,,,,
122,1441,Dosage,601,611,0.5 mg/kg ,1.0,manual,0.5 mg/kg,0.5,0.5,mg,kg,1.0,,relative_weight
123,1441,Dosage,621,631,0.2 mg/kg ,1.0,manual,0.2 mg/kg,0.2,0.2,mg,kg,1.0,,relative_weight
124,1441,Dosage,1101,1111,0.5 mg/kg ,1.0,manual,0.5 mg/kg,0.5,0.5,mg,kg,1.0,,relative_weight
125,1441,Dosage,1124,1134,0.2 mg/kg ,1.0,manual,0.2 mg/kg,0.2,0.2,mg,kg,1.0,,relative_weight
126,1441,Dosage,1339,1349,0.2 mg/kg ,1.0,manual,0.2 mg/kg,0.2,0.2,mg,kg,1.0,,relative_weight
127,1441,Dosage,1476,1486,0.5 mg/kg ,1.0,manual,0.5 mg/kg,0.5,0.5,mg,kg,1.0,,relative_weight
128,2232,Application area,68,96,major depressive disorder.^ ,1.0,manual,,,,,,,,
129,2232,Application area,331,341,depression,1.0,manual,,,,,,,,
130,2232,Dosage,929,936,.5mg/kg,1.0,manual,0.5 mg/kg,0.5,0.5,mg,kg,1.0,,relative_weight
131,3371,Dosage,247,253,25 mg ,1.0,manual,25 mg,25.0,25.0,mg,,,,absolute
132,3371,Dosage,263,269,10 mg ,1.0,manual,10 mg,10.0,10.0,mg,,,,absolute
133,3371,Dosage,515,520,25 mg,1.0,manual,25 mg,25.0,25.0,mg,,,,absolute
134,3598,Application area,47,58,Depression ,1.0,manual,,,,,,,,
135,3598,Application area,62,69,Anxiety,1.0,manual,,,,,,,,
136,3598,Application area,568,579,depression ,1.0,manual,,,,,,,,
137,3598,Application area,583,590,anxiety,1.0,manual,,,,,,,,
138,3820,Application area,19,38,anxious depression ,1.0,manual,,,,,,,,
139,3820,Application area,126,145,anxious depression ,1.0,manual,,,,,,,,
140,3820,Application area,241,262,nonanxious depression,1.0,manual,,,,,,,,
141,3820,Application area,425,435,depression,1.0,manual,,,,,,,,
142,3820,Application area,542,561,anxious depression ,1.0,manual,,,,,,,,
143,3820,Dosage,751,761,0.5 mg/kg ,1.0,manual,0.5 mg/kg,0.5,0.5,mg,kg,1.0,,relative_weight
144,4916,Application area,137,158,postpartum depression,1.0,manual,,,,,,,,
145,4916,Application area,296,318,postpartum depression ,1.0,manual,,,,,,,,
146,4916,Application area,319,322,PPD,1.0,manual,,,,,,,,
147,4916,Application area,447,450,PPD,1.0,manual,,,,,,,,
148,4916,Dosage,1106,1115,0.5 mg/kg,1.0,manual,0.5 mg/kg,0.5,0.5,mg,kg,1.0,,relative_weight
149,5020,Dosage,899,910,0.25 mg/kg ,1.0,manual,0.25 mg/kg,0.25,0.25,mg,kg,1.0,,relative_weight
150,5020,Dosage,1001,1011,0.5 mg/kg ,1.0,manual,0.5 mg/kg,0.5,0.5,mg,kg,1.0,,relative_weight
151,5020,Dosage,3183,3193,0.5 mg/kg ,1.0,manual,0.5 mg/kg,0.5,0.5,mg,kg,1.0,,relative_weight
152,5020,Dosage,3438,3448,0.5 mg/kg ,1.0,manual,0.5 mg/kg,0.5,0.5,mg,kg,1.0,,relative_weight
153,5705,Application area,114,147,treatment-resistant depression.^ ,1.0,manual,,,,,,,,
154,5705,Application area,274,305,treatment-resistant depression ,1.0,manual,,,,,,,,
155,5705,Application area,306,309,TRD,1.0,manual,,,,,,,,
156,5705,Application area,686,690,TRD ,1.0,manual,,,,,,,,
157,5968,Application area,36,56,depressive symptoms ,1.0,manual,,,,,,,,
158,5968,Application area,71,103,severe major depressive disorder,1.0,manual,,,,,,,,
159,5968,Application area,573,599,major depressive disorder ,1.0,manual,,,,,,,,
160,5968,Application area,600,603,MDD,1.0,manual,,,,,,,,
161,5968,Application area,620,638,suicidal ideation ,1.0,manual,,,,,,,,
162,5968,Application area,732,752,depressive symptoms ,1.0,manual,,,,,,,,
163,5968,Application area,767,771,MDD ,1.0,manual,,,,,,,,
164,5968,Application area,776,800,acute suicidal ideation ,1.0,manual,,,,,,,,
165,5968,Application area,878,898,depressive symptoms ,1.0,manual,,,,,,,,
166,5968,Application area,915,933,severe depression ,1.0,manual,,,,,,,,
167,5968,Dosage,1438,1444,84 mg ,1.0,manual,84 mg,84.0,84.0,mg,,,,absolute
168,6000,Application area,53,85,Posttraumatic Stress Disorder.^ ,1.0,manual,,,,,,,,
169,6000,Application area,85,115,Posttraumatic stress disorder ,1.0,manual,,,,,,,,
170,6000,Application area,116,120,PTSD,1.0,manual,,,,,,,,
171,6000,Application area,290,295,PTSD ,1.0,manual,,,,,,,,
172,6000,Application area,585,589,PTSD,1.0,manual,,,,,,,,
173,6000,Application area,689,694,PTSD ,1.0,manual,,,,,,,,
174,6000,Dosage,1962,1969,125 mg ,1.0,manual,125 mg,125.0,125.0,mg,,,,absolute
175,6000,Dosage,4129,4136,125 mg ,1.0,manual,125 mg,125.0,125.0,mg,,,,absolute
176,6000,Dosage,4168,4176,62.5 mg ,1.0,manual,62.5 mg,62.5,62.5,mg,,,,absolute
177,6044,Application area,336,355,nicotine dependent ,1.0,manual,,,,,,,,
178,6044,Dosage,2068,2079,30 mg/70 kg,1.0,manual,30 mg/70 kg,30.0,30.0,mg,kg,70.0,,relative_weight
179,6103,Application area,54,61,PTSD.^ ,1.0,manual,,,,,,,,
180,6103,Application area,61,66,PTSD ,1.0,manual,,,,,,,,
181,6103,Application area,148,153,PTSD ,1.0,manual,,,,,,,,
182,6103,Application area,311,316,PTSD ,1.0,manual,,,,,,,,
183,6103,Application area,587,592,PTSD ,1.0,manual,,,,,,,,
184,6103,Application area,740,745,PTSD ,1.0,manual,,,,,,,,
185,6103,Application area,959,964,PTSD ,1.0,manual,,,,,,,,
186,6103,Application area,1540,1544,PTSD,1.0,manual,,,,,,,,
187,6103,Application area,1786,1790,PTSD,1.0,manual,,,,,,,,
188,6103,Dosage,2984,2990,80 mg ,1.0,manual,80 mg,80.0,80.0,mg,,,,absolute
189,6103,Dosage,2993,3000,120 mg ,1.0,manual,120 mg,120.0,120.0,mg,,,,absolute
190,6103,Dosage,3167,3178,40 or 60 mg,1.0,manual,40 or 60 mg,40.0,60.0,mg,,,,absolute
191,6103,Dosage,3258,3270,80 mg to 180,1.0,manual,80 mg-180,80.0,180.0,mg,,,,absolute
192,6221,Application area,63,89,Major Depressive Disorder ,1.0,manual,,,,,,,,
193,6221,Application area,109,119,Suicide.^ ,1.0,manual,,,,,,,,
194,6221,Application area,192,196,MDD ,1.0,manual,,,,,,,,
195,6221,Application area,216,224,suicide ,1.0,manual,,,,,,,,
196,6221,Dosage,396,401,90 mg,1.0,manual,90 mg,90.0,90.0,mg,,,,absolute
197,6221,Dosage,507,512,90 mg,1.0,manual,90 mg,90.0,90.0,mg,,,,absolute
198,8606,Application area,204,317,"treatment-resistant obsessive compulsive, post-traumatic stress, generalised anxiety and social anxiety disorders",1.0,manual,,,,,,,,
199,8606,Dosage,767,775,1 mg/kg ,1.0,manual,1 mg/kg,1.0,1.0,mg,kg,1.0,,relative_weight
200,8889,Dosage,568,578,0.6 mg/min,1.0,manual,0.6 mg/min,0.6,0.6,mg,,,min,relative_time
201,8889,Dosage,596,604,1 mg/min,1.0,manual,1 mg/min,1.0,1.0,mg,,,min,relative_time
202,8889,Dosage,633,639,15 mg ,1.0,manual,15 mg,15.0,15.0,mg,,,,absolute
203,8889,Dosage,641,651,0.6 mg/min,1.0,manual,0.6 mg/min,0.6,0.6,mg,,,min,relative_time
204,8889,Dosage,686,692,25 mg ,1.0,manual,25 mg,25.0,25.0,mg,,,,absolute
205,8889,Dosage,694,702,1 mg/min,1.0,manual,1 mg/min,1.0,1.0,mg,,,min,relative_time
206,8889,Dosage,1007,1012,15 mg,1.0,manual,15 mg,15.0,15.0,mg,,,,absolute
207,8889,Dosage,1024,1029,25 mg,1.0,manual,25 mg,25.0,25.0,mg,,,,absolute
208,8889,Dosage,1137,1152,0.6 or 1 mg/min,1.0,manual,0.6 or 1 mg/min,0.6,1.0,mg,,,min,relative_time
209,3178,Application area,351,376,"0, 5, 10, 20, 30 mg/70 kg",1.0,manual,,,,,,,,
210,3178,Application area,1055,1076,20 and/or 30 mg/70 kg,1.0,manual,,,,,,,,
211,3178,Application area,1793,1812,20 and 30 mg/70 kg ,1.0,manual,,,,,,,,
212,8320,Dosage,738,756,0.04 and 0.4 mg/kg,1.0,manual,0.04 and 0.4 mg/kg,0.04,0.4,mg,kg,1.0,,relative_weight
213,8320,Dosage,1562,1580,0.2 and 0.4 mg/kg ,1.0,manual,0.2 and 0.4 mg/kg,0.2,0.4,mg,kg,1.0,,relative_weight
214,8320,Dosage,2033,2051,0.1 and 0.05 mg/kg,1.0,manual,0.1 and 0.05 mg/kg,0.05,0.1,mg,kg,1.0,,relative_weight
215,8320,Dosage,2102,2112,0.1 mg/kg ,1.0,manual,0.1 mg/kg,0.1,0.1,mg,kg,1.0,,relative_weight
216,7224,Application area,89,102,depression.^ ,1.0,manual,,,,,,,,
217,7224,Application area,184,210,major depressive disorder ,1.0,manual,,,,,,,,
218,7224,Application area,211,214,MDD,1.0,manual,,,,,,,,
219,8457,Dosage,619,643,"75, 110 and 145 mg/70 kg",1.0,manual,"75, 110 and 145 mg/70 kg",75.0,145.0,mg,kg,70.0,,relative_weight
220,2117,Application area,87,97,borderline,1.0,manual,,,,,,,,
221,2117,Application area,611,643,borderline personality disorder ,1.0,manual,,,,,,,,
222,2117,Application area,644,647,BPD,1.0,manual,,,,,,,,
223,3631,Dosage,496,514,"15, 25, and 30 mg ",1.0,manual,"15, 25, and 30 mg",15.0,30.0,mg,,,,absolute
224,3631,Dosage,1262,1280,"15, 25, and 30 mg ",1.0,manual,"15, 25, and 30 mg",15.0,30.0,mg,,,,absolute
225,3631,Dosage,1498,1516,"15, 25, and 30 mg ",1.0,manual,"15, 25, and 30 mg",15.0,30.0,mg,,,,absolute
226,2556,Application area,22,53,treatment resistant depression ,1.0,manual,,,,,,,,
227,2556,Application area,168,199,treatment resistant depression ,1.0,manual,,,,,,,,
228,2556,Application area,200,203,TRD,1.0,manual,,,,,,,,
229,2556,Application area,368,372,TRD ,1.0,manual,,,,,,,,
230,2556,Application area,620,624,TRD ,1.0,manual,,,,,,,,
231,2556,Application area,669,673,TRD ,1.0,manual,,,,,,,,
232,2556,Dosage,779,787,0.5mg/kg,1.0,manual,0.5 mg/kg,0.5,0.5,mg,kg,1.0,,relative_weight
233,1254,Dosage,598,617,"10, 20, 30 mg/70 kg",1.0,manual,"10, 20, 30 mg/70 kg",10.0,30.0,mg,kg,70.0,,relative_weight
234,7903,Dosage,602,612,0.5 mg/kg ,1.0,manual,0.5 mg/kg,0.5,0.5,mg,kg,1.0,,relative_weight
235,8611,Application area,145,178,Treatment-Resistant Depression.^ ,1.0,manual,,,,,,,,
236,8611,Application area,343,373,treatment-resistant depression,1.0,manual,,,,,,,,
237,8611,Application area,721,751,treatment-resistant depression,1.0,manual,,,,,,,,
238,8611,Dosage,998,1016,ketamine 0.5 mg/kg,1.0,manual,0.5 mg/kg,0.5,0.5,mg,kg,1.0,,relative_weight
239,8611,Dosage,1034,1043,0.2 mg/kg,1.0,manual,0.2 mg/kg,0.2,0.2,mg,kg,1.0,,relative_weight
240,8611,Dosage,1826,1836,0.5 mg/kg ,1.0,manual,0.5 mg/kg,0.5,0.5,mg,kg,1.0,,relative_weight
241,8611,Dosage,1840,1849,0.2 mg/kg,1.0,manual,0.2 mg/kg,0.2,0.2,mg,kg,1.0,,relative_weight
242,6591,Dosage,485,493,1 mg/kg ,1.0,manual,1 mg/kg,1.0,1.0,mg,kg,1.0,,relative_weight
243,6591,Dosage,576,584,3 mg/kg ,1.0,manual,3 mg/kg,3.0,3.0,mg,kg,1.0,,relative_weight
244,6591,Dosage,659,667,3 mg/kg ,1.0,manual,3 mg/kg,3.0,3.0,mg,kg,1.0,,relative_weight
245,5738,Dosage,1045,1051,100 mg,1.0,manual,100 mg,100.0,100.0,mg,,,,absolute
246,7945,Application area,24,32,Suicide ,1.0,manual,,,,,,,,
247,7945,Application area,67,85,Acute Suicidality ,1.0,manual,,,,,,,,
248,7945,Application area,146,154,Suicide ,1.0,manual,,,,,,,,
249,7945,Application area,260,271,suicidality,1.0,manual,,,,,,,,
250,7945,Application area,343,361,suicidal thoughts ,1.0,manual,,,,,,,,
251,7945,Application area,430,438,suicide ,1.0,manual,,,,,,,,
252,7945,Dosage,1096,1105,0.5 mg/kg,1.0,manual,0.5 mg/kg,0.5,0.5,mg,kg,1.0,,relative_weight
253,3533,Dosage,379,386,100 mg ,1.0,manual,100 mg,100.0,100.0,mg,,,,absolute
254,3533,Dosage,417,424,100 mg ,1.0,manual,100 mg,100.0,100.0,mg,,,,absolute
255,3354,Application area,85,106,postpartum depression,1.0,manual,,,,,,,,
256,3354,Application area,152,174,Postpartum depression ,1.0,manual,,,,,,,,
257,3354,Application area,175,178,PPD,1.0,manual,,,,,,,,
258,3354,Application area,289,292,PPD,1.0,manual,,,,,,,,
259,3354,Application area,401,405,PPD ,1.0,manual,,,,,,,,
260,3354,Dosage,800,810,0.5 mg/kg ,1.0,manual,0.5 mg/kg,0.5,0.5,mg,kg,1.0,,relative_weight
261,3354,Dosage,1921,1934,(0.01 mg/kg/h,1.0,manual,0.01 mg/kg/h,0.01,0.01,mg,kg,1.0,h,relative_weight_time
262,1958,Dosage,566,577,13 or 26 μg,1.0,manual,13 or 26 μg,13.0,26.0,μg,,,,absolute
263,1958,Dosage,675,681,13 μg ,1.0,manual,13 μg,13.0,13.0,μg,,,,absolute
264,1958,Dosage,698,704,26 μg ,1.0,manual,26 μg,26.0,26.0,μg,,,,absolute
265,3765,Dosage,1290,1310,"0, 5, 10, and 20 mcg",1.0,manual,"0, 5, 10, and 20 µg",0.0,20.0,µg,,,,absolute
266,3765,Dosage,1686,1704,"5, 10, and 20 mcg ",1.0,manual,"5, 10, and 20 µg",5.0,20.0,µg,,,,absolute
267,3765,Dosage,2598,2609,N(5 mcg)=10,1.0,manual,5 µg=10,5.0,10.0,µg,,,,absolute
268,3765,Dosage,2611,2622,N(10 mcg)= ,1.0,manual,10 µg=,10.0,10.0,µg,,,,absolute
269,3765,Dosage,2628,2637,20 mcg)=8,1.0,manual,20 µg=8,20.0,8.0,µg,,,,absolute
270,3765,Dosage,2875,2892,"5, 10 and 20 mcg ",1.0,manual,"5, 10 and 20 µg",5.0,20.0,µg,,,,absolute
271,3765,Dosage,3575,3582,20 mcg ,1.0,manual,20 µg,20.0,20.0,µg,,,,absolute
272,3765,Dosage,3701,3708,10 mcg ,1.0,manual,10 µg,10.0,10.0,µg,,,,absolute
273,3765,Dosage,3897,3904,10 mcg ,1.0,manual,10 µg,10.0,10.0,µg,,,,absolute
274,3765,Dosage,4514,4520,5 mcg ,1.0,manual,5 µg,5.0,5.0,µg,,,,absolute
275,3765,Dosage,4577,4584,10 mcg ,1.0,manual,10 µg,10.0,10.0,µg,,,,absolute
276,3765,Dosage,4601,4608,20 mcg ,1.0,manual,20 µg,20.0,20.0,µg,,,,absolute
277,9339,Application area,67,83,Major Depression,1.0,manual,,,,,,,,
278,9339,Application area,333,344,suicidality,1.0,manual,,,,,,,,
279,9339,Dosage,967,977,0.5 mg/kg ,1.0,manual,0.5 mg/kg,0.5,0.5,mg,kg,1.0,,relative_weight
280,9339,Dosage,1039,1045,50 mg ,1.0,manual,50 mg,50.0,50.0,mg,,,,absolute
281,9339,Dosage,1081,1095,0.1-0.4 mg/kg ,1.0,manual,0.1-0.4 mg/kg,0.1,0.4,mg,kg,1.0,,relative_weight
282,9339,Dosage,1122,1136,0.1-0.5 mg/kg ,1.0,manual,0.1-0.5 mg/kg,0.1,0.5,mg,kg,1.0,,relative_weight
283,6954,Application area,42,70,Severe Ethanol Withdrawal.^ ,1.0,manual,,,,,,,,
284,6954,Application area,160,185,severe ethanol withdrawal,1.0,manual,,,,,,,,
285,6954,Application area,337,362,severe ethanol withdrawal,1.0,manual,,,,,,,,
286,6954,Dosage,877,895,0.15-0.3 mg/kg/hr ,1.0,manual,0.15-0.3 mg/kg/h,0.15,0.3,mg,kg,1.0,h,relative_weight_time
287,6954,Dosage,1007,1016,0.3 mg/kg,1.0,manual,0.3 mg/kg,0.3,0.3,mg,kg,1.0,,relative_weight
288,5032,Application area,58,84,major depressive disorder ,1.0,manual,,,,,,,,
289,5032,Application area,89,106,suicidal ideation,1.0,manual,,,,,,,,
290,5032,Application area,171,197,Major depressive disorder ,1.0,manual,,,,,,,,
291,5032,Application area,198,201,MDD,1.0,manual,,,,,,,,
292,5032,Application area,229,236,suicide,1.0,manual,,,,,,,,
293,5032,Application area,256,260,MDD ,1.0,manual,,,,,,,,
294,5032,Application area,280,288,suicide ,1.0,manual,,,,,,,,
295,5032,Application area,334,338,MDD ,1.0,manual,,,,,,,,
296,5032,Application area,409,428,suicidal behaviors ,1.0,manual,,,,,,,,
297,5032,Application area,640,658,suicidal ideation ,1.0,manual,,,,,,,,
298,5032,Application area,662,682,depressive symptoms ,1.0,manual,,,,,,,,
299,5032,Application area,685,689,MDD ,1.0,manual,,,,,,,,
300,5032,Application area,703,720,suicidal ideation,1.0,manual,,,,,,,,
301,5032,Application area,841,845,MDD ,1.0,manual,,,,,,,,
302,5032,Application area,859,876,suicidal ideation,1.0,manual,,,,,,,,
303,382,Application area,91,117,Major Depressive Disorder ,1.0,manual,,,,,,,,
304,382,Application area,121,143,Chronic Suicidality.^ ,1.0,manual,,,,,,,,
305,382,Application area,218,244,major depressive disorder ,1.0,manual,,,,,,,,
306,382,Application area,248,267,chronic suicidality,1.0,manual,,,,,,,,
307,382,Application area,450,459,suicidal ,1.0,manual,,,,,,,,
308,382,Application area,589,615,major depressive disorder ,1.0,manual,,,,,,,,
309,382,Application area,619,639,chronic suicidality ,1.0,manual,,,,,,,,
310,382,Application area,690,702,Suicidality ,1.0,manual,,,,,,,,
311,6364,Application area,31,50,alcohol dependence ,1.0,manual,,,,,,,,
312,6364,Application area,152,171,alcohol dependence ,1.0,manual,,,,,,,,
313,6364,Application area,235,266,unipolar and bipolar depression,1.0,manual,,,,,,,,
314,6364,Application area,464,483,alcohol dependence ,1.0,manual,,,,,,,,
315,6364,Dosage,708,720,(0.5 mg/kg) ,1.0,manual,0.5 mg/kg,0.5,0.5,mg,kg,1.0,,relative_weight
316,7554,Application area,39,50,depression ,1.0,manual,,,,,,,,
317,7554,Application area,76,117,treatment-resistant bipolar depression.^ ,1.0,manual,,,,,,,,
318,7554,Dosage,188,198,0.5 mg/kg ,1.0,manual,0.5 mg/kg,0.5,0.5,mg,kg,1.0,,relative_weight
319,7554,Application area,214,233,bipolar depressive ,1.0,manual,,,,,,,,
320,6171,Dosage,1220,1230,0.5 mg/kg ,1.0,manual,0.5 mg/kg,0.5,0.5,mg,kg,1.0,,relative_weight
321,6171,Dosage,1264,1275,2μg/kg/min ,1.0,manual,2 μg/kg/min,2.0,2.0,μg,kg,1.0,min,relative_weight_time
322,6171,Dosage,1366,1376,0.5 mg/kg ,1.0,manual,0.5 mg/kg,0.5,0.5,mg,kg,1.0,,relative_weight
323,6171,Dosage,1433,1444,4μg/kg/min ,1.0,manual,4 μg/kg/min,4.0,4.0,μg,kg,1.0,min,relative_weight_time
324,159,Dosage,660,664,75mg,1.0,manual,75 mg,75.0,75.0,mg,,,,absolute
325,159,Dosage,666,671,125mg,1.0,manual,125 mg,125.0,125.0,mg,,,,absolute
326,159,Dosage,673,679,175mg ,1.0,manual,175 mg,175.0,175.0,mg,,,,absolute
327,159,Dosage,682,688,225mg ,1.0,manual,225 mg,225.0,225.0,mg,,,,absolute
328,4410,Application area,179,210,Obsessive-Compulsive Disorder- ,1.0,manual,,,,,,,,
329,4410,Application area,210,216,OCD.^ ,1.0,manual,,,,,,,,
330,4410,Dosage,384,393,0.5mg/kg ,1.0,manual,0.5 mg/kg,0.5,0.5,mg,kg,1.0,,relative_weight
331,2153,Application area,96,119,social anxiety disorder,1.0,manual,,,,,,,,
332,2153,Application area,347,371,social anxiety disorder ,1.0,manual,,,,,,,,
333,2153,Application area,372,375,SAD,1.0,manual,,,,,,,,
497,4922,Application area,479,483,TRD ,1.0,manual,,,,,,,,
334,7097,Application area,60,93,treatment‐resistant depression.^ ,1.0,manual,,,,,,,,
335,7097,Application area,259,270,depressive ,1.0,manual,,,,,,,,
336,7097,Application area,311,342,treatment‐resistant depression ,1.0,manual,,,,,,,,
337,7097,Application area,343,346,TRD,1.0,manual,,,,,,,,
338,6449,Application area,69,79,depressed ,1.0,manual,,,,,,,,
339,6449,Application area,273,299,major depressive disorder ,1.0,manual,,,,,,,,
340,6449,Application area,300,303,MDD,1.0,manual,,,,,,,,
341,6449,Dosage,408,418,0.5 mg/kg ,1.0,manual,0.5 mg/kg,0.5,0.5,mg,kg,1.0,,relative_weight
342,6137,Application area,66,89,Alcohol Use Disorder.^ ,1.0,manual,,,,,,,,
343,6137,Dosage,847,853,25 mg ,1.0,manual,25 mg,25.0,25.0,mg,,,,absolute
344,4876,Application area,33,64,treatment-resistant depression ,1.0,manual,,,,,,,,
345,4876,Application area,230,261,treatment resistant depression ,1.0,manual,,,,,,,,
346,4876,Application area,262,265,TRD,1.0,manual,,,,,,,,
347,4876,Application area,452,455,TRD,1.0,manual,,,,,,,,
348,9572,Application area,101,135,unipolar and bipolar depression.^ ,1.0,manual,,,,,,,,
349,9572,Application area,490,521,unipolar and bipolar depression,1.0,manual,,,,,,,,
350,9572,Dosage,647,657,0.5 mg/kg ,1.0,manual,0.5 mg/kg,0.5,0.5,mg,kg,1.0,,relative_weight
351,790,Dosage,719,730,(0.75mg/kg ,1.0,manual,0.75 mg/kg,0.75,0.75,mg,kg,1.0,,relative_weight
352,790,Dosage,734,743,1.5mg/kg),1.0,manual,1.5 mg/kg,1.5,1.5,mg,kg,1.0,,relative_weight
353,790,Dosage,826,832,(125mg,1.0,manual,125 mg,125.0,125.0,mg,,,,absolute
354,790,Dosage,1178,1186,1.5mg/kg,1.0,manual,1.5 mg/kg,1.5,1.5,mg,kg,1.0,,relative_weight
355,5274,Dosage,1018,1025,100 mg ,1.0,manual,100 mg,100.0,100.0,mg,,,,absolute
356,2422,Application area,157,190,Treatment-resistant Depression.^ ,1.0,manual,,,,,,,,
357,2422,Application area,1900,1937,Treatment‐resistant Major Depression ,1.0,manual,,,,,,,,
358,2422,Application area,2005,2022,Major depression ,1.0,manual,,,,,,,,
359,2422,Dosage,2322,2337,(56 mg or 84 mg,1.0,manual,56 mg or 84 mg,56.0,84.0,mg,,,,absolute
360,7483,Application area,198,214,advanced cancer ,1.0,manual,,,,,,,,
361,7483,Application area,273,291,suicidal ideation ,1.0,manual,,,,,,,,
362,7483,Application area,292,294,SI,1.0,manual,,,,,,,,
363,7483,Application area,311,318,suicide,1.0,manual,,,,,,,,
364,7483,Application area,433,436,SI ,1.0,manual,,,,,,,,
365,4969,Dosage,770,781,(1.5 mg/kg ,1.0,manual,1.5 mg/kg,1.5,1.5,mg,kg,1.0,,relative_weight
366,6403,Dosage,175,181,15 mg ,1.0,manual,15 mg,15.0,15.0,mg,,,,absolute
367,2482,Dosage,541,548,of 5 μg,1.0,manual,5 μg,5.0,5.0,μg,,,,absolute
368,2482,Dosage,550,555,10 μg,1.0,manual,10 μg,10.0,10.0,μg,,,,absolute
369,2482,Dosage,561,567,20 μg ,1.0,manual,20 μg,20.0,20.0,μg,,,,absolute
370,2482,Dosage,896,900,5 μg,1.0,manual,5 μg,5.0,5.0,μg,,,,absolute
371,2482,Dosage,902,907,10 μg,1.0,manual,10 μg,10.0,10.0,μg,,,,absolute
372,2482,Dosage,909,915,20 μg ,1.0,manual,20 μg,20.0,20.0,μg,,,,absolute
373,2482,Dosage,1103,1108,5 μg ,1.0,manual,5 μg,5.0,5.0,μg,,,,absolute
374,2482,Dosage,1118,1124,10 μg ,1.0,manual,10 μg,10.0,10.0,μg,,,,absolute
375,2482,Dosage,1137,1143,20 μg ,1.0,manual,20 μg,20.0,20.0,μg,,,,absolute
376,2482,Dosage,1201,1206,5 μg ,1.0,manual,5 μg,5.0,5.0,μg,,,,absolute
377,2482,Dosage,1249,1255,10 μg ,1.0,manual,10 μg,10.0,10.0,μg,,,,absolute
378,2482,Dosage,1259,1265,20 μg ,1.0,manual,20 μg,20.0,20.0,μg,,,,absolute
379,4019,Application area,73,93,alcohol use disorder,1.0,manual,,,,,,,,
380,4019,Application area,221,242,Alcohol use disorder ,1.0,manual,,,,,,,,
381,254,Application area,35,53,bipolar depression,1.0,manual,,,,,,,,
382,254,Application area,81,92,depression ,1.0,manual,,,,,,,,
383,254,Application area,231,241,depression,1.0,manual,,,,,,,,
384,6007,Dosage,1948,1954,10 mg ,1.0,manual,10 mg,10.0,10.0,mg,,,,absolute
385,6001,Application area,44,63,Major Depression.^ ,1.0,manual,,,,,,,,
386,6001,Application area,238,254,major depression,1.0,manual,,,,,,,,
387,6001,Application area,303,313,depression,1.0,manual,,,,,,,,
388,6001,Application area,470,480,depression,1.0,manual,,,,,,,,
389,6001,Application area,690,701,depression ,1.0,manual,,,,,,,,
390,56,Application area,56,117,Treatment-Resistant Bipolar Type II Major Depressive Episodes,1.0,manual,,,,,,,,
391,56,Application area,166,186,Bipolar II disorder ,1.0,manual,,,,,,,,
392,56,Application area,187,191,BDII,1.0,manual,,,,,,,,
393,56,Application area,248,286,difficult-to-treat depressive episodes,1.0,manual,,,,,,,,
394,56,Application area,385,403,bipolar depression,1.0,manual,,,,,,,,
395,56,Dosage,1071,1076,25 mg,1.0,manual,25 mg,25.0,25.0,mg,,,,absolute
396,5789,Application area,68,100,obsessive-compulsive disorder.^ ,1.0,manual,,,,,,,,
397,5789,Application area,186,216,obsessive-compulsive disorder ,1.0,manual,,,,,,,,
398,5789,Application area,217,220,OCD,1.0,manual,,,,,,,,
399,5789,Dosage,623,636,100 microg/kg,1.0,manual,100 µg/kg,100.0,100.0,µg,kg,1.0,,relative_weight
400,5789,Dosage,646,660,(200 microg/kg,1.0,manual,200 µg/kg,200.0,200.0,µg,kg,1.0,,relative_weight
401,5789,Dosage,673,686,300 microg/kg,1.0,manual,300 µg/kg,300.0,300.0,µg,kg,1.0,,relative_weight
402,5789,Dosage,744,756,25 microg/kg,1.0,manual,25 µg/kg,25.0,25.0,µg,kg,1.0,,relative_weight
403,4732,Dosage,739,749,(0.5 mg/kg,1.0,manual,0.5 mg/kg,0.5,0.5,mg,kg,1.0,,relative_weight
404,2023,Application area,30,44,suicidality.^ ,1.0,manual,,,,,,,,
405,2023,Application area,611,629,Suicidal ideation ,1.0,manual,,,,,,,,
406,2389,Application area,60,71,depression ,1.0,manual,,,,,,,,
407,8706,Dosage,679,689,0.3 mg/kg ,1.0,manual,0.3 mg/kg,0.3,0.3,mg,kg,1.0,,relative_weight
408,564,Application area,29,47,suicidal ideation ,1.0,manual,,,,,,,,
409,564,Application area,129,147,suicidal ideation ,1.0,manual,,,,,,,,
410,564,Application area,148,150,SI,1.0,manual,,,,,,,,
411,564,Application area,219,221,SI,1.0,manual,,,,,,,,
412,564,Application area,261,264,SI ,1.0,manual,,,,,,,,
413,564,Application area,393,396,SI ,1.0,manual,,,,,,,,
414,564,Application area,627,637,(0.5 mg/kg,1.0,manual,,,,,,,,
415,7573,Application area,43,69,major depressive disorder ,1.0,manual,,,,,,,,
498,4922,Dosage,813,823,0.5 mg/kg ,1.0,manual,0.5 mg/kg,0.5,0.5,mg,kg,1.0,,relative_weight
416,7573,Application area,207,223,major depression,1.0,manual,,,,,,,,
417,7573,Dosage,826,836,0.5 mg/kg ,1.0,manual,0.5 mg/kg,0.5,0.5,mg,kg,1.0,,relative_weight
418,1829,Application area,13,28,social anxiety ,1.0,manual,,,,,,,,
419,1829,Application area,67,76,autistic ,1.0,manual,,,,,,,,
420,1829,Application area,198,213,social anxiety ,1.0,manual,,,,,,,,
421,1829,Application area,216,225,autistic ,1.0,manual,,,,,,,,
422,1829,Application area,369,386,anxiety disorders,1.0,manual,,,,,,,,
423,1829,Dosage,709,721,75 to 125 mg,1.0,manual,75-125 mg,75.0,125.0,mg,,,,absolute
424,128,Application area,67,78,depression ,1.0,manual,,,,,,,,
425,128,Application area,236,246,depressed ,1.0,manual,,,,,,,,
426,128,Dosage,431,437,10 mg ,1.0,manual,10 mg,10.0,10.0,mg,,,,absolute
427,135,Application area,77,105,major depressive disorder.^ ,1.0,manual,,,,,,,,
428,135,Dosage,140,149,0.5mg/kg ,1.0,manual,0.5 mg/kg,0.5,0.5,mg,kg,1.0,,relative_weight
429,135,Application area,195,221,Major Depressive Disorder ,1.0,manual,,,,,,,,
430,687,Dosage,795,810,0.15 mg kg(-1) ,1.0,manual,0.15 mg/kg,0.15,0.15,mg,kg,1.0,,relative_weight
431,687,Dosage,872,898,1.4 microg kg(-1) min(-1) ,1.0,manual,1.4 µg/kg/min,1.4,1.4,µg,kg,1.0,min,relative_weight_time
432,791,Dosage,1360,1370,0.5 mg/kg ,1.0,manual,0.5 mg/kg,0.5,0.5,mg,kg,1.0,,relative_weight
433,1216,Dosage,696,709,75 and 125 mg,1.0,manual,75 and 125 mg,75.0,125.0,mg,,,,absolute
434,2425,Application area,73,101,major depressive disorder.^ ,1.0,manual,,,,,,,,
435,2425,Application area,244,270,Major depression disorder ,1.0,manual,,,,,,,,
436,2516,Dosage,547,553,100mg ,1.0,manual,100 mg,100.0,100.0,mg,,,,absolute
437,3216,Application area,32,50,Suicidal Thoughts ,1.0,manual,,,,,,,,
438,3216,Application area,53,69,Major Depression,1.0,manual,,,,,,,,
439,3216,Application area,168,186,suicidal ideation ,1.0,manual,,,,,,,,
440,3216,Application area,189,200,depression ,1.0,manual,,,,,,,,
441,3216,Application area,211,219,suicide ,1.0,manual,,,,,,,,
442,3216,Application area,244,262,suicidal thoughts ,1.0,manual,,,,,,,,
443,3216,Application area,342,359,suicidal ideation,1.0,manual,,,,,,,,
444,3216,Application area,472,490,suicidal ideation ,1.0,manual,,,,,,,,
445,3216,Application area,507,532,major depressive disorder,1.0,manual,,,,,,,,
446,3728,Application area,61,80,neuropathic pain.^ ,1.0,manual,,,,,,,,
447,3728,Application area,158,174,neuropathic pain,1.0,manual,,,,,,,,
448,3728,Dosage,435,445,0.2 mg/kg ,1.0,manual,0.2 mg/kg,0.2,0.2,mg,kg,1.0,,relative_weight
449,3728,Dosage,469,479,0.4 mg/kg ,1.0,manual,0.4 mg/kg,0.4,0.4,mg,kg,1.0,,relative_weight
450,4579,Dosage,791,800,0.1 mg/kg,1.0,manual,0.1 mg/kg,0.1,0.1,mg,kg,1.0,,relative_weight
451,4579,Dosage,830,839,0.5 mg/kg,1.0,manual,0.5 mg/kg,0.5,0.5,mg,kg,1.0,,relative_weight
452,5834,Application area,44,72,therapy resistant depressed ,1.0,manual,,,,,,,,
453,5834,Application area,187,215,therapy resistant depression,1.0,manual,,,,,,,,
454,5834,Application area,380,397,Major depression ,1.0,manual,,,,,,,,
455,5834,Application area,590,600,depressed ,1.0,manual,,,,,,,,
456,5834,Dosage,845,855,0.5 mg/kg ,1.0,manual,0.5 mg/kg,0.5,0.5,mg,kg,1.0,,relative_weight
457,5834,Dosage,1782,1792,0.5 mg/kg ,1.0,manual,0.5 mg/kg,0.5,0.5,mg,kg,1.0,,relative_weight
458,6357,Application area,180,226,treatment‐resistant major depressive disorder ,1.0,manual,,,,,,,,
459,6357,Application area,227,230,TRD,1.0,manual,,,,,,,,
460,6357,Application area,272,283,depression ,1.0,manual,,,,,,,,
461,6357,Application area,606,609,TRD,1.0,manual,,,,,,,,
462,6357,Dosage,1032,1040,0.5mg/kg,1.0,manual,0.5 mg/kg,0.5,0.5,mg,kg,1.0,,relative_weight
463,6684,Application area,76,92,bipolar disorder,1.0,manual,,,,,,,,
464,6684,Application area,93,106,fear of harm ,1.0,manual,,,,,,,,
465,6684,Application area,282,312,treatment resistant depression,1.0,manual,,,,,,,,
466,6684,Application area,328,345,bipolar disorder ,1.0,manual,,,,,,,,
467,6684,Application area,346,348,BD,1.0,manual,,,,,,,,
468,6684,Application area,433,446,Fear of Harm ,1.0,manual,,,,,,,,
469,6684,Application area,447,450,FOH,1.0,manual,,,,,,,,
470,6684,Application area,573,575,BD,1.0,manual,,,,,,,,
471,6684,Application area,651,654,BD ,1.0,manual,,,,,,,,
472,6684,Application area,659,662,FOH,1.0,manual,,,,,,,,
473,6952,Dosage,412,424,50 to 200 mg,1.0,manual,50-200 mg,50.0,200.0,mg,,,,absolute
474,6952,Dosage,1097,1104,100 mg ,1.0,manual,100 mg,100.0,100.0,mg,,,,absolute
475,7078,Application area,245,256,depression ,1.0,manual,,,,,,,,
476,7078,Dosage,960,971,(0.5 mg/kg ,1.0,manual,0.5 mg/kg,0.5,0.5,mg,kg,1.0,,relative_weight
477,7110,Application area,221,231,depressed ,1.0,manual,,,,,,,,
478,7110,Application area,788,798,depressed ,1.0,manual,,,,,,,,
479,422,Application area,393,416,substance use disorders,1.0,manual,,,,,,,,
480,4420,Application area,199,225,Major depressive disorder ,1.0,manual,,,,,,,,
481,4420,Application area,362,373,depression ,1.0,manual,,,,,,,,
482,4420,Application area,419,449,treatment-resistant depression,1.0,manual,,,,,,,,
483,4420,Application area,528,558,treatment-resistant depression,1.0,manual,,,,,,,,
484,4420,Application area,890,907,severe depression,1.0,manual,,,,,,,,
485,4420,Application area,1124,1155,treatment-resistant depression ,1.0,manual,,,,,,,,
486,6016,Dosage,351,357,125 mg,1.0,manual,125 mg,125.0,125.0,mg,,,,absolute
487,6869,Application area,24,54,acute cluster headache attacks,1.0,manual,,,,,,,,
488,6869,Application area,202,226,single cluster headache ,1.0,manual,,,,,,,,
489,6869,Application area,227,229,CH,1.0,manual,,,,,,,,
490,6869,Application area,293,296,CH ,1.0,manual,,,,,,,,
491,6869,Application area,432,441,CH attack,1.0,manual,,,,,,,,
492,6869,Dosage,724,730,15 mg ,1.0,manual,15 mg,15.0,15.0,mg,,,,absolute
493,4922,Application area,333,364,treatment-resistant depression ,1.0,manual,,,,,,,,
494,4922,Application area,365,368,TRD,1.0,manual,,,,,,,,
495,4922,Application area,384,402,suicidal ideation ,1.0,manual,,,,,,,,
496,4922,Application area,403,405,SI,1.0,manual,,,,,,,,
499,9277,Application area,62,73,depression ,1.0,manual,,,,,,,,
500,9277,Application area,229,254,major depressive disorder,1.0,manual,,,,,,,,
501,9277,Application area,405,450,treatment-resistant major depressive disorder,1.0,manual,,,,,,,,
502,9277,Dosage,868,878,0.5 mg/kg ,1.0,manual,0.5 mg/kg,0.5,0.5,mg,kg,1.0,,relative_weight
503,4049,Dosage,1134,1151,1.0 and 1.5 mg/kg,1.0,manual,1.0 and 1.5 mg/kg,1.0,1.5,mg,kg,1.0,,relative_weight
504,6047,Application area,66,73,PTSD.^ ,1.0,manual,,,,,,,,
505,6047,Application area,295,299,PTSD,1.0,manual,,,,,,,,
506,5688,Application area,26,37,severe PTSD,1.0,manual,,,,,,,,
507,5688,Application area,102,133,Post-traumatic stress disorder ,1.0,manual,,,,,,,,
508,5688,Application area,134,138,PTSD,1.0,manual,,,,,,,,
509,8062,Application area,26,52,major depressive disorder ,1.0,manual,,,,,,,,
510,8062,Application area,56,73,suicidal ideation,1.0,manual,,,,,,,,
511,8062,Application area,207,225,suicidal ideation ,1.0,manual,,,,,,,,
512,8062,Application area,226,228,SI,1.0,manual,,,,,,,,
513,8062,Application area,247,273,major depressive disorder ,1.0,manual,,,,,,,,
514,8062,Application area,274,277,MDD,1.0,manual,,,,,,,,
515,8062,Dosage,623,633,0.5 mg/kg ,1.0,manual,0.5 mg/kg,0.5,0.5,mg,kg,1.0,,relative_weight
516,2033,Application area,63,93,treatment-resistant depression,1.0,manual,,,,,,,,
517,2033,Application area,193,219,major depressive disorder ,1.0,manual,,,,,,,,
518,2033,Application area,220,223,MDD,1.0,manual,,,,,,,,
519,2033,Application area,334,365,treatment-resistant depression ,1.0,manual,,,,,,,,
520,2033,Application area,366,369,TRD,1.0,manual,,,,,,,,
521,2033,Application area,464,467,TRD,1.0,manual,,,,,,,,
522,2033,Application area,751,754,TRD,1.0,manual,,,,,,,,
523,7378,Application area,84,116,nonrefractory severe depression ,1.0,manual,,,,,,,,
524,7378,Application area,172,183,Depression ,1.0,manual,,,,,,,,
525,8119,Application area,35,45,depression,1.0,manual,,,,,,,,
526,8119,Application area,186,216,treatment-resistant depression,1.0,manual,,,,,,,,
527,8119,Application area,402,412,depression,1.0,manual,,,,,,,,
528,8271,Dosage,1156,1162,125 mg,1.0,manual,125 mg,125.0,125.0,mg,,,,absolute
529,4578,Dosage,388,399,0.26 mg/kg ,1.0,manual,0.26 mg/kg,0.26,0.26,mg,kg,1.0,,relative_weight
530,6643,Dosage,778,788,0.26 mg/kg,1.0,manual,0.26 mg/kg,0.26,0.26,mg,kg,1.0,,relative_weight
531,6234,Application area,190,200,depression,1.0,manual,,,,,,,,
532,6234,Application area,202,209,anxiety,1.0,manual,,,,,,,,
533,6234,Application area,237,251,demoralization,1.0,manual,,,,,,,,
534,6234,Application area,253,266,death anxiety,1.0,manual,,,,,,,,
535,6234,Application area,517,522,25mg ,1.0,manual,,,,,,,,
536,6234,Application area,565,569,1mg ,1.0,manual,,,,,,,,
537,6641,Application area,441,467,major depressive disorder ,1.0,manual,,,,,,,,
538,4356,Dosage,505,522,0.5 or 1.0 mg/kg ,1.0,manual,0.5 or 1.0 mg/kg,0.5,1.0,mg,kg,1.0,,relative_weight
539,2376,Application area,1092,1119,severe unipolar depression ,1.0,manual,,,,,,,,
540,8052,Application area,110,143,Treatment-Resistant Depression.^ ,1.0,manual,,,,,,,,
541,8052,Application area,289,319,treatment-resistant depression,1.0,manual,,,,,,,,
542,8052,Application area,484,514,treatment-resistant depression,1.0,manual,,,,,,,,
543,8052,Dosage,680,690,0.5 mg/kg ,1.0,manual,0.5 mg/kg,0.5,0.5,mg,kg,1.0,,relative_weight
544,8052,Dosage,1952,1962,0.5 mg/kg ,1.0,manual,0.5 mg/kg,0.5,0.5,mg,kg,1.0,,relative_weight
545,1488,Application area,83,113,treatment-resistant depression,1.0,manual,,,,,,,,
546,1488,Dosage,203,211,0.5mg/kg,1.0,manual,0.5 mg/kg,0.5,0.5,mg,kg,1.0,,relative_weight
547,8413,Application area,156,185,major depressive disorder(MDD,1.0,manual,,,,,,,,
548,4641,Dosage,676,694,"0, 75, and 100 mg ",1.0,manual,"0, 75, and 100 mg",0.0,100.0,mg,,,,absolute
549,5828,Dosage,386,392,84 mg ,1.0,manual,84 mg,84.0,84.0,mg,,,,absolute
550,161,Application area,26,57,Post-Traumatic Stress Disorder ,1.0,manual,,,,,,,,
551,161,Dosage,613,619,120mg ,1.0,manual,120 mg,120.0,120.0,mg,,,,absolute
552,161,Dosage,647,652,40mg ,1.0,manual,40 mg,40.0,40.0,mg,,,,absolute
553,4101,Application area,41,64,substance use disorders,1.0,manual,,,,,,,,
554,4101,Application area,166,190,substance use disorders ,1.0,manual,,,,,,,,
555,4101,Application area,191,195,SUDs,1.0,manual,,,,,,,,
556,4101,Application area,602,606,SUDs,1.0,manual,,,,,,,,
557,4652,Dosage,1006,1011,75 mg,1.0,manual,75 mg,75.0,75.0,mg,,,,absolute
558,9484,Application area,53,71,bipolar depression,1.0,manual,,,,,,,,
559,9484,Application area,169,188,bipolar depression ,1.0,manual,,,,,,,,
560,9484,Application area,424,462,treatment-resistant bipolar depression,1.0,manual,,,,,,,,
561,9484,Dosage,802,810,.5 mg/kg,1.0,manual,0.5 mg/kg,0.5,0.5,mg,kg,1.0,,relative_weight
562,8795,Application area,23,48,Major Depressive Disorder,1.0,manual,,,,,,,,
563,8795,Application area,86,112,Major depressive disorder ,1.0,manual,,,,,,,,
564,8795,Application area,113,116,MDD,1.0,manual,,,,,,,,
565,8795,Application area,427,430,MDD,1.0,manual,,,,,,,,
566,8795,Dosage,545,558,15±5 mg/70 kg,1.0,manual,15 mg/70 kg,15.0,15.0,mg,kg,70.0,,relative_weight
567,8795,Dosage,569,584,25 ± 5 mg/70 kg,1.0,manual,25 mg/70 kg,25.0,25.0,mg,kg,70.0,,relative_weight
568,8795,Application area,624,627,MDD,1.0,manual,,,,,,,,
569,8795,Dosage,1769,1782,15±5 mg/70 kg,1.0,manual,15 mg/70 kg,15.0,15.0,mg,kg,70.0,,relative_weight
570,8795,Dosage,1810,1825,25 ± 5 mg/70 kg,1.0,manual,25 mg/70 kg,25.0,25.0,mg,kg,70.0,,relative_weight
571,2872,Application area,108,132,problematic alcohol use ,1.0,manual,,,,,,,,
572,2872,Application area,135,155,alcohol use disorder,1.0,manual,,,,,,,,
573,2872,Application area,242,263,Alcohol use disorder ,1.0,manual,,,,,,,,
574,2872,Application area,418,437,alcohol dependence ,1.0,manual,,,,,,,,
575,2872,Application area,573,594,alcohol use disorder ,1.0,manual,,,,,,,,
576,2872,Application area,598,618,alcoholic withdrawal,1.0,manual,,,,,,,,
577,162,Dosage,609,615,25 mg ,1.0,manual,25 mg,25.0,25.0,mg,,,,absolute
578,162,Dosage,627,633,50 mg ,1.0,manual,50 mg,50.0,50.0,mg,,,,absolute
579,162,Dosage,649,656,100 mg ,1.0,manual,100 mg,100.0,100.0,mg,,,,absolute
580,5171,Application area,402,416,mood disorders,1.0,manual,,,,,,,,
581,5171,Application area,685,711,major depressive disorder ,1.0,manual,,,,,,,,
582,5171,Application area,712,715,MDD,1.0,manual,,,,,,,,
583,5171,Application area,720,742,bipolar disorder I/II ,1.0,manual,,,,,,,,
584,5171,Dosage,842,856,0.5 mg kg(-1) ,1.0,manual,0.5 mg/kg,0.5,0.5,mg,kg,1.0,,relative_weight
585,9182,Application area,34,72,Treatment-Resistant Bipolar Depression,1.0,manual,,,,,,,,
586,9182,Application area,132,149,Bipolar disorder ,1.0,manual,,,,,,,,
587,9182,Application area,233,244,suicidality,1.0,manual,,,,,,,,
588,9182,Application area,581,616,bipolar I and bipolar II depression,1.0,manual,,,,,,,,
589,9182,Dosage,740,750,0.5 mg/kg ,1.0,manual,0.5 mg/kg,0.5,0.5,mg,kg,1.0,,relative_weight
590,9174,Application area,80,113,treatment-resistant depression.^ ,1.0,manual,,,,,,,,
591,7186,Dosage,2043,2054,0.23 mg/kg ,1.0,manual,0.23 mg/kg,0.23,0.23,mg,kg,1.0,,relative_weight
592,6162,Application area,58,84,Major Depressive Disorder ,1.0,manual,,,,,,,,
593,2227,Dosage,926,932,100 mg,1.0,manual,100 mg,100.0,100.0,mg,,,,absolute
594,7113,Dosage,880,888,3 mg/kg ,1.0,manual,3 mg/kg,3.0,3.0,mg,kg,1.0,,relative_weight
595,7113,Dosage,956,964,6 mg/kg ,1.0,manual,6 mg/kg,6.0,6.0,mg,kg,1.0,,relative_weight
596,7113,Dosage,1901,1909,3 mg/kg ,1.0,manual,3 mg/kg,3.0,3.0,mg,kg,1.0,,relative_weight
597,2395,Application area,54,87,treatment-resistant depression.^ ,1.0,manual,,,,,,,,
598,2395,Dosage,1366,1372,30 mg ,1.0,manual,30 mg,30.0,30.0,mg,,,,absolute
599,2395,Dosage,1376,1381,60 mg,1.0,manual,60 mg,60.0,60.0,mg,,,,absolute
600,7240,Application area,45,78,Treatment-Resistant Depression.^ ,1.0,manual,,,,,,,,
601,7240,Application area,93,123,treatment-resistant depression,1.0,manual,,,,,,,,
602,6330,Application area,62,92,treatment-resistant depression,1.0,manual,,,,,,,,
603,6330,Application area,241,272,treatment-resistant depression ,1.0,manual,,,,,,,,
604,6330,Application area,273,276,TRD,1.0,manual,,,,,,,,
605,6330,Application area,581,584,TRD,1.0,manual,,,,,,,,
606,6198,Dosage,350,361,10 mg/70 kg,1.0,manual,10 mg/70 kg,10.0,10.0,mg,kg,70.0,,relative_weight
607,9570,Application area,71,110,anxious versus nonanxious depression.^ ,1.0,manual,,,,,,,,
608,9570,Application area,135,154,anxious depression ,1.0,manual,,,,,,,,
609,9570,Application area,393,430,anxious versus nonanxious depression ,1.0,manual,,,,,,,,
610,9570,Dosage,616,625,0.5 mg/kg,1.0,manual,0.5 mg/kg,0.5,0.5,mg,kg,1.0,,relative_weight
611,8907,Dosage,384,397,15- or 20-mg ,1.0,manual,15 or 20 mg,15.0,20.0,mg,,,,absolute
612,7344,Dosage,690,717,one microgram per kilogram ,1.0,manual,1 µg/kg,1.0,1.0,µg,kg,1.0,,relative_weight
613,2863,Application area,173,194,alcohol use disorder ,1.0,manual,,,,,,,,
614,2863,Application area,195,198,AUD,1.0,manual,,,,,,,,
615,2863,Application area,419,442,substance use disorders,1.0,manual,,,,,,,,
616,5873,Dosage,469,476,100 μg ,1.0,manual,100 μg,100.0,100.0,μg,,,,absolute
617,1884,Application area,71,84,depression.^ ,1.0,manual,,,,,,,,
618,1884,Application area,278,288,depression,1.0,manual,,,,,,,,
619,1884,Dosage,359,365,10 mg ,1.0,manual,10 mg,10.0,10.0,mg,,,,absolute
620,1884,Dosage,369,374,25 mg,1.0,manual,25 mg,25.0,25.0,mg,,,,absolute
621,1884,Application area,404,434,treatment-resistant depression,1.0,manual,,,,,,,,
622,1884,Dosage,524,530,25-mg ,1.0,manual,25 mg,25.0,25.0,mg,,,,absolute
623,1884,Dosage,795,801,25 mg ,1.0,manual,25 mg,25.0,25.0,mg,,,,absolute
624,1884,Dosage,889,894,1 mg ,1.0,manual,1 mg,1.0,1.0,mg,,,,absolute
625,5917,Application area,85,133,treatment-resistant major depressive disorder.^ ,1.0,manual,,,,,,,,
626,5917,Application area,257,303,treatment-resistant major depressive disorder ,1.0,manual,,,,,,,,
627,5917,Application area,304,307,TRD,1.0,manual,,,,,,,,
628,5917,Dosage,794,807,0.5 mg kg(-1),1.0,manual,0.5 mg/kg,0.5,0.5,mg,kg,1.0,,relative_weight
629,591,Application area,61,87,major depressive disorder ,1.0,manual,,,,,,,,
630,591,Application area,136,162,Major depressive disorder ,1.0,manual,,,,,,,,
631,591,Application area,163,166,MDD,1.0,manual,,,,,,,,
632,7890,Dosage,475,489,200 to 500 mcg,1.0,manual,200-500 µg,200.0,500.0,µg,,,,absolute
633,5919,Application area,39,75,treatment-resistant major depression,1.0,manual,,,,,,,,
634,5919,Application area,903,949,treatment‐resistant unipolar major depression ,1.0,manual,,,,,,,,
635,5919,Application area,950,953,TRD,1.0,manual,,,,,,,,
636,5919,Dosage,1797,1806,0.5 mg/kg,1.0,manual,0.5 mg/kg,0.5,0.5,mg,kg,1.0,,relative_weight
637,691,Application area,53,78,chronic suicidal ideation,1.0,manual,,,,,,,,
638,691,Application area,233,251,suicidal ideation ,1.0,manual,,,,,,,,
639,691,Application area,252,254,SI,1.0,manual,,,,,,,,
640,691,Application area,656,681,chronic suicidal ideation,1.0,manual,,,,,,,,
641,7822,Application area,100,109,tinnitus ,1.0,manual,,,,,,,,
642,7822,Application area,292,301,tinnitus ,1.0,manual,,,,,,,,
643,7822,Dosage,428,434,30 mg ,1.0,manual,30 mg,30.0,30.0,mg,,,,absolute
644,7822,Dosage,684,690,70 mg ,1.0,manual,70 mg,70.0,70.0,mg,,,,absolute
645,7822,Dosage,792,798,70 mg ,1.0,manual,70 mg,70.0,70.0,mg,,,,absolute
646,7822,Dosage,1141,1147,70 mg ,1.0,manual,70 mg,70.0,70.0,mg,,,,absolute
647,7822,Dosage,1407,1413,70 mg ,1.0,manual,70 mg,70.0,70.0,mg,,,,absolute
648,4249,Application area,98,124,major depressive disorder ,1.0,manual,,,,,,,,
649,4249,Application area,137,156,anorexia nervosa.^ ,1.0,manual,,,,,,,,
650,4249,Application area,194,214,depressive disorder ,1.0,manual,,,,,,,,
651,4249,Application area,267,269,AN,1.0,manual,,,,,,,,
652,4249,Application area,390,411,depressive disorders ,1.0,manual,,,,,,,,
653,4249,Application area,506,517,depression ,1.0,manual,,,,,,,,
654,4249,Application area,532,534,AN,1.0,manual,,,,,,,,
655,3197,Dosage,762,779,0.25 to 1.0 mg/kg,1.0,manual,0.25-1.0 mg/kg,0.25,1.0,mg,kg,1.0,,relative_weight
656,3197,Dosage,1071,1089,0.5 and 0.75 mg/kg,1.0,manual,0.5 and 0.75 mg/kg,0.5,0.75,mg,kg,1.0,,relative_weight
657,3181,Dosage,1250,1260,0.5 mg/kg ,1.0,manual,0.5 mg/kg,0.5,0.5,mg,kg,1.0,,relative_weight
658,6380,Dosage,734,745,20 mg/70 kg,1.0,manual,20 mg/70 kg,20.0,20.0,mg,kg,70.0,,relative_weight
659,6380,Dosage,759,770,40 mg/70 kg,1.0,manual,40 mg/70 kg,40.0,40.0,mg,kg,70.0,,relative_weight
660,6146,Application area,29,38,Suicidal ,1.0,manual,,,,,,,,
661,6146,Application area,167,179,suicidality ,1.0,manual,,,,,,,,
662,6146,Application area,295,313,suicidal thoughts ,1.0,manual,,,,,,,,
663,6146,Application area,486,516,unipolar or bipolar depressed ,1.0,manual,,,,,,,,
664,6146,Application area,568,580,suicidality ,1.0,manual,,,,,,,,
665,1347,Application area,68,109,treatment refractory anxiety disorders.^ ,1.0,manual,,,,,,,,
666,1347,Dosage,547,560,0.25-1 mg/kg ,1.0,manual,0.25-1 mg/kg,0.25,1.0,mg,kg,1.0,,relative_weight
667,6683,Application area,79,105,juvenile bipolar disorder ,1.0,manual,,,,,,,,
668,6683,Application area,110,123,fear of harm ,1.0,manual,,,,,,,,
669,6683,Application area,147,160,Fear of Harm ,1.0,manual,,,,,,,,
670,6683,Application area,161,164,FOH,1.0,manual,,,,,,,,
671,6683,Application area,200,217,bipolar disorder ,1.0,manual,,,,,,,,
672,6683,Application area,218,220,BD,1.0,manual,,,,,,,,
673,6683,Application area,239,242,BD ,1.0,manual,,,,,,,,
674,6683,Application area,396,403,BD-FOH ,1.0,manual,,,,,,,,
675,6683,Dosage,1001,1013,20 to 360mg ,1.0,manual,20-360 mg,20.0,360.0,mg,,,,absolute
676,4558,Application area,27,43,heroin addiction,1.0,manual,,,,,,,,
677,4558,Application area,107,123,heroin-addicted ,1.0,manual,,,,,,,,
678,4558,Dosage,414,424,2.0 mg/kg ,1.0,manual,2.0 mg/kg,2.0,2.0,mg,kg,1.0,,relative_weight
679,4558,Application area,572,582,0.2 mg/kg ,1.0,manual,,,,,,,,
680,4558,Dosage,986,995,2.0 mg/kg,1.0,manual,2.0 mg/kg,2.0,2.0,mg,kg,1.0,,relative_weight
681,4558,Dosage,1151,1160,0.2 mg/kg,1.0,manual,0.2 mg/kg,0.2,0.2,mg,kg,1.0,,relative_weight
682,9596,Application area,71,84,depression.^ ,1.0,manual,,,,,,,,
683,9596,Application area,189,214,major depressive disorder,1.0,manual,,,,,,,,
684,9596,Application area,415,447,unipolar and bipolar depression ,1.0,manual,,,,,,,,
685,9596,Dosage,491,501,0.5 mg/kg ,1.0,manual,0.5 mg/kg,0.5,0.5,mg,kg,1.0,,relative_weight
686,7608,Application area,40,70,treatment-resistant depression,1.0,manual,,,,,,,,
687,7608,Application area,209,240,treatment-resistant depression ,1.0,manual,,,,,,,,
688,7608,Application area,241,244,TRD,1.0,manual,,,,,,,,
689,1694,Application area,197,223,major depressive disorder ,1.0,manual,,,,,,,,
690,1694,Application area,224,227,MDD,1.0,manual,,,,,,,,
691,1694,Application area,233,250,bipolar disorder ,1.0,manual,,,,,,,,
692,1694,Application area,251,253,BD,1.0,manual,,,,,,,,
693,7484,Application area,73,81,anxiety ,1.0,manual,,,,,,,,
694,7484,Application area,85,96,depression ,1.0,manual,,,,,,,,
695,7484,Application area,113,136,life-threatening cancer,1.0,manual,,,,,,,,
696,7484,Application area,205,213,anxiety ,1.0,manual,,,,,,,,
697,7484,Application area,217,228,depression ,1.0,manual,,,,,,,,
698,7484,Application area,398,435,cancer-related anxiety and depression,1.0,manual,,,,,,,,
699,7484,Dosage,635,644,0.3 mg/kg,1.0,manual,0.3 mg/kg,0.3,0.3,mg,kg,1.0,,relative_weight
700,7941,Application area,87,120,treatment resistant depression.^ ,1.0,manual,,,,,,,,
701,7941,Dosage,723,732,0.5mg/kg ,1.0,manual,0.5 mg/kg,0.5,0.5,mg,kg,1.0,,relative_weight
702,5495,Application area,296,317,refractory depression,1.0,manual,,,,,,,,
703,6262,Application area,88,109,Alcohol Use Disorder ,1.0,manual,,,,,,,,
704,6262,Application area,113,146,Post-traumatic Stress Disorder.^ ,1.0,manual,,,,,,,,
705,6262,Application area,211,216,PTSD ,1.0,manual,,,,,,,,
706,6262,Application area,220,238,alcohol dependence,1.0,manual,,,,,,,,
707,6262,Application area,561,565,PTSD,1.0,manual,,,,,,,,
708,6262,Application area,636,654,alcohol dependence,1.0,manual,,,,,,,,
709,6262,Dosage,1086,1094,80‐160mg,1.0,manual,80‐160 mg,80.0,160.0,mg,,,,absolute
710,7011,Application area,118,151,treatment-resistant depression.^ ,1.0,manual,,,,,,,,
711,7011,Application area,194,220,major depressive disorder ,1.0,manual,,,,,,,,
712,7011,Application area,221,224,MDD,1.0,manual,,,,,,,,
713,7011,Application area,339,370,treatment‐resistant depression ,1.0,manual,,,,,,,,
714,7011,Application area,371,374,TRD,1.0,manual,,,,,,,,
715,7011,Application area,403,407,TRD ,1.0,manual,,,,,,,,
716,7011,Application area,517,521,TRD ,1.0,manual,,,,,,,,
717,7011,Dosage,1397,1409,56 or 84 mg ,1.0,manual,56 or 84 mg,56.0,84.0,mg,,,,absolute
718,2223,Dosage,648,654,100 mg,1.0,manual,100 mg,100.0,100.0,mg,,,,absolute
719,2995,Application area,87,104,Opioid-Dependent ,1.0,manual,,,,,,,,
720,2995,Dosage,640,659,"60, 120, or 180 mg ",1.0,manual,"60, 120, or 180 mg",60.0,180.0,mg,,,,absolute
721,2995,Dosage,1151,1173,"60-, 120-, and 180-mg ",1.0,manual,"60, 120, and 180 mg",60.0,180.0,mg,,,,absolute
722,2995,Dosage,1330,1337,120-mg ,1.0,manual,120 mg,120.0,120.0,mg,,,,absolute
723,4633,Dosage,1045,1064,"0, 5, 10, and 20 μg",1.0,manual,"0, 5, 10, and 20 μg",0.0,20.0,μg,,,,absolute
724,4633,Dosage,1278,1295,"5, 10, and 20 μg ",1.0,manual,"5, 10, and 20 μg",5.0,20.0,μg,,,,absolute
725,1238,Application area,84,109,major depressive disorder,1.0,manual,,,,,,,,
726,1238,Application area,121,138,suicidal ideation,1.0,manual,,,,,,,,
727,1238,Application area,249,275,major depressive disorder ,1.0,manual,,,,,,,,
728,1238,Application area,276,279,MDD,1.0,manual,,,,,,,,
729,1238,Application area,307,315,suicide ,1.0,manual,,,,,,,,
730,1238,Application area,418,422,MDD ,1.0,manual,,,,,,,,
731,1238,Application area,451,459,suicide ,1.0,manual,,,,,,,,
732,1238,Application area,632,639,suicide,1.0,manual,,,,,,,,
733,1238,Application area,1053,1071,suicidal ideation ,1.0,manual,,,,,,,,
734,1238,Application area,1072,1074,SI,1.0,manual,,,,,,,,
735,1238,Application area,1093,1096,MDD,1.0,manual,,,,,,,,
736,1238,Application area,1180,1183,MDD,1.0,manual,,,,,,,,
737,1238,Application area,1195,1197,SI,1.0,manual,,,,,,,,
738,1238,Dosage,1828,1833,84 mg,1.0,manual,84 mg,84.0,84.0,mg,,,,absolute
739,1238,Dosage,2056,2061,84 mg,1.0,manual,84 mg,84.0,84.0,mg,,,,absolute
740,5071,Dosage,603,612,0.2 mg/kg,1.0,manual,0.2 mg/kg,0.2,0.2,mg,kg,1.0,,relative_weight
741,5071,Dosage,614,623,0.4 mg/kg,1.0,manual,0.4 mg/kg,0.4,0.4,mg,kg,1.0,,relative_weight
742,5628,Dosage,1042,1051,40-75-mg ,1.0,manual,40-75 mg,40.0,75.0,mg,,,,absolute
743,6383,Application area,156,186,treatment-resistant depression,1.0,manual,,,,,,,,
744,2936,Dosage,742,756,2.5 mg.kg(-1) ,1.0,manual,2.5 mg./kg,2.5,2.5,,kg,1.0,,relative_weight
745,6157,Dosage,767,773,100 μg,1.0,manual,100 μg,100.0,100.0,μg,,,,absolute
746,6157,Dosage,1022,1028,100 μg,1.0,manual,100 μg,100.0,100.0,μg,,,,absolute
747,1351,Application area,63,94,Treatment-Resistant Depression ,1.0,manual,,,,,,,,
748,1351,Application area,189,220,Treatment-resistant depression ,1.0,manual,,,,,,,,
749,1351,Application area,221,224,TRD,1.0,manual,,,,,,,,
750,1351,Application area,369,372,TRD,1.0,manual,,,,,,,,
751,1351,Application area,497,501,TRD ,1.0,manual,,,,,,,,
752,5154,Application area,27,39,chronic pain,1.0,manual,,,,,,,,
753,5154,Application area,372,385,chronic pain ,1.0,manual,,,,,,,,
754,5154,Application area,457,461,pain,1.0,manual,,,,,,,,
755,5154,Application area,515,528,chronic pain ,1.0,manual,,,,,,,,
756,6507,Application area,87,117,treatment-resistant depression,1.0,manual,,,,,,,,
757,6247,Dosage,1831,1837,50 µg ,1.0,manual,50 µg,50.0,50.0,µg,,,,absolute
758,1650,Application area,89,119,treatment-resistant depression,1.0,manual,,,,,,,,
759,1650,Application area,505,536,treatment-resistant depression ,1.0,manual,,,,,,,,
760,1650,Application area,537,540,TRD,1.0,manual,,,,,,,,
761,7258,Application area,1028,1058,treatment-resistant depression,1.0,manual,,,,,,,,
762,1264,Application area,44,57,Depression.^ ,1.0,manual,,,,,,,,
763,1264,Application area,189,200,depression ,1.0,manual,,,,,,,,
764,1264,Dosage,541,547,25 mg ,1.0,manual,25 mg,25.0,25.0,mg,,,,absolute
765,1264,Dosage,649,654,1 mg ,1.0,manual,1 mg,1.0,1.0,mg,,,,absolute
766,7406,Application area,82,111,obsessive-compulsive disorder,1.0,manual,,,,,,,,
767,7406,Application area,294,324,obsessive-compulsive disorder ,1.0,manual,,,,,,,,
768,7406,Application area,325,328,OCD,1.0,manual,,,,,,,,
769,8481,Application area,13,36,Social Anxiety Disorder,1.0,manual,,,,,,,,
770,8481,Application area,108,132,social anxiety disorder ,1.0,manual,,,,,,,,
771,8481,Application area,133,136,SAD,1.0,manual,,,,,,,,
772,8481,Application area,330,347,anxiety disorders,1.0,manual,,,,,,,,
773,8481,Dosage,519,529,0.5 mg/kg ,1.0,manual,0.5 mg/kg,0.5,0.5,mg,kg,1.0,,relative_weight
774,8100,Dosage,460,470,315 μg/kg ,1.0,manual,315 μg/kg,315.0,315.0,μg,kg,1.0,,relative_weight
775,2426,Application area,637,663,Major Depressive Disorder ,1.0,manual,,,,,,,,
776,2426,Dosage,1002,1008,25 mg ,1.0,manual,25 mg,25.0,25.0,mg,,,,absolute
777,9340,Application area,51,72,postpartum depression,1.0,manual,,,,,,,,
778,9340,Application area,160,182,Postpartum depression ,1.0,manual,,,,,,,,
779,9340,Application area,442,463,postpartum depression,1.0,manual,,,,,,,,
780,9340,Dosage,700,711,0.25 mg/kg ,1.0,manual,0.25 mg/kg,0.25,0.25,mg,kg,1.0,,relative_weight
781,9340,Dosage,1580,1590,0.25 mg/kg,1.0,manual,0.25 mg/kg,0.25,0.25,mg,kg,1.0,,relative_weight
782,1451,Application area,84,115,medication-resistant depression,1.0,manual,,,,,,,,
783,4729,Application area,56,84,major depressive disorder.^ ,1.0,manual,,,,,,,,
784,4729,Application area,253,283,treatment-resistant depression,1.0,manual,,,,,,,,
785,4729,Dosage,659,664,50 mg,1.0,manual,50 mg,50.0,50.0,mg,,,,absolute
786,8760,Application area,38,104,Depression and Anxiety in the Context of Life-Threatening Diseases,1.0,manual,,,,,,,,
787,6456,Application area,64,80,Major Depression,1.0,manual,,,,,,,,
788,6456,Application area,382,392,depression,1.0,manual,,,,,,,,
789,7073,Application area,109,142,treatment-resistant depression.^ ,1.0,manual,,,,,,,,
790,7073,Application area,231,249,suicidal cognition,1.0,manual,,,,,,,,
791,2099,Dosage,1070,1076,100 μg,1.0,manual,100 μg,100.0,100.0,μg,,,,absolute
792,7168,Dosage,691,709,"0, 75, and 100 mg ",1.0,manual,"0, 75, and 100 mg",0.0,100.0,mg,,,,absolute
793,3592,Application area,15,33,suicidal ideation ,1.0,manual,,,,,,,,
794,3592,Application area,93,101,suicide ,1.0,manual,,,,,,,,
795,3592,Application area,200,208,suicide ,1.0,manual,,,,,,,,
796,3592,Application area,588,606,suicidal ideation ,1.0,manual,,,,,,,,
797,3592,Application area,607,609,SI,1.0,manual,,,,,,,,
798,3592,Dosage,1165,1174,0.5 mg/kg,1.0,manual,0.5 mg/kg,0.5,0.5,mg,kg,1.0,,relative_weight
799,8634,Application area,92,123,Treatment-Resistant Depression ,1.0,manual,,,,,,,,
800,8634,Application area,375,406,treatment-resistant depression ,1.0,manual,,,,,,,,
801,8634,Application area,407,410,TRD,1.0,manual,,,,,,,,
802,6870,Application area,24,54,acute Cluster headache attacks,1.0,manual,,,,,,,,
803,6870,Application area,160,177,Cluster headache ,1.0,manual,,,,,,,,
804,6870,Application area,322,346,Cluster headache attack ,1.0,manual,,,,,,,,
805,6870,Dosage,663,669,15 mg ,1.0,manual,15 mg,15.0,15.0,mg,,,,absolute
806,8319,Dosage,510,520,0.3 mg/kg ,1.0,manual,0.3 mg/kg,0.3,0.3,mg,kg,1.0,,relative_weight
807,6058,Dosage,578,588,0.3 mg/kg ,1.0,manual,0.3 mg/kg,0.3,0.3,mg,kg,1.0,,relative_weight
808,6058,Dosage,603,612,20mg/70kg,1.0,manual,20 mg/70 kg,20.0,20.0,mg,kg,70.0,,relative_weight
809,6058,Dosage,1165,1176,0.45 mg/kg ,1.0,manual,0.45 mg/kg,0.45,0.45,mg,kg,1.0,,relative_weight
810,6058,Dosage,1191,1202,30 mg/70 kg,1.0,manual,30 mg/70 kg,30.0,30.0,mg,kg,70.0,,relative_weight
811,6058,Dosage,1539,1549,0.6 mg/kg ,1.0,manual,0.6 mg/kg,0.6,0.6,mg,kg,1.0,,relative_weight
812,6058,Dosage,1564,1575,40 mg/70 kg,1.0,manual,40 mg/70 kg,40.0,40.0,mg,kg,70.0,,relative_weight
813,5346,Application area,50,80,treatment-resistant depression,1.0,manual,,,,,,,,
814,5346,Application area,162,193,Treatment-resistant Depression ,1.0,manual,,,,,,,,
815,5346,Application area,194,197,TRD,1.0,manual,,,,,,,,
816,1731,Application area,59,92,Treatment Resistant Depression.^ ,1.0,manual,,,,,,,,
817,1731,Dosage,267,277,0.5 mg/kg ,1.0,manual,0.5 mg/kg,0.5,0.5,mg,kg,1.0,,relative_weight
818,1731,Dosage,607,617,0.5 mg/kg ,1.0,manual,0.5 mg/kg,0.5,0.5,mg,kg,1.0,,relative_weight
819,1731,Dosage,1167,1177,0.5 mg/kg ,1.0,manual,0.5 mg/kg,0.5,0.5,mg,kg,1.0,,relative_weight
820,4966,Dosage,570,580,1.5 mg/kg ,1.0,manual,1.5 mg/kg,1.5,1.5,mg,kg,1.0,,relative_weight
821,4581,Dosage,837,848,0.23 mg/kg ,1.0,manual,0.23 mg/kg,0.23,0.23,mg,kg,1.0,,relative_weight
822,4581,Dosage,892,903,0.58 mg/kg ,1.0,manual,0.58 mg/kg,0.58,0.58,mg,kg,1.0,,relative_weight
823,4581,Dosage,1045,1057,0.081 mg/kg ,1.0,manual,0.081 mg/kg,0.081,0.081,mg,kg,1.0,,relative_weight
824,2106,Dosage,746,753,100 μg ,1.0,manual,100 μg,100.0,100.0,μg,,,,absolute
825,2106,Dosage,776,783,200 μg ,1.0,manual,200 μg,200.0,200.0,μg,,,,absolute
826,2398,Application area,98,123,Major Depressive Disorder,1.0,manual,,,,,,,,
827,2398,Application area,156,166,Suicide.^ ,1.0,manual,,,,,,,,
828,2398,Dosage,1473,1479,84 mg ,1.0,manual,84 mg,84.0,84.0,mg,,,,absolute
829,6214,Application area,23,29,OCD.^ ,1.0,manual,,,,,,,,
830,6214,Application area,288,291,OCD,1.0,manual,,,,,,,,
831,4508,Dosage,660,669,.16 mg/kg,1.0,manual,0.16 mg/kg,0.16,0.16,mg,kg,1.0,,relative_weight
832,5082,Dosage,633,641,0.5mg/kg,1.0,manual,0.5 mg/kg,0.5,0.5,mg,kg,1.0,,relative_weight
833,9257,Application area,45,53,anxiety ,1.0,manual,,,,,,,,
834,9257,Application area,236,263,life-threatening illnesses ,1.0,manual,,,,,,,,
835,9257,Application area,290,297,anxiety,1.0,manual,,,,,,,,
836,9257,Application area,429,437,anxiety ,1.0,manual,,,,,,,,
837,9257,Dosage,555,561,125 mg,1.0,manual,125 mg,125.0,125.0,mg,,,,absolute
838,9149,Dosage,624,627,50 ,1.0,manual,50,50.0,50.0,,,,,absolute
839,9149,Dosage,627,630,μg ,1.0,manual,,,,,,,,
840,1444,Application area,42,74,anxious vs nonanxious depression,1.0,manual,,,,,,,,
841,1444,Application area,144,177,Treatment-Resistant Depression.^ ,1.0,manual,,,,,,,,
842,1444,Application area,272,325,anxious vs nonanxious treatment-resistant depression ,1.0,manual,,,,,,,,
843,1444,Application area,326,334,ANX-TRD ,1.0,manual,,,,,,,,
844,1444,Application area,337,345,NANX-TRD,1.0,manual,,,,,,,,
845,1444,Dosage,541,560,"0.2, and 0.5 mg/kg ",1.0,manual,"0.2, and 0.5 mg/kg",0.2,0.5,mg,kg,1.0,,relative_weight
846,692,Application area,126,138,Suicidality ,1.0,manual,,,,,,,,
847,692,Application area,366,378,suicidality ,1.0,manual,,,,,,,,
848,692,Application area,382,392,depression,1.0,manual,,,,,,,,
849,6261,Dosage,967,995,"1, 2, or 3 ml SM‐001 per kg ",1.0,manual,"1, 2, or 3 ml sm‐001/kg",1.0,3.0,,kg,1.0,,relative_weight
850,1647,Application area,83,122,treatment-resistant major depression.^ ,1.0,manual,,,,,,,,
851,1647,Application area,294,305,depression ,1.0,manual,,,,,,,,
852,1647,Dosage,801,809,.5 mg/kg,1.0,manual,0.5 mg/kg,0.5,0.5,mg,kg,1.0,,relative_weight
853,3442,Dosage,209,224,100 micrograms ,1.0,manual,100 µg,100.0,100.0,µg,,,,absolute
854,3442,Dosage,311,325,50 micrograms ,1.0,manual,50 µg,50.0,50.0,µg,,,,absolute
855,2161,Dosage,877,884,1 mg/kg,1.0,manual,1 mg/kg,1.0,1.0,mg,kg,1.0,,relative_weight
856,5249,Application area,31,47,Cancer Patients ,1.0,manual,,,,,,,,
857,5249,Application area,171,187,cancer patients ,1.0,manual,,,,,,,,
858,5249,Application area,288,298,depression,1.0,manual,,,,,,,,
859,5249,Application area,442,479,cancer-related anxiety and depression,1.0,manual,,,,,,,,
860,5249,Dosage,654,663,0.3 mg/kg,1.0,manual,0.3 mg/kg,0.3,0.3,mg,kg,1.0,,relative_weight
861,5107,Application area,22,32,Depression,1.0,manual,,,,,,,,
862,5107,Application area,178,188,depression,1.0,manual,,,,,,,,
863,5107,Application area,546,578,unipolar and bipolar depression ,1.0,manual,,,,,,,,
864,221,Application area,284,309,major depressive disorder,1.0,manual,,,,,,,,
865,2035,Application area,23,53,treatment resistant depression,1.0,manual,,,,,,,,
866,2035,Application area,187,218,treatment-resistant depression ,1.0,manual,,,,,,,,
867,2035,Application area,219,222,TRD,1.0,manual,,,,,,,,
868,2035,Dosage,509,519,0.5 mg/kg ,1.0,manual,0.5 mg/kg,0.5,0.5,mg,kg,1.0,,relative_weight
869,515,Dosage,638,648,1.5 mg/kg ,1.0,manual,1.5 mg/kg,1.5,1.5,mg,kg,1.0,,relative_weight
870,7124,Dosage,835,845,260 μg/kg ,1.0,manual,260 μg/kg,260.0,260.0,μg,kg,1.0,,relative_weight
871,8837,Application area,36,67,Treatment-Resistant Depressive ,1.0,manual,,,,,,,,
872,8837,Dosage,495,505,0.5 mg/kg ,1.0,manual,0.5 mg/kg,0.5,0.5,mg,kg,1.0,,relative_weight
873,8837,Application area,522,553,treatment-resistant depressive ,1.0,manual,,,,,,,,
874,8837,Application area,554,557,TRD,1.0,manual,,,,,,,,
875,8837,Dosage,1037,1047,0.5 mg/kg ,1.0,manual,0.5 mg/kg,0.5,0.5,mg,kg,1.0,,relative_weight
876,8837,Dosage,1309,1319,0.5 mg/kg ,1.0,manual,0.5 mg/kg,0.5,0.5,mg,kg,1.0,,relative_weight
877,260,Application area,77,107,Posttraumatic Stress Disorder ,1.0,manual,,,,,,,,
878,260,Application area,111,144,Treatment-Resistant Depression.^ ,1.0,manual,,,,,,,,
879,260,Application area,280,310,posttraumatic stress disorder ,1.0,manual,,,,,,,,
880,260,Application area,311,315,PTSD,1.0,manual,,,,,,,,
881,260,Application area,353,356,TRD,1.0,manual,,,,,,,,
882,260,Dosage,534,543,0.5 mg/kg,1.0,manual,0.5 mg/kg,0.5,0.5,mg,kg,1.0,,relative_weight
883,164,Application area,161,206,treatment-resistant major depressive disorder,1.0,manual,,,,,,,,
884,164,Application area,209,218,TRMDD).^ ,1.0,manual,,,,,,,,
885,164,Dosage,284,290,25 mg ,1.0,manual,25 mg,25.0,25.0,mg,,,,absolute
886,1083,Application area,13,33,opioid use disorder ,1.0,manual,,,,,,,,
887,1083,Application area,202,221,opioid use disorder,1.0,manual,,,,,,,,
888,1083,Dosage,556,571,"1,540 ± 920 mg ",1.0,manual,1540 mg,1540.0,1540.0,mg,,,,absolute
889,7050,Dosage,732,739,100 mg ,1.0,manual,100 mg,100.0,100.0,mg,,,,absolute
890,5048,Application area,76,132,anxious and nonanxious treatment-resistant depression.^ ,1.0,manual,,,,,,,,
891,5048,Application area,259,290,treatment-resistant depression ,1.0,manual,,,,,,,,
892,5048,Application area,291,294,TRD,1.0,manual,,,,,,,,
893,5048,Application area,444,471,anxious and nonanxious TRD ,1.0,manual,,,,,,,,
894,5048,Dosage,696,706,0.5 mg/kg ,1.0,manual,0.5 mg/kg,0.5,0.5,mg,kg,1.0,,relative_weight
895,5001,Application area,93,124,treatment-resistant depression ,1.0,manual,,,,,,,,
896,5001,Application area,128,153,strong suicidal ideation ,1.0,manual,,,,,,,,
897,5001,Application area,374,405,treatment-resistant depression ,1.0,manual,,,,,,,,
898,5001,Application area,406,409,TRD,1.0,manual,,,,,,,,
899,5001,Application area,415,440,strong suicidal ideation ,1.0,manual,,,,,,,,
900,5001,Dosage,543,553,0.5 mg/kg ,1.0,manual,0.5 mg/kg,0.5,0.5,mg,kg,1.0,,relative_weight
901,486,Application area,42,65,postoperative delirium ,1.0,manual,,,,,,,,
902,486,Application area,68,73,pain ,1.0,manual,,,,,,,,
903,486,Application area,195,204,Delirium ,1.0,manual,,,,,,,,
904,486,Application area,398,406,delirium,1.0,manual,,,,,,,,
905,486,Dosage,990,999,0·5 mg/kg,1.0,manual,0.5 mg/kg,0.5,0.5,mg,kg,1.0,,relative_weight
906,486,Dosage,1025,1034,1·0 mg/kg,1.0,manual,1.0 mg/kg,1.0,1.0,mg,kg,1.0,,relative_weight
907,486,Dosage,1569,1579,0·5 mg/kg ,1.0,manual,0.5 mg/kg,0.5,0.5,mg,kg,1.0,,relative_weight
908,486,Dosage,1610,1620,1·0 mg/kg ,1.0,manual,1.0 mg/kg,1.0,1.0,mg,kg,1.0,,relative_weight
909,486,Dosage,2157,2167,0·5 mg/kg ,1.0,manual,0.5 mg/kg,0.5,0.5,mg,kg,1.0,,relative_weight
910,486,Dosage,2190,2200,1·0 mg/kg ,1.0,manual,1.0 mg/kg,1.0,1.0,mg,kg,1.0,,relative_weight
911,2874,Application area,489,520,treatment-resistant depression ,1.0,manual,,,,,,,,
912,2874,Application area,521,524,TRD,1.0,manual,,,,,,,,
913,2373,Application area,64,97,treatment-resistant depression.^ ,1.0,manual,,,,,,,,
914,2373,Application area,139,170,treatment-resistant depression ,1.0,manual,,,,,,,,
915,2373,Application area,171,174,TRD,1.0,manual,,,,,,,,
916,9573,Application area,80,108,major depressive disorder.^ ,1.0,manual,,,,,,,,
917,9573,Application area,308,333,major depressive disorder,1.0,manual,,,,,,,,
918,9573,Application area,465,475,0.5 mg/kg ,1.0,manual,,,,,,,,
919,2385,Application area,793,817,major depressive episode,1.0,manual,,,,,,,,
920,4506,Dosage,1069,1077,100 mcg ,1.0,manual,100 µg,100.0,100.0,µg,,,,absolute
921,6292,Application area,49,62,Depression.^ ,1.0,manual,,,,,,,,
922,6292,Application area,253,264,depression ,1.0,manual,,,,,,,,
923,6292,Application area,301,311,depression,1.0,manual,,,,,,,,
924,6292,Dosage,876,880,25mg,1.0,manual,25 mg,25.0,25.0,mg,,,,absolute
925,6292,Dosage,921,925,25mg,1.0,manual,25 mg,25.0,25.0,mg,,,,absolute
926,8307,Dosage,660,667,100 mg ,1.0,manual,100 mg,100.0,100.0,mg,,,,absolute
927,8749,Application area,148,181,treatment-resistant depression.^ ,1.0,manual,,,,,,,,
928,8749,Application area,329,360,treatment-resistant depression ,1.0,manual,,,,,,,,
929,8749,Application area,361,364,TRD,1.0,manual,,,,,,,,
930,698,Dosage,853,860,100 µg ,1.0,manual,100 µg,100.0,100.0,µg,,,,absolute
931,6093,Application area,115,143,Major Depressive Disorder.^ ,1.0,manual,,,,,,,,
932,6093,Application area,183,194,depression ,1.0,manual,,,,,,,,
933,6093,Application area,502,512,depression,1.0,manual,,,,,,,,
934,2053,Application area,85,111,major depressive disorder ,1.0,manual,,,,,,,,
935,2053,Application area,114,147,persistent depressive disorder.^ ,1.0,manual,,,,,,,,
936,2053,Dosage,394,400,84 mg ,1.0,manual,84 mg,84.0,84.0,mg,,,,absolute
937,2053,Application area,448,483,unipolar major depressive disorder ,1.0,manual,,,,,,,,
938,2053,Application area,484,487,MDD,1.0,manual,,,,,,,,
939,2053,Application area,492,523,persistent depressive disorder ,1.0,manual,,,,,,,,
940,2053,Application area,524,527,PDD,1.0,manual,,,,,,,,
941,8767,Application area,60,76,major depression,1.0,manual,,,,,,,,
942,8767,Application area,177,203,major depressive disorder ,1.0,manual,,,,,,,,
943,8767,Application area,204,207,MDD,1.0,manual,,,,,,,,
944,8767,Application area,401,405,MDD ,1.0,manual,,,,,,,,
945,6108,Application area,45,58,Depression.^ ,1.0,manual,,,,,,,,
946,6108,Application area,69,80,depression ,1.0,manual,,,,,,,,
947,6108,Application area,154,164,depression,1.0,manual,,,,,,,,
948,6108,Dosage,1605,1615,0.5 mg/kg ,1.0,manual,0.5 mg/kg,0.5,0.5,mg,kg,1.0,,relative_weight
949,4739,Application area,58,69,depression ,1.0,manual,,,,,,,,
950,4739,Application area,73,90,suicide ideation ,1.0,manual,,,,,,,,
951,4739,Application area,284,301,suicide ideation ,1.0,manual,,,,,,,,
952,4739,Application area,302,304,SI,1.0,manual,,,,,,,,
953,4739,Dosage,388,397,0.2 mg/kg,1.0,manual,0.2 mg/kg,0.2,0.2,mg,kg,1.0,,relative_weight
954,3597,Application area,858,869,depression ,1.0,manual,,,,,,,,
955,3597,Application area,873,881,anxiety ,1.0,manual,,,,,,,,
956,3597,Application area,1032,1055,substance use disorders,1.0,manual,,,,,,,,
957,151,Application area,38,69,Generalised Anxiety Disorder.^ ,1.0,manual,,,,,,,,
958,151,Application area,241,269,Generalised Anxiety Disorder,1.0,manual,,,,,,,,
959,151,Dosage,486,491,25mg ,1.0,manual,25 mg,25.0,25.0,mg,,,,absolute
960,151,Dosage,512,523,25 or 30mg ,1.0,manual,25 or 30 mg,25.0,30.0,mg,,,,absolute
961,151,Dosage,563,568,25mg ,1.0,manual,25 mg,25.0,25.0,mg,,,,absolute
962,151,Dosage,809,814,30mg ,1.0,manual,30 mg,30.0,30.0,mg,,,,absolute
963,2816,Application area,50,81,Treatment Resistant Depression ,1.0,manual,,,,,,,,
964,2816,Application area,104,121,Major depression ,1.0,manual,,,,,,,,
965,2816,Application area,143,156,mood disorder,1.0,manual,,,,,,,,
966,2816,Application area,421,451,treatment-resistant depression,1.0,manual,,,,,,,,
967,2816,Application area,626,628,MD,1.0,manual,,,,,,,,
968,2816,Application area,1552,1563,depressive ,1.0,manual,,,,,,,,
969,2816,Application area,1750,1761,depression ,1.0,manual,,,,,,,,
970,2816,Application area,1837,1853,major depression,1.0,manual,,,,,,,,
971,1255,Dosage,520,539,"10, 20, 30 mg/70 kg",1.0,manual,"10, 20, 30 mg/70 kg",10.0,30.0,mg,kg,70.0,,relative_weight
972,8746,Application area,104,130,Major Depressive Disorder ,1.0,manual,,,,,,,,
973,8746,Application area,130,153,and Bipolar Disorder.^ ,1.0,manual,,,,,,,,
974,8746,Application area,447,457,depressed ,1.0,manual,,,,,,,,
975,8746,Application area,580,598,suicidal ideation ,1.0,manual,,,,,,,,
976,8746,Application area,627,653,major depressive disorder ,1.0,manual,,,,,,,,
977,8746,Application area,665,684,bipolar depression ,1.0,manual,,,,,,,,
978,8746,Dosage,829,839,0.5 mg/kg ,1.0,manual,0.5 mg/kg,0.5,0.5,mg,kg,1.0,,relative_weight
979,8746,Application area,857,875,Suicidal ideation ,1.0,manual,,,,,,,,
980,8746,Application area,2054,2071,suicidal ideation,1.0,manual,,,,,,,,
981,5025,Application area,87,124,major depressive and bipolar disorder,1.0,manual,,,,,,,,
982,5025,Application area,428,459,treatment-resistant depression ,1.0,manual,,,,,,,,
983,5025,Application area,460,463,TRD,1.0,manual,,,,,,,,
984,5025,Application area,580,603,symptoms of depression ,1.0,manual,,,,,,,,
985,5025,Application area,682,700,suicidal ideation ,1.0,manual,,,,,,,,
986,5025,Application area,701,703,SI,1.0,manual,,,,,,,,
987,5025,Application area,729,737,anxiety ,1.0,manual,,,,,,,,
988,2864,Application area,63,83,tobacco addiction.^ ,1.0,manual,,,,,,,,
989,2864,Application area,1489,1499,addiction ,1.0,manual,,,,,,,,
990,3818,Application area,52,78,major depressive disorder ,1.0,manual,,,,,,,,
991,3818,Application area,120,127,suicide,1.0,manual,,,,,,,,
992,3818,Application area,160,186,Major depressive disorder ,1.0,manual,,,,,,,,
993,3818,Application area,187,190,MDD,1.0,manual,,,,,,,,
994,3818,Application area,228,236,suicide ,1.0,manual,,,,,,,,
995,3818,Application area,305,325,depressive symptoms ,1.0,manual,,,,,,,,
996,3818,Application area,335,353,suicidal ideation ,1.0,manual,,,,,,,,
997,3818,Application area,354,356,SI,1.0,manual,,,,,,,,
998,3818,Application area,369,378,suicidal ,1.0,manual,,,,,,,,
999,3818,Application area,392,396,MDD ,1.0,manual,,,,,,,,
1000,3818,Application area,578,582,MDD ,1.0,manual,,,,,,,,
1001,3818,Application area,612,620,suicide ,1.0,manual,,,,,,,,
1002,3818,Application area,664,683,depressive symptoms,1.0,manual,,,,,,,,
1003,3818,Application area,695,698,SI ,1.0,manual,,,,,,,,
1004,3818,Application area,967,971,MDD ,1.0,manual,,,,,,,,
1005,3818,Application area,1017,1024,suicide,1.0,manual,,,,,,,,
1006,3818,Application area,1309,1313,MDD ,1.0,manual,,,,,,,,
1007,3818,Application area,1410,1413,SI ,1.0,manual,,,,,,,,
1008,3818,Dosage,1649,1654,84 mg,1.0,manual,84 mg,84.0,84.0,mg,,,,absolute
1009,3818,Application area,2391,2395,MDD ,1.0,manual,,,,,,,,
1010,3818,Application area,2416,2434,suicidal ideation ,1.0,manual,,,,,,,,
1011,3818,Application area,2633,2636,SI ,1.0,manual,,,,,,,,
1012,3818,Application area,2639,2643,MDD ,1.0,manual,,,,,,,,
1013,3799,Application area,77,101,treatment-resistant PTSD,1.0,manual,,,,,,,,
1014,3799,Application area,204,255,treatment-resistant post-traumatic stress disorder ,1.0,manual,,,,,,,,
1015,3799,Application area,256,260,PTSD,1.0,manual,,,,,,,,
1016,3799,Dosage,1110,1116,75 mg ,1.0,manual,75 mg,75.0,75.0,mg,,,,absolute
1017,3799,Dosage,1175,1182,125 mg ,1.0,manual,125 mg,125.0,125.0,mg,,,,absolute
1018,3799,Dosage,1224,1231,100 mg ,1.0,manual,100 mg,100.0,100.0,mg,,,,absolute
1019,3799,Dosage,1523,1528,75 mg,1.0,manual,75 mg,75.0,75.0,mg,,,,absolute
1020,1439,Application area,90,123,Treatment-Resistant Depression.^ ,1.0,manual,,,,,,,,
1021,1439,Application area,256,287,treatment-resistant depression ,1.0,manual,,,,,,,,
1022,1439,Application area,288,291,TRD,1.0,manual,,,,,,,,
1023,1439,Dosage,524,534,0.5 mg/kg ,1.0,manual,0.5 mg/kg,0.5,0.5,mg,kg,1.0,,relative_weight
1024,1439,Dosage,544,554,0.2 mg/kg ,1.0,manual,0.2 mg/kg,0.2,0.2,mg,kg,1.0,,relative_weight
1025,1439,Dosage,1272,1282,0.5 mg/kg ,1.0,manual,0.5 mg/kg,0.5,0.5,mg,kg,1.0,,relative_weight
1026,6228,Application area,31,54,Alcohol Use Disorder.^ ,1.0,manual,,,,,,,,
1027,6228,Application area,202,224,Alcohol use disorders ,1.0,manual,,,,,,,,
1028,6228,Application area,225,228,AUD,1.0,manual,,,,,,,,
1029,6228,Application area,706,710,AUD ,1.0,manual,,,,,,,,
1030,6228,Dosage,1799,1806,150 µg ,1.0,manual,150 µg,150.0,150.0,µg,,,,absolute
1031,6228,Dosage,1831,1838,150 µg ,1.0,manual,150 µg,150.0,150.0,µg,,,,absolute
1032,6228,Dosage,1841,1848,250 µg ,1.0,manual,250 µg,250.0,250.0,µg,,,,absolute
1033,4353,Dosage,558,575,0.5 or 1.0 mg/kg ,1.0,manual,0.5 or 1.0 mg/kg,0.5,1.0,mg,kg,1.0,,relative_weight
1034,1655,Application area,13,36,refractory chronic pain,1.0,manual,,,,,,,,
1035,1655,Application area,108,131,refractory chronic pain,1.0,manual,,,,,,,,
1036,1655,Application area,292,315,refractory chronic pain,1.0,manual,,,,,,,,
1037,2956,Application area,37,45,suicide ,1.0,manual,,,,,,,,
1038,2956,Application area,104,143,treatment-resistant major depression.^ ,1.0,manual,,,,,,,,
1039,2956,Application area,219,237,suicidal ideation ,1.0,manual,,,,,,,,
1040,2956,Application area,238,240,SI,1.0,manual,,,,,,,,
1041,2956,Application area,246,254,suicide ,1.0,manual,,,,,,,,
1042,2956,Application area,287,324,treatment-resistant major depression ,1.0,manual,,,,,,,,
1043,2956,Application area,325,328,TRD,1.0,manual,,,,,,,,
1044,2956,Application area,425,429,TRD ,1.0,manual,,,,,,,,
1045,2956,Application area,1076,1079,SI ,1.0,manual,,,,,,,,
1046,2956,Application area,1083,1094,depression ,1.0,manual,,,,,,,,
1047,2956,Application area,1214,1217,SI ,1.0,manual,,,,,,,,
1048,2956,Application area,1591,1594,SI ,1.0,manual,,,,,,,,
1049,2956,Application area,2002,2010,suicide ,1.0,manual,,,,,,,,
1050,9565,Application area,82,116,bipolar and unipolar depression.^ ,1.0,manual,,,,,,,,
1051,9565,Application area,205,231,major depressive disorder ,1.0,manual,,,,,,,,
1052,9565,Application area,232,235,MDD,1.0,manual,,,,,,,,
1053,9565,Application area,241,260,bipolar depression ,1.0,manual,,,,,,,,
1054,9565,Application area,261,263,BD,1.0,manual,,,,,,,,
1055,9565,Application area,427,431,MDD ,1.0,manual,,,,,,,,
1056,9565,Application area,435,437,BD,1.0,manual,,,,,,,,
1057,9565,Dosage,573,582,0.5 mg/kg,1.0,manual,0.5 mg/kg,0.5,0.5,mg,kg,1.0,,relative_weight
1058,7545,Application area,47,56,Suicidal ,1.0,manual,,,,,,,,
1059,127,Application area,41,52,depression ,1.0,manual,,,,,,,,
1060,127,Application area,55,65,depressed ,1.0,manual,,,,,,,,
1061,127,Application area,65,83,alcohol dependent ,1.0,manual,,,,,,,,
1062,127,Dosage,213,228,0.1 to 2mgs/kg ,1.0,manual,0.1-2 mg/kg,0.1,2.0,mg,kg,1.0,,relative_weight
1063,127,Dosage,430,452,"0.1, 0.25 and 0.5mg/kg",1.0,manual,"0.1, 0.25 and 0.5 mg/kg",0.1,0.5,mg,kg,1.0,,relative_weight
1064,127,Dosage,481,501,"0.5, 1, and 2 mg/kg ",1.0,manual,"0.5, 1, and 2 mg/kg",0.5,2.0,mg,kg,1.0,,relative_weight
1065,3149,Application area,71,92,bipolar depression.^ ,1.0,manual,,,,,,,,
1066,3149,Application area,142,160,bipolar depression,1.0,manual,,,,,,,,
1067,2380,Application area,72,105,Treatment-resistant Depression.^ ,1.0,manual,,,,,,,,
1068,5618,Application area,47,64,major depression ,1.0,manual,,,,,,,,
1069,5618,Application area,184,210,major depressive disorder ,1.0,manual,,,,,,,,
1070,5618,Application area,211,214,MDD,1.0,manual,,,,,,,,
1071,6116,Application area,57,85,Major Depressive Disorder.^ ,1.0,manual,,,,,,,,
1072,6116,Application area,145,156,depression ,1.0,manual,,,,,,,,
1073,6116,Dosage,337,346,0.1 mg/kg,1.0,manual,0.1 mg/kg,0.1,0.1,mg,kg,1.0,,relative_weight
1074,6116,Dosage,380,389,0.3 mg/kg,1.0,manual,0.3 mg/kg,0.3,0.3,mg,kg,1.0,,relative_weight
1075,9421,Application area,110,135,major depressive disorder,1.0,manual,,,,,,,,
1076,1054,Application area,85,105,depressive symptoms ,1.0,manual,,,,,,,,
1077,1054,Application area,521,541,depressive symptoms ,1.0,manual,,,,,,,,
1078,5173,Dosage,844,853,0.5 mg/kg,1.0,manual,0.5 mg/kg,0.5,0.5,mg,kg,1.0,,relative_weight
1079,6021,Dosage,927,933,125 mg,1.0,manual,125 mg,125.0,125.0,mg,,,,absolute
1080,4841,Application area,69,99,treatment-resistant depression,1.0,manual,,,,,,,,
1081,4841,Application area,223,253,treatment-resistant depression,1.0,manual,,,,,,,,
1082,4841,Dosage,375,386,0.6 mg/kg/h,1.0,manual,0.6 mg/kg/h,0.6,0.6,mg,kg,1.0,h,relative_weight_time
1083,4841,Dosage,434,443,0.5 mg/kg,1.0,manual,0.5 mg/kg,0.5,0.5,mg,kg,1.0,,relative_weight
1084,531,Application area,59,69,depression,1.0,manual,,,,,,,,
1085,531,Application area,424,461,unipolar or bipolar major depression ,1.0,manual,,,,,,,,
1086,2539,Application area,50,87,chronic posttraumatic stress disorder,1.0,manual,,,,,,,,
1087,2539,Application area,211,241,posttraumatic stress disorder ,1.0,manual,,,,,,,,
1088,2539,Application area,242,246,PTSD,1.0,manual,,,,,,,,
1089,2539,Dosage,895,904,0.5 mg/kg,1.0,manual,0.5 mg/kg,0.5,0.5,mg,kg,1.0,,relative_weight
1090,586,Application area,387,418,treatment-resistant depression ,1.0,manual,,,,,,,,
1091,586,Application area,419,422,TRD,1.0,manual,,,,,,,,
1092,9173,Application area,562,597,treatment-resistant mood disorders ,1.0,manual,,,,,,,,
1093,9173,Dosage,718,728,0.5 mg/kg ,1.0,manual,0.5 mg/kg,0.5,0.5,mg,kg,1.0,,relative_weight
1094,4782,Application area,27,57,treatment-resistant depression,1.0,manual,,,,,,,,
1095,4782,Application area,180,211,treatment-resistant depression ,1.0,manual,,,,,,,,
1096,4782,Application area,212,215,TRD,1.0,manual,,,,,,,,
1097,4782,Dosage,330,339,0.5 mg/kg,1.0,manual,0.5 mg/kg,0.5,0.5,mg,kg,1.0,,relative_weight
1098,9198,Application area,139,172,Treatment-Resistant Depression.^ ,1.0,manual,,,,,,,,
1099,9198,Dosage,654,665,56 or 84 mg,1.0,manual,56 or 84 mg,56.0,84.0,mg,,,,absolute
1100,6321,Dosage,2230,2240,1.0 mg/kg ,1.0,manual,1.0 mg/kg,1.0,1.0,mg,kg,1.0,,relative_weight
1101,5695,Application area,45,49,PTSD,1.0,manual,,,,,,,,
1102,5695,Application area,180,210,Posttraumatic stress disorder ,1.0,manual,,,,,,,,
1103,5695,Application area,476,480,PTSD,1.0,manual,,,,,,,,
1104,5695,Dosage,639,648,75-125 mg,1.0,manual,75-125 mg,75.0,125.0,mg,,,,absolute
1105,5695,Dosage,684,691,0-40 mg,1.0,manual,0-40 mg,0.0,40.0,mg,,,,absolute
1106,166,Application area,29,60,treatment resistant depression ,1.0,manual,,,,,,,,
1107,166,Application area,317,347,treatment resistant depression,1.0,manual,,,,,,,,
1108,166,Dosage,1005,1010,25mg ,1.0,manual,25 mg,25.0,25.0,mg,,,,absolute
1109,6646,Application area,61,91,treatment-resistant depression,1.0,manual,,,,,,,,
1110,6646,Application area,259,289,treatment-resistant depression,1.0,manual,,,,,,,,
1111,4355,Dosage,643,653,1.5 mg/kg ,1.0,manual,1.5 mg/kg,1.5,1.5,mg,kg,1.0,,relative_weight
1112,4355,Dosage,656,663,125-mg ,1.0,manual,125 mg,125.0,125.0,mg,,,,absolute
1113,7509,Application area,140,173,treatment-resistant depression.^ ,1.0,manual,,,,,,,,
1114,7509,Application area,214,245,treatment-resistant depression ,1.0,manual,,,,,,,,
1115,7509,Application area,246,249,TRD,1.0,manual,,,,,,,,
1116,7509,Application area,626,629,TRD,1.0,manual,,,,,,,,
1117,4252,Application area,70,80,Depressed ,1.0,manual,,,,,,,,
1118,4252,Application area,94,114,Suicidal Ideation.^ ,1.0,manual,,,,,,,,
1119,4252,Application area,164,184,depressive symptoms ,1.0,manual,,,,,,,,
1120,4252,Application area,188,206,suicidal ideation ,1.0,manual,,,,,,,,
1121,4252,Application area,214,224,depressed ,1.0,manual,,,,,,,,
1122,4252,Application area,313,331,suicidal ideation ,1.0,manual,,,,,,,,
1123,4252,Application area,419,427,suicide ,1.0,manual,,,,,,,,
1124,4252,Application area,486,496,depressed ,1.0,manual,,,,,,,,
1125,4252,Application area,533,551,suicidal ideation ,1.0,manual,,,,,,,,
1126,4252,Application area,1075,1093,suicidal ideation ,1.0,manual,,,,,,,,
1127,4252,Application area,1398,1414,suicide attempt ,1.0,manual,,,,,,,,
1128,4252,Application area,1417,1427,depression,1.0,manual,,,,,,,,
1129,4252,Application area,1693,1703,depression,1.0,manual,,,,,,,,
1130,4252,Application area,1705,1722,suicidal thinking,1.0,manual,,,,,,,,
1131,4252,Application area,1898,1916,suicidal behavior ,1.0,manual,,,,,,,,
1132,4252,Application area,1934,1944,depression,1.0,manual,,,,,,,,
1133,4252,Application area,2038,2048,depressed ,1.0,manual,,,,,,,,
1134,4252,Application area,2069,2078,suicidal ,1.0,manual,,,,,,,,
1135,5918,Application area,39,75,treatment-resistant major depression,1.0,manual,,,,,,,,
1136,5918,Application area,456,492,treatment-resistant major depression,1.0,manual,,,,,,,,
1137,8909,Dosage,647,656,1.5mg/kg ,1.0,manual,1.5 mg/kg,1.5,1.5,mg,kg,1.0,,relative_weight
1138,5605,Application area,63,96,treatment-resistant depression.^ ,1.0,manual,,,,,,,,
1139,5605,Application area,96,127,Treatment-resistant depression ,1.0,manual,,,,,,,,
1140,5605,Application area,300,330,treatment-resistant depression,1.0,manual,,,,,,,,
1141,165,Application area,167,200,Treatment-Resistant Depression.^ ,1.0,manual,,,,,,,,
1142,165,Dosage,297,303,25 mg ,1.0,manual,25 mg,25.0,25.0,mg,,,,absolute
1143,165,Dosage,361,367,25 mg ,1.0,manual,25 mg,25.0,25.0,mg,,,,absolute
1144,8295,Dosage,492,503,0.23 mg/kg ,1.0,manual,0.23 mg/kg,0.23,0.23,mg,kg,1.0,,relative_weight
1145,8295,Dosage,521,533,0.64 mg/kg/h,1.0,manual,0.64 mg/kg/h,0.64,0.64,mg,kg,1.0,h,relative_weight_time
1146,2250,Application area,62,84,chronic suicidality.^ ,1.0,manual,,,,,,,,
1147,2250,Application area,139,151,suicidality ,1.0,manual,,,,,,,,
1148,2250,Application area,364,375,suicidality,1.0,manual,,,,,,,,
1149,2250,Application area,471,490,chronic suicidality,1.0,manual,,,,,,,,
1150,2250,Dosage,810,820,0.5 mg/kg ,1.0,manual,0.5 mg/kg,0.5,0.5,mg,kg,1.0,,relative_weight
1151,2250,Dosage,822,831,3.0 mg/kg,1.0,manual,3.0 mg/kg,3.0,3.0,mg,kg,1.0,,relative_weight
1152,528,Application area,60,70,depression,1.0,manual,,,,,,,,
1153,528,Application area,210,220,depression,1.0,manual,,,,,,,,
1154,528,Application area,440,477,unipolar and bipolar major depression,1.0,manual,,,,,,,,
1155,751,Application area,54,68,mood disorders,1.0,manual,,,,,,,,
1156,751,Application area,194,228,treatment resistant mood disorders,1.0,manual,,,,,,,,
1157,6439,Dosage,214,219,75mg ,1.0,manual,75 mg,75.0,75.0,mg,,,,absolute
1158,6439,Dosage,258,263,75mg ,1.0,manual,75 mg,75.0,75.0,mg,,,,absolute
1159,6439,Dosage,296,301,75mg ,1.0,manual,75 mg,75.0,75.0,mg,,,,absolute
1160,4451,Dosage,341,350,1.0 mg/kg,1.0,manual,1.0 mg/kg,1.0,1.0,mg,kg,1.0,,relative_weight
1161,4451,Dosage,363,372,1.6 mg/kg,1.0,manual,1.6 mg/kg,1.6,1.6,mg,kg,1.0,,relative_weight
1162,4451,Dosage,646,658,46 to 150 mg,1.0,manual,46-150 mg,46.0,150.0,mg,,,,absolute
1163,7519,Application area,36,85,treatment of resistant major depressive disorder ,1.0,manual,,,,,,,,
1164,7519,Application area,230,256,major depressive disorder ,1.0,manual,,,,,,,,
1165,7519,Application area,257,260,MDD,1.0,manual,,,,,,,,
1166,7519,Dosage,844,850,25 mg ,1.0,manual,25 mg,25.0,25.0,mg,,,,absolute
1167,7519,Dosage,1350,1356,25 mg ,1.0,manual,25 mg,25.0,25.0,mg,,,,absolute
1168,5525,Application area,57,90,Treatment-Resistant Depression.^ ,1.0,manual,,,,,,,,
1169,5525,Application area,194,225,treatment-resistant depression ,1.0,manual,,,,,,,,
1170,5525,Application area,226,229,TRD,1.0,manual,,,,,,,,
1171,5525,Application area,270,274,TRD ,1.0,manual,,,,,,,,
1172,5525,Application area,492,495,TRD,1.0,manual,,,,,,,,
1173,5525,Application area,671,681,depression,1.0,manual,,,,,,,,
1174,5525,Application area,2300,2303,TRD,1.0,manual,,,,,,,,
1175,6258,Application area,52,92,Severe Post Traumatic Stress Disorder.^ ,1.0,manual,,,,,,,,
1176,6258,Application area,245,250,PTSD ,1.0,manual,,,,,,,,
1177,6258,Application area,312,317,PTSD ,1.0,manual,,,,,,,,
1178,2419,Application area,35,59,acute suicidal thoughts ,1.0,manual,,,,,,,,
1179,2419,Dosage,757,763,75 mg ,1.0,manual,75 mg,75.0,75.0,mg,,,,absolute
1180,4685,Dosage,560,574,0.1-0.5 mg/kg ,1.0,manual,0.1-0.5 mg/kg,0.1,0.5,mg,kg,1.0,,relative_weight
1181,4685,Dosage,676,685,0.3 mg/kg,1.0,manual,0.3 mg/kg,0.3,0.3,mg,kg,1.0,,relative_weight
1182,1228,Application area,36,55,chronic suicidality,1.0,manual,,,,,,,,
1183,1228,Application area,170,181,suicidality,1.0,manual,,,,,,,,
1184,1228,Dosage,735,745,0.5 mg/kg ,1.0,manual,0.5 mg/kg,0.5,0.5,mg,kg,1.0,,relative_weight
1185,1228,Dosage,790,799,3.0 mg/kg,1.0,manual,3.0 mg/kg,3.0,3.0,mg,kg,1.0,,relative_weight
1186,5894,Application area,87,117,treatment-resistant depression,1.0,manual,,,,,,,,
1187,5894,Application area,190,221,treatment-resistant depression ,1.0,manual,,,,,,,,
1188,5894,Application area,222,225,TRD,1.0,manual,,,,,,,,
1189,5894,Application area,255,258,TRD,1.0,manual,,,,,,,,
1190,2998,Application area,35,52,anxiety symptoms ,1.0,manual,,,,,,,,
1191,2998,Application area,69,110,treatment refractory anxiety disorders.^ ,1.0,manual,,,,,,,,
1192,2998,Application area,354,371,anxiety disorders,1.0,manual,,,,,,,,
1193,2998,Application area,433,461,refractory anxiety disorders,1.0,manual,,,,,,,,
1194,2998,Application area,532,572,refractory generalized anxiety disorder ,1.0,manual,,,,,,,,
1195,2998,Application area,579,594,social anxiety ,1.0,manual,,,,,,,,
1196,2998,Dosage,682,686,0.25,1.0,manual,0.25,0.25,0.25,,,,,absolute
1197,2998,Dosage,688,691,0.5,1.0,manual,0.5,0.5,0.5,,,,,absolute
1198,2998,Dosage,693,701,1 mg/kg ,1.0,manual,1 mg/kg,1.0,1.0,mg,kg,1.0,,relative_weight
1199,2998,Dosage,999,1009,0.25 mg/kg,1.0,manual,0.25 mg/kg,0.25,0.25,mg,kg,1.0,,relative_weight
1200,2998,Dosage,1131,1142,0.5-1 mg/kg,1.0,manual,0.5-1 mg/kg,0.5,1.0,mg,kg,1.0,,relative_weight
1201,7897,Application area,27,50,Substance Use Disorder ,1.0,manual,,,,,,,,
1202,7897,Application area,54,70,Substance Misuse,1.0,manual,,,,,,,,
1203,7897,Application area,266,289,substance use disorder ,1.0,manual,,,,,,,,
1204,7897,Application area,290,293,SUD,1.0,manual,,,,,,,,
1205,7897,Application area,384,388,SUD ,1.0,manual,,,,,,,,
1206,1891,Application area,78,103,major depressive disorder,1.0,manual,,,,,,,,
1207,1891,Application area,220,223,TRD,1.0,manual,,,,,,,,
1208,1891,Application area,332,349,suicidal thoughts,1.0,manual,,,,,,,,
1209,2957,Application area,61,71,Depression,1.0,manual,,,,,,,,
1210,2957,Application area,215,241,major depressive disorder ,1.0,manual,,,,,,,,
1211,2957,Application area,245,263,bipolar depression,1.0,manual,,,,,,,,
1212,2957,Application area,349,359,depression,1.0,manual,,,,,,,,
1213,2957,Dosage,647,656,0.5 mg/kg,1.0,manual,0.5 mg/kg,0.5,0.5,mg,kg,1.0,,relative_weight
1214,8636,Dosage,1938,1957,0.1‐0.2 mg/kg/dose ,1.0,manual,0.1‐0.2 mg/kg/dose,0.1,0.2,mg,kg,1.0,,relative_weight
1215,8636,Dosage,3192,3210,0.1‐0.2 mg/kg/dose,1.0,manual,0.1‐0.2 mg/kg,0.1,0.2,mg,kg,1.0,,relative_weight
1216,5597,Application area,146,179,treatment-resistant depression.^ ,1.0,manual,,,,,,,,
1217,5597,Application area,239,250,depression ,1.0,manual,,,,,,,,
1218,5597,Dosage,487,492,25 mg,1.0,manual,25 mg,25.0,25.0,mg,,,,absolute
1219,5597,Application area,514,544,treatment-resistant depression,1.0,manual,,,,,,,,
1220,6220,Dosage,1518,1528,0.23 mg/kg,1.0,manual,0.23 mg/kg,0.23,0.23,mg,kg,1.0,,relative_weight
1221,6220,Dosage,2007,2018,0.06 mg/kg ,1.0,manual,0.06 mg/kg,0.06,0.06,mg,kg,1.0,,relative_weight
1222,6220,Dosage,2270,2280,0.06 mg/kg,1.0,manual,0.06 mg/kg,0.06,0.06,mg,kg,1.0,,relative_weight
1223,6220,Dosage,2299,2310,0.125 mg/kg,1.0,manual,0.125 mg/kg,0.125,0.125,mg,kg,1.0,,relative_weight
1224,6220,Dosage,2409,2419,0.23 mg/kg,1.0,manual,0.23 mg/kg,0.23,0.23,mg,kg,1.0,,relative_weight
1225,6220,Dosage,2529,2535,20 mg ,1.0,manual,20 mg,20.0,20.0,mg,,,,absolute
1226,6220,Dosage,3043,3049,20 mg ,1.0,manual,20 mg,20.0,20.0,mg,,,,absolute
1227,5644,Application area,122,138,Major Depression,1.0,manual,,,,,,,,
1228,5644,Application area,275,301,major depressive disorder ,1.0,manual,,,,,,,,
1229,5644,Application area,302,305,MDD,1.0,manual,,,,,,,,
1230,5644,Dosage,1068,1100,"0.1, 0.2, 0.3, 0.4, or 0.5 mg/kg",1.0,manual,"0.1, 0.2, 0.3, 0.4, or 0.5 mg/kg",0.1,0.5,mg,kg,1.0,,relative_weight
1231,7466,Application area,65,76,Depression ,1.0,manual,,,,,,,,
1232,7466,Application area,93,100,Cancer ,1.0,manual,,,,,,,,
1233,7466,Application area,361,368,cancer ,1.0,manual,,,,,,,,
1234,7466,Application area,538,564,major depressive disorder ,1.0,manual,,,,,,,,
1235,7466,Application area,565,568,MDD,1.0,manual,,,,,,,,
1236,7466,Application area,596,602,cancer,1.0,manual,,,,,,,,
1237,7466,Dosage,841,850,50−150 mg,1.0,manual,50−150 mg,50.0,150.0,mg,,,,absolute
1238,2538,Application area,42,46,ptsd,1.0,manual,,,,,,,,
1239,2538,Application area,115,164,Chronic stress and posttraumatic stress disorder ,1.0,manual,,,,,,,,
1240,2538,Application area,165,169,PTSD,1.0,manual,,,,,,,,
1241,2538,Application area,428,433,PTSD ,1.0,manual,,,,,,,,
1242,2538,Dosage,644,653,0.5 mg/kg,1.0,manual,0.5 mg/kg,0.5,0.5,mg,kg,1.0,,relative_weight
1243,5041,Application area,46,68,postpartum depression ,1.0,manual,,,,,,,,
1244,5041,Application area,158,180,Postpartum depression ,1.0,manual,,,,,,,,
1245,5041,Application area,181,184,PPD,1.0,manual,,,,,,,,
1246,5041,Application area,268,272,PPD ,1.0,manual,,,,,,,,
1247,5041,Application area,339,343,PPD ,1.0,manual,,,,,,,,
1248,5041,Application area,441,445,PPD ,1.0,manual,,,,,,,,
1249,5641,Application area,123,156,treatment-resistant depression.^ ,1.0,manual,,,,,,,,
1250,5641,Application area,156,167,Depression ,1.0,manual,,,,,,,,
1251,5641,Application area,586,597,depression ,1.0,manual,,,,,,,,
1252,6446,Application area,83,94,depression ,1.0,manual,,,,,,,,
1253,6446,Application area,98,111,fibromyalgia ,1.0,manual,,,,,,,,
1254,6446,Dosage,147,157,0.4 mg/kg ,1.0,manual,0.4 mg/kg,0.4,0.4,mg,kg,1.0,,relative_weight
1255,6446,Application area,229,241,Fibromyalgia,1.0,manual,,,,,,,,
1256,6446,Application area,243,253,Depression,1.0,manual,,,,,,,,
1257,9446,Dosage,1045,1055,1.5 mg/kg ,1.0,manual,1.5 mg/kg,1.5,1.5,mg,kg,1.0,,relative_weight
1258,8923,Application area,43,68,major depressive disorder,1.0,manual,,,,,,,,
1259,8923,Application area,215,225,depression,1.0,manual,,,,,,,,
1260,8923,Dosage,691,703,0.215 mg/kg ,1.0,manual,0.215 mg/kg,0.215,0.215,mg,kg,1.0,,relative_weight
1261,167,Application area,39,61,moderate depression.^ ,1.0,manual,,,,,,,,
1262,167,Application area,162,188,major depressive disorder ,1.0,manual,,,,,,,,
1263,167,Dosage,235,239,4mg ,1.0,manual,4 mg,4.0,4.0,mg,,,,absolute
1264,167,Dosage,792,796,2mg ,1.0,manual,2 mg,2.0,2.0,mg,,,,absolute
1265,9566,Application area,88,122,treatment-refractory depression.^ ,1.0,manual,,,,,,,,
1266,9566,Application area,298,330,treatment-refractory depression ,1.0,manual,,,,,,,,
1267,9566,Application area,331,334,TRD,1.0,manual,,,,,,,,
1268,9566,Dosage,494,503,0.5 mg/kg,1.0,manual,0.5 mg/kg,0.5,0.5,mg,kg,1.0,,relative_weight
1269,2245,Dosage,1246,1256,0.2 mg/kg ,1.0,manual,0.2 mg/kg,0.2,0.2,mg,kg,1.0,,relative_weight
1270,624,Application area,145,172,Treatment-Resistant PTSD.^ ,1.0,manual,,,,,,,,
1271,624,Application area,347,371,treatment-resistant PTSD,1.0,manual,,,,,,,,
1272,4786,Dosage,755,760,2 mg ,1.0,manual,2 mg,2.0,2.0,mg,,,,absolute
1273,4650,Dosage,1098,1103,75 mg,1.0,manual,75 mg,75.0,75.0,mg,,,,absolute
1274,3000,Application area,37,78,treatment-refractory generalized anxiety ,1.0,manual,,,,,,,,
1275,3000,Application area,82,106,social anxiety disorders,1.0,manual,,,,,,,,
1276,3000,Application area,266,306,treatment-resistant generalized anxiety ,1.0,manual,,,,,,,,
1277,3000,Application area,310,334,social anxiety disorders,1.0,manual,,,,,,,,
1278,3000,Dosage,707,725,"0.25, 0.5, 1 mg/kg",1.0,manual,"0.25, 0.5, 1 mg/kg",0.25,1.0,mg,kg,1.0,,relative_weight
1279,2102,Dosage,751,757,125 mg,1.0,manual,125 mg,125.0,125.0,mg,,,,absolute
1280,2535,Application area,70,110,Chronic Posttraumatic Stress Disorder.^ ,1.0,manual,,,,,,,,
1281,2535,Application area,121,151,Posttraumatic stress disorder ,1.0,manual,,,,,,,,
1282,2535,Application area,152,156,PTSD,1.0,manual,,,,,,,,
1283,2535,Application area,388,393,PTSD ,1.0,manual,,,,,,,,
1284,2535,Application area,422,427,PTSD ,1.0,manual,,,,,,,,
1285,2535,Application area,631,635,PTSD,1.0,manual,,,,,,,,
1286,2535,Dosage,750,759,0.5 mg/kg,1.0,manual,0.5 mg/kg,0.5,0.5,mg,kg,1.0,,relative_weight
1287,4635,Dosage,1092,1097,75 mg,1.0,manual,75 mg,75.0,75.0,mg,,,,absolute
1288,4635,Dosage,1115,1121,750 mg,1.0,manual,750 mg,750.0,750.0,mg,,,,absolute
1289,4728,Application area,78,111,treatment-resistant depression.^ ,1.0,manual,,,,,,,,
1290,4728,Application area,177,207,treatment-resistant depression,1.0,manual,,,,,,,,
1291,4728,Application area,555,565,depression,1.0,manual,,,,,,,,
1292,6121,Application area,62,67,PTSD ,1.0,manual,,,,,,,,
1293,6121,Application area,72,77,PTSD ,1.0,manual,,,,,,,,
1294,6121,Application area,159,164,PTSD ,1.0,manual,,,,,,,,
1295,6121,Application area,322,327,PTSD ,1.0,manual,,,,,,,,
1296,6121,Application area,598,603,PTSD ,1.0,manual,,,,,,,,
1297,6121,Application area,751,756,PTSD ,1.0,manual,,,,,,,,
1298,6121,Application area,970,974,PTSD,1.0,manual,,,,,,,,
1299,6121,Dosage,2996,3012,80 mg or 120 mg ,1.0,manual,80 mg or 120 mg,80.0,120.0,mg,,,,absolute
1300,6121,Dosage,3179,3190,40 or 60 mg,1.0,manual,40 or 60 mg,40.0,60.0,mg,,,,absolute
1301,6121,Dosage,3270,3282,80 mg to 180,1.0,manual,80 mg-180,80.0,180.0,mg,,,,absolute
1302,9171,Application area,255,270,mood disorders ,1.0,manual,,,,,,,,
1303,9171,Application area,393,407,mood disorders,1.0,manual,,,,,,,,
1304,9171,Dosage,575,593,0.5 to 0.54 mg/kg ,1.0,manual,0.5-0.54 mg/kg,0.5,0.54,mg,kg,1.0,,relative_weight
1305,7753,Dosage,816,822,100 µg,1.0,manual,100 µg,100.0,100.0,µg,,,,absolute
1306,9119,Application area,605,628,substance use disorders,1.0,manual,,,,,,,,
1307,9119,Application area,630,638,anxiety ,1.0,manual,,,,,,,,
1308,9119,Application area,645,655,depression,1.0,manual,,,,,,,,
1309,9119,Application area,679,695,terminal illness,1.0,manual,,,,,,,,
1310,9119,Application area,697,726,posttraumatic stress disorder,1.0,manual,,,,,,,,
1311,9119,Application area,732,761,obsessive–compulsive disorder,1.0,manual,,,,,,,,
1312,8219,Dosage,711,717,25 mg ,1.0,manual,25 mg,25.0,25.0,mg,,,,absolute
1313,394,Application area,109,119,depressed ,1.0,manual,,,,,,,,
1314,394,Application area,140,160,suicidal ideation.^ ,1.0,manual,,,,,,,,
1315,394,Application area,456,466,depression,1.0,manual,,,,,,,,
1316,394,Application area,901,919,suicidal ideation ,1.0,manual,,,,,,,,
1317,394,Application area,952,972,depressive episodes ,1.0,manual,,,,,,,,
1318,9501,Application area,34,65,Treatment-Resistant Depression ,1.0,manual,,,,,,,,
1319,9501,Application area,156,187,treatment-resistant depression ,1.0,manual,,,,,,,,
1320,9501,Application area,188,191,TRD,1.0,manual,,,,,,,,
1321,9501,Dosage,363,373,0.5-mg/kg ,1.0,manual,0.5 mg/kg,0.5,0.5,mg,kg,1.0,,relative_weight
1322,9501,Dosage,386,396,0.2-mg/kg ,1.0,manual,0.2 mg/kg,0.2,0.2,mg,kg,1.0,,relative_weight
1323,2411,Application area,89,122,treatment resistant depression.^ ,1.0,manual,,,,,,,,
1324,2411,Application area,1516,1547,Treatment‐resistant depression ,1.0,manual,,,,,,,,
1325,2411,Application area,1548,1551,TRD,1.0,manual,,,,,,,,
1326,2411,Application area,1621,1638,Major depression ,1.0,manual,,,,,,,,
1327,6189,Dosage,1095,1102,100 μg ,1.0,manual,100 μg,100.0,100.0,μg,,,,absolute
1328,6189,Dosage,1176,1183,100 μg ,1.0,manual,100 μg,100.0,100.0,μg,,,,absolute
1329,6189,Dosage,1243,1250,100 μg ,1.0,manual,100 μg,100.0,100.0,μg,,,,absolute
1330,6189,Dosage,1343,1350,100 μg ,1.0,manual,100 μg,100.0,100.0,μg,,,,absolute
1331,9505,Application area,27,38,Suicidality,1.0,manual,,,,,,,,
1332,9505,Application area,85,93,Suicide ,1.0,manual,,,,,,,,
1333,9505,Application area,144,152,suicide ,1.0,manual,,,,,,,,
1334,9505,Application area,381,392,depression ,1.0,manual,,,,,,,,
1335,652,Application area,37,54,suicidal ideation,1.0,manual,,,,,,,,
1336,652,Application area,256,273,suicidal ideation,1.0,manual,,,,,,,,
1337,7041,Dosage,899,906,100 mg ,1.0,manual,100 mg,100.0,100.0,mg,,,,absolute
1338,2418,Application area,44,49,ADHD ,1.0,manual,,,,,,,,
1339,2418,Application area,402,443,Attention‐Deficit/Hyperactivity Disorder ,1.0,manual,,,,,,,,
1340,2418,Dosage,685,691,20 mcg,1.0,manual,20 µg,20.0,20.0,µg,,,,absolute
1341,1286,Dosage,900,907,100 mg ,1.0,manual,100 mg,100.0,100.0,mg,,,,absolute
1342,6901,Application area,56,74,suicidal ideation ,1.0,manual,,,,,,,,
1343,6901,Application area,77,110,treatment-resistant depression.^ ,1.0,manual,,,,,,,,
1344,6901,Application area,206,224,suicidal ideation ,1.0,manual,,,,,,,,
1345,6901,Application area,225,227,SI,1.0,manual,,,,,,,,
1346,6901,Application area,327,330,SI ,1.0,manual,,,,,,,,
1347,6901,Application area,424,427,SI ,1.0,manual,,,,,,,,
1348,1345,Dosage,705,715,0.75 mg/kg,1.0,manual,0.75 mg/kg,0.75,0.75,mg,kg,1.0,,relative_weight
1349,7739,Dosage,657,663,200 μg,1.0,manual,200 μg,200.0,200.0,μg,,,,absolute
1350,6470,Application area,169,199,treatment resistant depression,1.0,manual,,,,,,,,
1351,6470,Dosage,479,489,0.63 mg/kg,1.0,manual,0.63 mg/kg,0.63,0.63,mg,kg,1.0,,relative_weight
1352,6470,Dosage,506,524,0.30 - 2.98 mg/kg ,1.0,manual,0.30 - 2.98 mg/kg,0.3,2.98,mg,kg,1.0,,relative_weight
1353,4424,Application area,24,43,depressive symptoms,1.0,manual,,,,,,,,
1354,4424,Application area,135,160,Major Depressive Disorder,1.0,manual,,,,,,,,
1355,4424,Application area,407,426,depressive symptoms,1.0,manual,,,,,,,,
1356,8868,Dosage,593,600,125 mg ,1.0,manual,125 mg,125.0,125.0,mg,,,,absolute
1357,8868,Dosage,1721,1727,125 mg,1.0,manual,125 mg,125.0,125.0,mg,,,,absolute
1358,4885,Application area,80,89,Cancer.^ ,1.0,manual,,,,,,,,
1359,4885,Application area,169,180,depression ,1.0,manual,,,,,,,,
1360,4885,Application area,637,663,major depressive disorder ,1.0,manual,,,,,,,,
1361,4885,Application area,674,713,adjustment disorder with depressed mood,1.0,manual,,,,,,,,
1362,4885,Dosage,972,977,25 mg,1.0,manual,25 mg,25.0,25.0,mg,,,,absolute
1363,9496,Application area,70,89,major depression.^ ,1.0,manual,,,,,,,,
1364,9496,Application area,309,325,major depression,1.0,manual,,,,,,,,
1365,9496,Application area,431,477,treatment-resistant major depressive disorder ,1.0,manual,,,,,,,,
1366,1447,Application area,78,108,treatment-resistant depression,1.0,manual,,,,,,,,
1367,1447,Application area,215,232,major depression ,1.0,manual,,,,,,,,
1368,1447,Application area,242,273,treatment-resistant depression ,1.0,manual,,,,,,,,
1369,1447,Application area,274,277,TRD,1.0,manual,,,,,,,,
1370,1447,Application area,314,318,TRD ,1.0,manual,,,,,,,,
1371,1447,Application area,687,690,TRD,1.0,manual,,,,,,,,
1372,1447,Dosage,763,772,0.5 mg/kg,1.0,manual,0.5 mg/kg,0.5,0.5,mg,kg,1.0,,relative_weight
1373,1447,Dosage,774,783,0.2 mg/kg,1.0,manual,0.2 mg/kg,0.2,0.2,mg,kg,1.0,,relative_weight
1374,1447,Dosage,1058,1067,0.5 mg/kg,1.0,manual,0.5 mg/kg,0.5,0.5,mg,kg,1.0,,relative_weight
1375,1447,Dosage,1076,1085,0.2 mg/kg,1.0,manual,0.2 mg/kg,0.2,0.2,mg,kg,1.0,,relative_weight
1376,558,Application area,15,33,suicidal ideation ,1.0,manual,,,,,,,,
1377,558,Application area,88,99,depression ,1.0,manual,,,,,,,,
1378,558,Application area,103,113,anxiety.^ ,1.0,manual,,,,,,,,
1379,558,Application area,124,132,Suicide ,1.0,manual,,,,,,,,
1380,558,Application area,222,239,suicidal ideation,1.0,manual,,,,,,,,
1381,558,Application area,325,343,suicidal ideation ,1.0,manual,,,,,,,,
1382,558,Application area,354,365,depression ,1.0,manual,,,,,,,,
1383,558,Application area,369,376,anxiety,1.0,manual,,,,,,,,
1384,558,Application area,506,523,suicidal thoughts,1.0,manual,,,,,,,,
1385,558,Application area,540,551,depressive ,1.0,manual,,,,,,,,
1386,558,Application area,555,563,anxiety ,1.0,manual,,,,,,,,
1387,558,Dosage,738,748,0.5 mg/kg ,1.0,manual,0.5 mg/kg,0.5,0.5,mg,kg,1.0,,relative_weight
1388,8847,Application area,85,103,bipolar depression,1.0,manual,,,,,,,,
1389,8847,Application area,317,356,treatment-resistant bipolar depression ,1.0,manual,,,,,,,,
1390,8847,Application area,357,359,BD,1.0,manual,,,,,,,,
1391,5012,Application area,117,146,obsessive-compulsive disorder,1.0,manual,,,,,,,,
1392,5012,Application area,215,245,obsessive-compulsive disorder ,1.0,manual,,,,,,,,
1393,5012,Application area,246,249,OCD,1.0,manual,,,,,,,,
1394,8101,Dosage,592,602,230 μg/kg ,1.0,manual,230 μg/kg,230.0,230.0,μg,kg,1.0,,relative_weight
1395,1874,Application area,376,395,chronic opioid use ,1.0,manual,,,,,,,,
1396,9419,Dosage,1151,1161,0.81 mg/kg,1.0,manual,0.81 mg/kg,0.81,0.81,mg,kg,1.0,,relative_weight
1397,3237,Application area,52,68,Neuropathic Pain,1.0,manual,,,,,,,,
1398,3237,Application area,271,288,neuropathic pain ,1.0,manual,,,,,,,,
1399,3237,Application area,509,525,neuropathic pain,1.0,manual,,,,,,,,
1400,4701,Dosage,365,371,75 mg ,1.0,manual,75 mg,75.0,75.0,mg,,,,absolute
1401,2423,Application area,353,381,treatment resistant bipolar ,1.0,manual,,,,,,,,
1402,2423,Application area,381,394,depression.^ ,1.0,manual,,,,,,,,
1403,2423,Application area,876,895,tretment resistant ,1.0,manual,,,,,,,,
1404,2423,Application area,895,905,depression,1.0,manual,,,,,,,,
1405,2423,Application area,1272,1281,suicidal ,1.0,manual,,,,,,,,
1406,2423,Application area,1281,1289,thoughts,1.0,manual,,,,,,,,
1407,953,Application area,53,84,treatment-resistant depression ,1.0,manual,,,,,,,,
1408,953,Application area,309,340,treatment-resistant depression ,1.0,manual,,,,,,,,
1409,953,Application area,341,344,TRD,1.0,manual,,,,,,,,
1410,121,Application area,86,119,treatment-resistant depression.^ ,1.0,manual,,,,,,,,
1411,121,Application area,168,179,depression ,1.0,manual,,,,,,,,
1412,7980,Application area,93,126,treatment-resistant depression.^ ,1.0,manual,,,,,,,,
1413,7980,Application area,203,233,treatment-resistant depression,1.0,manual,,,,,,,,
1414,7980,Application area,296,315,depressive symptoms,1.0,manual,,,,,,,,
1415,7980,Dosage,536,549,0.15 mg/kg/h ,1.0,manual,0.15 mg/kg/h,0.15,0.15,mg,kg,1.0,h,relative_weight_time
1416,7980,Dosage,565,576,0.6 mg/kg/h,1.0,manual,0.6 mg/kg/h,0.6,0.6,mg,kg,1.0,h,relative_weight_time
1417,7980,Dosage,1121,1133,0.54 mg/kg/h,1.0,manual,0.54 mg/kg/h,0.54,0.54,mg,kg,1.0,h,relative_weight_time
1418,602,Application area,52,72,depressive symptoms ,1.0,manual,,,,,,,,
1419,602,Application area,76,81,pain ,1.0,manual,,,,,,,,
1420,602,Application area,152,173,Depressive disorders ,1.0,manual,,,,,,,,
1421,602,Application area,190,197,cancer ,1.0,manual,,,,,,,,
1422,602,Application area,236,246,depression,1.0,manual,,,,,,,,
1423,1511,Application area,26,55,Posttraumatic Stress Disorder,1.0,manual,,,,,,,,
1424,1511,Application area,301,351,treatment-resistant posttraumatic stress disorder ,1.0,manual,,,,,,,,
1425,1511,Application area,352,356,PTSD,1.0,manual,,,,,,,,
1426,1511,Application area,609,614,PTSD ,1.0,manual,,,,,,,,
1427,8991,Application area,78,117,Severe Posttraumatic Stress Disorder.^ ,1.0,manual,,,,,,,,
1428,8991,Application area,129,159,Posttraumatic stress disorder ,1.0,manual,,,,,,,,
1429,8991,Application area,160,164,PTSD,1.0,manual,,,,,,,,
1430,7946,Application area,41,49,Suicide ,1.0,manual,,,,,,,,
1431,7946,Application area,90,102,Suicidality ,1.0,manual,,,,,,,,
1432,7946,Application area,184,202,suicidal thoughts ,1.0,manual,,,,,,,,
1433,7946,Application area,255,272,suicidal ideation,1.0,manual,,,,,,,,
1434,7946,Application area,335,347,suicidality ,1.0,manual,,,,,,,,
1435,7946,Application area,380,388,suicide ,1.0,manual,,,,,,,,
1436,7946,Dosage,606,615,0.5 mg/kg,1.0,manual,0.5 mg/kg,0.5,0.5,mg,kg,1.0,,relative_weight
1437,7414,Application area,37,63,Major Depressive Disorder ,1.0,manual,,,,,,,,
1438,7414,Application area,74,89,Palliative Care,1.0,manual,,,,,,,,
1439,7414,Application area,279,286,cancer ,1.0,manual,,,,,,,,
1440,7414,Application area,301,327,major depressive disorder ,1.0,manual,,,,,,,,
1441,7414,Application area,328,331,MDD,1.0,manual,,,,,,,,
1442,7414,Application area,348,364,palliative care ,1.0,manual,,,,,,,,
1443,7414,Application area,365,367,PC,1.0,manual,,,,,,,,
1444,7414,Dosage,529,538,0.5 mg/kg,1.0,manual,0.5 mg/kg,0.5,0.5,mg,kg,1.0,,relative_weight
1445,6111,Application area,50,69,Cluster Headache.^ ,1.0,manual,,,,,,,,
1446,6111,Application area,367,385,headache disorders,1.0,manual,,,,,,,,
1447,6111,Application area,540,557,cluster headache ,1.0,manual,,,,,,,,
1448,6111,Application area,558,560,CH,1.0,manual,,,,,,,,
1449,6111,Dosage,635,642,100 µg ,1.0,manual,100 µg,100.0,100.0,µg,,,,absolute
1450,9071,Application area,36,101,postoperative depressive symptoms in patients with breast cancer ,1.0,manual,,,,,,,,
1451,9071,Application area,173,193,Depressive symptoms ,1.0,manual,,,,,,,,
1452,9071,Application area,509,529,depressive symptoms ,1.0,manual,,,,,,,,
1453,9071,Dosage,1029,1039,0.25 mg/kg,1.0,manual,0.25 mg/kg,0.25,0.25,mg,kg,1.0,,relative_weight
1454,4530,Application area,37,47,alcoholism,1.0,manual,,,,,,,,
1455,4530,Application area,165,176,alcoholism ,1.0,manual,,,,,,,,
1456,4530,Application area,365,375,alcoholism,1.0,manual,,,,,,,,
1457,6302,Dosage,717,727,0.8 mg/kg ,1.0,manual,0.8 mg/kg,0.8,0.8,mg,kg,1.0,,relative_weight
1458,6496,Application area,32,48,neuropathic pain,1.0,manual,,,,,,,,
1459,6496,Application area,286,312,chronic neuropathic pain. ,1.0,manual,,,,,,,,
1460,6496,Application area,333,350,neuropathic pain ,1.0,manual,,,,,,,,
1461,6496,Dosage,540,545,5 mg ,1.0,manual,5 mg,5.0,5.0,mg,,,,absolute
1462,5698,Application area,106,164,"chronic, treatment-resistant posttraumatic stress disorder",1.0,manual,,,,,,,,
1463,8051,Application area,32,62,Treatment-Resistant Depression,1.0,manual,,,,,,,,
1464,8051,Application area,295,326,treatment-resistant depression ,1.0,manual,,,,,,,,
1465,8051,Application area,327,330,TRD,1.0,manual,,,,,,,,
1466,8051,Dosage,503,513,.20 mg/kg ,1.0,manual,0.20 mg/kg,0.2,0.2,mg,kg,1.0,,relative_weight
1467,8051,Dosage,516,526,.40 mg/kg ,1.0,manual,0.40 mg/kg,0.4,0.4,mg,kg,1.0,,relative_weight
1468,8051,Dosage,1752,1762,.20 mg/kg ,1.0,manual,0.20 mg/kg,0.2,0.2,mg,kg,1.0,,relative_weight
1469,8051,Dosage,1765,1775,.40 mg/kg ,1.0,manual,0.40 mg/kg,0.4,0.4,mg,kg,1.0,,relative_weight
1470,640,Dosage,651,662,20 mg/70 kg,1.0,manual,20 mg/70 kg,20.0,20.0,mg,kg,70.0,,relative_weight
1471,6176,Application area,94,109,Chronic PTSD.^ ,1.0,manual,,,,,,,,
1472,6176,Application area,292,305,chronic PTSD ,1.0,manual,,,,,,,,
1473,6176,Dosage,678,685,120 mg ,1.0,manual,120 mg,120.0,120.0,mg,,,,absolute
1474,6176,Dosage,732,737,60 mg,1.0,manual,60 mg,60.0,60.0,mg,,,,absolute
1475,7719,Application area,24,33,headache ,1.0,manual,,,,,,,,
1476,7719,Application area,99,108,migraine ,1.0,manual,,,,,,,,
1477,7719,Application area,112,128,cluster headache,1.0,manual,,,,,,,,
1478,7719,Application area,181,190,Headache ,1.0,manual,,,,,,,,
1479,7719,Application area,521,550,cluster and migraine headache,1.0,manual,,,,,,,,
1480,7719,Application area,699,708,headache ,1.0,manual,,,,,,,,
1481,7719,Dosage,1121,1132,0.143 mg/kg,1.0,manual,0.143 mg/kg,0.143,0.143,mg,kg,1.0,,relative_weight
1482,7719,Dosage,1258,1270,0.143 mg/ kg,1.0,manual,0.143 mg/kg,0.143,0.143,mg,kg,1.0,,relative_weight
1483,3238,Application area,37,40,MDD,1.0,manual,,,,,,,,
1484,3238,Application area,211,215,MDD ,1.0,manual,,,,,,,,
1485,6035,Application area,104,119,Chronic PTSD.^ ,1.0,manual,,,,,,,,
1486,6035,Application area,119,149,Posttraumatic stress disorder ,1.0,manual,,,,,,,,
1487,6035,Application area,150,154,PTSD,1.0,manual,,,,,,,,
1488,6035,Application area,299,304,PTSD ,1.0,manual,,,,,,,,
1489,6035,Application area,376,380,PTSD,1.0,manual,,,,,,,,
1490,6035,Dosage,1021,1035,125 vs. 25 mg ,1.0,manual,125 vs. 25 mg,125.0,25.0,mg,,,,absolute
1491,6035,Dosage,1212,1228,125 and 62.5 mg ,1.0,manual,125 and 62.5 mg,62.5,125.0,mg,,,,absolute
1492,6035,Dosage,1300,1315,25 and 125. mg ,1.0,manual,25 and 125. mg,25.0,125.0,mg,,,,absolute
1493,4905,Dosage,804,824,"50, 100 and 200 mcg ",1.0,manual,"50, 100 and 200 µg",50.0,200.0,µg,,,,absolute
1494,4905,Dosage,1095,1111,100 and 200 mcg ,1.0,manual,100 and 200 µg,100.0,200.0,µg,,,,absolute
1495,4905,Dosage,1141,1148,100 mcg,1.0,manual,100 µg,100.0,100.0,µg,,,,absolute
1496,4905,Dosage,1222,1229,200 mcg,1.0,manual,200 µg,200.0,200.0,µg,,,,absolute
1497,4905,Dosage,1460,1468,100 mcg ,1.0,manual,100 µg,100.0,100.0,µg,,,,absolute
1498,4152,Application area,17,47,treatment resistant depression,1.0,manual,,,,,,,,
1499,4152,Application area,128,159,treatment-resistant depression ,1.0,manual,,,,,,,,
1500,4152,Application area,160,163,TRD,1.0,manual,,,,,,,,
1501,4152,Application area,450,453,TRD,1.0,manual,,,,,,,,
1502,1052,Application area,44,69,eating disorder symptoms ,1.0,manual,,,,,,,,
1503,1052,Application area,132,139,PTSD.^ ,1.0,manual,,,,,,,,
1504,1052,Application area,153,170,Eating disorders ,1.0,manual,,,,,,,,
1505,1052,Application area,171,174,EDs,1.0,manual,,,,,,,,
1506,1052,Application area,180,210,posttraumatic stress disorder ,1.0,manual,,,,,,,,
1507,1052,Application area,211,215,PTSD,1.0,manual,,,,,,,,
1508,1052,Application area,299,301,ED,1.0,manual,,,,,,,,
1509,1052,Application area,302,306,PTSD,1.0,manual,,,,,,,,
1510,1052,Application area,405,410,PTSD ,1.0,manual,,,,,,,,
1511,1052,Application area,435,437,ED,1.0,manual,,,,,,,,
1512,1052,Application area,438,442,PTSD,1.0,manual,,,,,,,,
1513,1871,Application area,147,154,PTSD.^ ,1.0,manual,,,,,,,,
1514,1871,Application area,253,279,mood and anxiety symptoms ,1.0,manual,,,,,,,,
1515,1871,Application area,293,324,post-traumatic stress disorder ,1.0,manual,,,,,,,,
1516,1871,Application area,325,329,PTSD,1.0,manual,,,,,,,,
1517,1871,Application area,462,467,PTSD ,1.0,manual,,,,,,,,
1518,1871,Dosage,683,689,15 mg ,1.0,manual,15 mg,15.0,15.0,mg,,,,absolute
1519,1871,Dosage,693,698,25 mg,1.0,manual,25 mg,25.0,25.0,mg,,,,absolute
1520,1871,Application area,775,779,PTSD,1.0,manual,,,,,,,,
1521,1871,Dosage,907,912,15 mg,1.0,manual,15 mg,15.0,15.0,mg,,,,absolute
1522,1871,Dosage,942,947,25 mg,1.0,manual,25 mg,25.0,25.0,mg,,,,absolute
1523,9381,Application area,41,72,postpartum depressive symptoms ,1.0,manual,,,,,,,,
1524,9381,Application area,153,175,Postpartum depression ,1.0,manual,,,,,,,,
1525,9381,Application area,176,179,PPD,1.0,manual,,,,,,,,
1526,9381,Application area,468,499,postpartum depressive symptoms ,1.0,manual,,,,,,,,
1527,9381,Dosage,698,709,0.25 mg/kg ,1.0,manual,0.25 mg/kg,0.25,0.25,mg,kg,1.0,,relative_weight
1528,9381,Dosage,2233,2243,0.25 mg/kg,1.0,manual,0.25 mg/kg,0.25,0.25,mg,kg,1.0,,relative_weight
1529,6345,Application area,40,66,alcohol and substance use ,1.0,manual,,,,,,,,
1530,6345,Application area,109,116,PTSD.^ ,1.0,manual,,,,,,,,
1531,6345,Application area,128,159,Post-traumatic stress disorder ,1.0,manual,,,,,,,,
1532,6345,Application area,160,164,PTSD,1.0,manual,,,,,,,,
1533,6345,Application area,194,230,alcohol and substance use disorders ,1.0,manual,,,,,,,,
1534,6345,Application area,231,235,ASUD,1.0,manual,,,,,,,,
1535,6345,Application area,386,390,PTSD,1.0,manual,,,,,,,,
1536,6325,Application area,86,99,Depression.^ ,1.0,manual,,,,,,,,
1537,6325,Application area,261,277,major depression,1.0,manual,,,,,,,,
1538,6196,Application area,145,156,depression ,1.0,manual,,,,,,,,
1539,6196,Application area,346,357,depression ,1.0,manual,,,,,,,,
1540,6196,Application area,511,522,depression ,1.0,manual,,,,,,,,
1541,6196,Dosage,631,637,25 mg ,1.0,manual,25 mg,25.0,25.0,mg,,,,absolute
1542,1437,Application area,36,67,treatment-resistant depression ,1.0,manual,,,,,,,,
1543,1437,Application area,389,420,treatment-resistant depression ,1.0,manual,,,,,,,,
1544,1437,Application area,421,424,TRD,1.0,manual,,,,,,,,
1545,1437,Application area,535,538,TRD,1.0,manual,,,,,,,,
1546,1437,Dosage,619,629,0.5-mg/kg ,1.0,manual,0.5 mg/kg,0.5,0.5,mg,kg,1.0,,relative_weight
1547,1437,Dosage,639,649,0.2-mg/kg ,1.0,manual,0.2 mg/kg,0.2,0.2,mg,kg,1.0,,relative_weight
1548,1437,Dosage,1131,1141,0.5 mg/kg ,1.0,manual,0.5 mg/kg,0.5,0.5,mg,kg,1.0,,relative_weight
1549,1437,Dosage,1423,1433,0.5-mg/kg ,1.0,manual,0.5 mg/kg,0.5,0.5,mg,kg,1.0,,relative_weight
1550,1437,Dosage,1472,1482,0.5 mg/kg ,1.0,manual,0.5 mg/kg,0.5,0.5,mg,kg,1.0,,relative_weight
1551,8947,Application area,82,101,depressive symptom ,1.0,manual,,,,,,,,
1552,8947,Application area,654,665,depression ,1.0,manual,,,,,,,,
1553,8947,Dosage,1067,1076,0.5 mg/kg,1.0,manual,0.5 mg/kg,0.5,0.5,mg,kg,1.0,,relative_weight
1554,7468,Application area,142,146,TRD ,1.0,manual,,,,,,,,
1555,7468,Dosage,538,544,25 mg ,1.0,manual,25 mg,25.0,25.0,mg,,,,absolute
1556,3451,Dosage,515,525,0.3 mg/kg ,1.0,manual,0.3 mg/kg,0.3,0.3,mg,kg,1.0,,relative_weight
1557,3451,Dosage,537,550,0.15 mg/kg/h ,1.0,manual,0.15 mg/kg/h,0.15,0.15,mg,kg,1.0,h,relative_weight_time
1558,5280,Application area,91,121,treatment resistant depression,1.0,manual,,,,,,,,
1559,5280,Application area,255,286,treatment resistant depression ,1.0,manual,,,,,,,,
1560,5280,Application area,287,290,TRD,1.0,manual,,,,,,,,
1561,5280,Application area,447,451,TRD ,1.0,manual,,,,,,,,
1562,4988,Application area,35,45,depression,1.0,manual,,,,,,,,
1563,4988,Application area,202,212,depression,1.0,manual,,,,,,,,
1564,1237,Application area,72,97,major depressive disorder,1.0,manual,,,,,,,,
1565,1237,Application area,109,126,suicidal ideation,1.0,manual,,,,,,,,
1566,1237,Application area,198,224,Major depressive disorder ,1.0,manual,,,,,,,,
1567,1237,Application area,225,228,MDD,1.0,manual,,,,,,,,
1568,1237,Application area,340,344,MDD ,1.0,manual,,,,,,,,
1569,1237,Application area,567,585,suicidal ideation ,1.0,manual,,,,,,,,
1570,1237,Application area,586,588,SI,1.0,manual,,,,,,,,
1571,1237,Application area,690,694,MDD ,1.0,manual,,,,,,,,
1572,1237,Dosage,2154,2160,84 mg ,1.0,manual,84 mg,84.0,84.0,mg,,,,absolute
1573,5524,Application area,73,101,major depressive disorder.^ ,1.0,manual,,,,,,,,
1574,5524,Application area,177,203,major depressive disorder ,1.0,manual,,,,,,,,
1575,5524,Application area,204,207,MDD,1.0,manual,,,,,,,,
1576,9151,Dosage,578,584,50 μg ,1.0,manual,50 μg,50.0,50.0,μg,,,,absolute
1577,9055,Application area,86,119,treatment-resistant depression.^ ,1.0,manual,,,,,,,,
1578,9055,Application area,210,220,depression,1.0,manual,,,,,,,,
1579,9055,Application area,296,327,treatment-resistant depression ,1.0,manual,,,,,,,,
1580,6366,Application area,87,120,treatment-resistant depression.^ ,1.0,manual,,,,,,,,
1581,6366,Dosage,574,583,0.5 mg/kg,1.0,manual,0.5 mg/kg,0.5,0.5,mg,kg,1.0,,relative_weight
1582,518,Dosage,529,539,1.5 mg/kg ,1.0,manual,1.5 mg/kg,1.5,1.5,mg,kg,1.0,,relative_weight
1583,2034,Application area,59,70,depression ,1.0,manual,,,,,,,,
1584,2034,Application area,453,484,treatment resistant depression ,1.0,manual,,,,,,,,
1585,2034,Application area,485,488,TRD,1.0,manual,,,,,,,,
1586,2034,Application area,635,646,depression ,1.0,manual,,,,,,,,
1587,7077,Application area,84,117,treatment-resistant depression.^ ,1.0,manual,,,,,,,,
1588,7077,Application area,255,274,depressed patients ,1.0,manual,,,,,,,,
1589,5378,Dosage,636,646,0.17 mg/kg,1.0,manual,0.17 mg/kg,0.17,0.17,mg,kg,1.0,,relative_weight
1590,6558,Dosage,445,455,0.3 mg/kg ,1.0,manual,0.3 mg/kg,0.3,0.3,mg,kg,1.0,,relative_weight
1591,764,Application area,342,368,major depressive disorder ,1.0,manual,,,,,,,,
1592,764,Application area,369,372,MDD,1.0,manual,,,,,,,,
1593,6377,Application area,30,49,Alcohol Dependence ,1.0,manual,,,,,,,,
1594,6377,Application area,288,306,alcohol dependence,1.0,manual,,,,,,,,
1595,8089,Application area,32,57,major depressive disorder,1.0,manual,,,,,,,,
1596,8089,Dosage,612,621,0.3 mg/kg,1.0,manual,0.3 mg/kg,0.3,0.3,mg,kg,1.0,,relative_weight
1597,5997,Application area,130,135,pain ,1.0,manual,,,,,,,,
1598,5997,Dosage,1172,1182,0.1 mg/kg ,1.0,manual,0.1 mg/kg,0.1,0.1,mg,kg,1.0,,relative_weight
1599,5997,Dosage,1238,1248,0.1 mg/kg ,1.0,manual,0.1 mg/kg,0.1,0.1,mg,kg,1.0,,relative_weight
1600,75,Application area,32,61,antidepressant-resistant PTSD,1.0,manual,,,,,,,,
1601,75,Application area,137,167,Posttraumatic stress disorder ,1.0,manual,,,,,,,,
1602,75,Application area,168,172,PTSD,1.0,manual,,,,,,,,
1603,75,Application area,359,363,PTSD,1.0,manual,,,,,,,,
1604,75,Application area,384,389,PTSD ,1.0,manual,,,,,,,,
1605,75,Application area,606,611,PTSD ,1.0,manual,,,,,,,,
1606,75,Application area,806,810,PTSD,1.0,manual,,,,,,,,
1607,75,Application area,851,856,PTSD ,1.0,manual,,,,,,,,
1608,75,Application area,1019,1023,PTSD,1.0,manual,,,,,,,,
1609,75,Dosage,1458,1467,0.5 mg/kg,1.0,manual,0.5 mg/kg,0.5,0.5,mg,kg,1.0,,relative_weight
1610,75,Dosage,1478,1487,0.2 mg/kg,1.0,manual,0.2 mg/kg,0.2,0.2,mg,kg,1.0,,relative_weight
1611,7074,Application area,45,63,suicidal cognition,1.0,manual,,,,,,,,
1612,7074,Application area,98,131,treatment-resistant depression.^ ,1.0,manual,,,,,,,,
1613,7074,Application area,215,233,suicidal cognition,1.0,manual,,,,,,,,
1614,7074,Application area,273,283,depressed ,1.0,manual,,,,,,,,
1615,7074,Application area,312,319,suicide,1.0,manual,,,,,,,,
1616,7074,Application area,460,479,suicidal cognition ,1.0,manual,,,,,,,,
1617,7074,Application area,521,540,suicidal cognition ,1.0,manual,,,,,,,,
1618,6837,Application area,32,42,depression,1.0,manual,,,,,,,,
1619,6837,Application area,208,219,depression ,1.0,manual,,,,,,,,
1620,6837,Dosage,1147,1151,8.92,1.0,manual,8.92,8.92,8.92,,,,,absolute
1621,6837,Dosage,1153,1158,24.68,1.0,manual,24.68,24.68,24.68,,,,,absolute
1622,6837,Dosage,1164,1179,36.08 mg/70 kg ,1.0,manual,36.08 mg/70 kg,36.08,36.08,mg,kg,70.0,,relative_weight
1623,6677,Dosage,761,767,100 mg,1.0,manual,100 mg,100.0,100.0,mg,,,,absolute
1624,8041,Application area,117,148,Treatment-Refractory Depression,1.0,manual,,,,,,,,
1625,8041,Application area,253,284,treatment-resistant depression ,1.0,manual,,,,,,,,
1626,8041,Application area,285,288,TRD,1.0,manual,,,,,,,,
1627,8041,Application area,456,460,TRD ,1.0,manual,,,,,,,,
1628,8041,Dosage,677,687,0.5 mg/kg ,1.0,manual,0.5 mg/kg,0.5,0.5,mg,kg,1.0,,relative_weight
1629,8041,Dosage,730,742,56- or 84-mg,1.0,manual,56 or 84 mg,56.0,84.0,mg,,,,absolute
1630,6115,Dosage,367,379,0.200 mg/Kg ,1.0,manual,0.200 mg/kg,0.2,0.2,mg,kg,1.0,,relative_weight
1631,6115,Dosage,477,489,0.200 mg/Kg ,1.0,manual,0.200 mg/kg,0.2,0.2,mg,kg,1.0,,relative_weight
1632,6115,Dosage,547,559,0.215 mg/Kg ,1.0,manual,0.215 mg/kg,0.215,0.215,mg,kg,1.0,,relative_weight
1633,6115,Dosage,696,708,0.315 mg/Kg ,1.0,manual,0.315 mg/kg,0.315,0.315,mg,kg,1.0,,relative_weight
1634,1435,Application area,53,83,treatment-resistant depression,1.0,manual,,,,,,,,
1635,1435,Application area,323,354,treatment-resistant depression ,1.0,manual,,,,,,,,
1636,1435,Application area,355,358,TRD,1.0,manual,,,,,,,,
1637,902,Dosage,818,846,"0.024, 0.081 and 0.27 mg/kg ",1.0,manual,"0.024, 0.081 and 0.27 mg/kg",0.024,0.27,mg,kg,1.0,,relative_weight
1638,902,Dosage,1533,1549,after 0.27 mg/kg,1.0,manual,0.27 mg/kg,0.27,0.27,mg,kg,1.0,,relative_weight
1639,902,Dosage,1849,1860,0.081 mg/kg,1.0,manual,0.081 mg/kg,0.081,0.081,mg,kg,1.0,,relative_weight
1640,8910,Dosage,1456,1466,1.7 mg/kg ,1.0,manual,1.7 mg/kg,1.7,1.7,mg,kg,1.0,,relative_weight
1641,8910,Dosage,1690,1699,1.7 mg/kg,1.0,manual,1.7 mg/kg,1.7,1.7,mg,kg,1.0,,relative_weight
1642,9611,Application area,44,62,suicidal ideation ,1.0,manual,,,,,,,,
1643,9611,Application area,81,106,major depressive disorder,1.0,manual,,,,,,,,
1644,8902,Dosage,507,516,1.7 mg/kg,1.0,manual,1.7 mg/kg,1.7,1.7,mg,kg,1.0,,relative_weight
1645,8751,Application area,108,125,major depression ,1.0,manual,,,,,,,,
1646,8751,Application area,129,163,borderline personality disorder.^ ,1.0,manual,,,,,,,,
1647,6123,Application area,112,119,Pain.^ ,1.0,manual,,,,,,,,
1648,4884,Application area,210,220,depression,1.0,manual,,,,,,,,
1649,4884,Application area,222,229,anxiety,1.0,manual,,,,,,,,
1650,4884,Application area,769,789,depressive disorder ,1.0,manual,,,,,,,,
1651,4884,Dosage,1544,1549,25 mg,1.0,manual,25 mg,25.0,25.0,mg,,,,absolute
1652,8987,Application area,55,60,pain ,1.0,manual,,,,,,,,
1653,8987,Application area,588,593,pain ,1.0,manual,,,,,,,,
1654,8987,Dosage,774,785,0.4 mg kg‐1,1.0,manual,0.4 mg kg‐1,0.4,1.0,mg,,,,absolute
1655,8987,Dosage,1152,1163,0.4 mg kg‐1,1.0,manual,0.4 mg kg‐1,0.4,1.0,mg,,,,absolute
1656,8987,Application area,2263,2267,pain,1.0,manual,,,,,,,,
1657,4634,Dosage,745,750,75 mg,1.0,manual,75 mg,75.0,75.0,mg,,,,absolute
1658,8959,Application area,65,95,Treatment-Resistant Depression,1.0,manual,,,,,,,,
1659,8959,Application area,306,337,treatment-resistant depression ,1.0,manual,,,,,,,,
1660,8959,Application area,338,341,TRD,1.0,manual,,,,,,,,
1661,8959,Dosage,706,711,28-mg,1.0,manual,28 mg,28.0,28.0,mg,,,,absolute
1662,8959,Dosage,713,718,56-mg,1.0,manual,56 mg,56.0,56.0,mg,,,,absolute
1663,8959,Dosage,723,728,84-mg,1.0,manual,84 mg,84.0,84.0,mg,,,,absolute
1664,497,Application area,46,67,cannabis use disorder,1.0,manual,,,,,,,,
1665,497,Application area,299,320,cannabis use disorder,1.0,manual,,,,,,,,
1666,497,Application area,619,641,cannabis use disorder ,1.0,manual,,,,,,,,
1667,497,Application area,642,645,CUD,1.0,manual,,,,,,,,
1668,497,Dosage,941,952,0.71 mg/kg ,1.0,manual,0.71 mg/kg,0.71,0.71,mg,kg,1.0,,relative_weight
1669,497,Dosage,966,977,1.41 mg/kg ,1.0,manual,1.41 mg/kg,1.41,1.41,mg,kg,1.0,,relative_weight
1670,2225,Dosage,693,699,100 mg,1.0,manual,100 mg,100.0,100.0,mg,,,,absolute
1671,2861,Dosage,958,976,20 to 30 mg/70 kg ,1.0,manual,20-30 mg/70 kg,20.0,30.0,mg,kg,70.0,,relative_weight
1672,2861,Dosage,1149,1171,receiving 20 mg/70 kg ,1.0,manual,20 mg/70 kg,20.0,20.0,mg,kg,70.0,,relative_weight
1673,2861,Dosage,1205,1217,30 mg/70 kg ,1.0,manual,30 mg/70 kg,30.0,30.0,mg,kg,70.0,,relative_weight
1674,2861,Dosage,1282,1288,25 mg ,1.0,manual,25 mg,25.0,25.0,mg,,,,absolute
1675,2861,Dosage,1434,1446,20 mg/70 kg ,1.0,manual,20 mg/70 kg,20.0,20.0,mg,kg,70.0,,relative_weight
1676,2861,Dosage,1450,1462,30 mg/70 kg ,1.0,manual,30 mg/70 kg,30.0,30.0,mg,kg,70.0,,relative_weight
1677,2820,Application area,33,64,treatment-resistant depression ,1.0,manual,,,,,,,,
1678,2820,Application area,165,176,depression ,1.0,manual,,,,,,,,
1679,2820,Dosage,574,581,100 mg ,1.0,manual,100 mg,100.0,100.0,mg,,,,absolute
1680,2820,Application area,757,787,treatment-resistant depressed ,1.0,manual,,,,,,,,
1681,2820,Dosage,1102,1109,100 mg ,1.0,manual,100 mg,100.0,100.0,mg,,,,absolute
1682,2820,Application area,2067,2070,TRD,1.0,manual,,,,,,,,
1683,1811,Application area,94,118,Smoking-related disease ,1.0,manual,,,,,,,,
1684,1811,Application area,287,311,substance use disorders ,1.0,manual,,,,,,,,
1685,6250,Dosage,1720,1727,120 mg ,1.0,manual,120 mg,120.0,120.0,mg,,,,absolute
1686,6250,Dosage,1729,1735,60 mg ,1.0,manual,60 mg,60.0,60.0,mg,,,,absolute
1687,6250,Dosage,1757,1764,120 mg ,1.0,manual,120 mg,120.0,120.0,mg,,,,absolute
1688,6244,Application area,15,35,Opioid Use Disorder ,1.0,manual,,,,,,,,
1689,6244,Application area,436,440,OUD ,1.0,manual,,,,,,,,
1690,6244,Dosage,1256,1261,40mg ,1.0,manual,40 mg,40.0,40.0,mg,,,,absolute
1691,6244,Dosage,1415,1420,40mg ,1.0,manual,40 mg,40.0,40.0,mg,,,,absolute
1692,3928,Application area,101,129,major depressive disorder.^ ,1.0,manual,,,,,,,,
1693,3928,Dosage,436,441,30 mg,1.0,manual,30 mg,30.0,30.0,mg,,,,absolute
1694,3928,Dosage,443,448,50 mg,1.0,manual,50 mg,50.0,50.0,mg,,,,absolute
1695,3928,Dosage,454,460,70 mg ,1.0,manual,70 mg,70.0,70.0,mg,,,,absolute
1696,3928,Application area,495,499,MDD ,1.0,manual,,,,,,,,
1697,1822,Application area,144,149,PTSD ,1.0,manual,,,,,,,,
1698,1822,Application area,153,166,Depression.^ ,1.0,manual,,,,,,,,
1699,1822,Application area,337,368,Post-traumatic stress disorder ,1.0,manual,,,,,,,,
1700,1822,Application area,369,373,PTSD,1.0,manual,,,,,,,,
1701,1822,Application area,379,390,depression ,1.0,manual,,,,,,,,
1702,1822,Application area,669,679,depression,1.0,manual,,,,,,,,
1703,1822,Application area,690,694,PTSD,1.0,manual,,,,,,,,
1704,1806,Application area,78,98,Alcohol Use Disorder,1.0,manual,,,,,,,,
1705,1806,Application area,205,226,alcohol use disorder ,1.0,manual,,,,,,,,
1706,1806,Dosage,641,651,0.71 mg/kg,1.0,manual,0.71 mg/kg,0.71,0.71,mg,kg,1.0,,relative_weight
1707,4888,Application area,152,159,PTSD.^ ,1.0,manual,,,,,,,,
1708,4888,Application area,325,356,post-traumatic stress disorder ,1.0,manual,,,,,,,,
1709,4888,Application area,357,361,PTSD,1.0,manual,,,,,,,,
1710,4888,Application area,514,519,PTSD ,1.0,manual,,,,,,,,
1711,4888,Application area,1701,1706,PTSD ,1.0,manual,,,,,,,,
1712,3926,Dosage,320,326,25 mg ,1.0,manual,25 mg,25.0,25.0,mg,,,,absolute
1713,3926,Dosage,378,384,25 mg ,1.0,manual,25 mg,25.0,25.0,mg,,,,absolute
1714,3926,Application area,468,499,Treatment‐resistant depression ,1.0,manual,,,,,,,,
1715,7002,Application area,82,114,Posttraumatic Stress Disorder.^ ,1.0,manual,,,,,,,,
1716,7002,Application area,114,133,Sleep disturbances ,1.0,manual,,,,,,,,
1717,7002,Application area,134,137,SDs,1.0,manual,,,,,,,,
1718,7002,Application area,204,234,posttraumatic stress disorder ,1.0,manual,,,,,,,,
1719,7002,Application area,235,239,PTSD,1.0,manual,,,,,,,,
1720,7002,Application area,291,296,PTSD ,1.0,manual,,,,,,,,
1721,7002,Application area,306,310,SDs ,1.0,manual,,,,,,,,
1722,7002,Dosage,732,741,75-125 mg,1.0,manual,75-125 mg,75.0,125.0,mg,,,,absolute
1723,7002,Dosage,776,783,0-40 mg,1.0,manual,0-40 mg,0.0,40.0,mg,,,,absolute
1724,9521,Application area,92,123,unipolar and bipolar depression,1.0,manual,,,,,,,,
1725,9521,Application area,387,397,depression,1.0,manual,,,,,,,,
1726,9521,Application area,705,737,unipolar and bipolar depression ,1.0,manual,,,,,,,,
1727,6085,Application area,29,39,Alcoholism,1.0,manual,,,,,,,,
1728,6085,Application area,180,204,alcohol‐related disorder,1.0,manual,,,,,,,,
1729,6085,Application area,722,732,alcoholism,1.0,manual,,,,,,,,
1730,6085,Dosage,1464,1477,20 to 400 mg ,1.0,manual,20-400 mg,20.0,400.0,mg,,,,absolute
1731,6085,Dosage,1537,1556,"240, 320 and 400 mg",1.0,manual,"240, 320 and 400 mg",240.0,400.0,mg,,,,absolute
1732,1537,Application area,109,139,treatment-resistant depression,1.0,manual,,,,,,,,
1733,1537,Application area,320,351,treatment‐resistant depression ,1.0,manual,,,,,,,,
1734,1537,Application area,352,355,TRD,1.0,manual,,,,,,,,
1735,1537,Application area,718,722,TRD ,1.0,manual,,,,,,,,
1736,1537,Dosage,917,927,0.75 mg/kg,1.0,manual,0.75 mg/kg,0.75,0.75,mg,kg,1.0,,relative_weight
1737,5723,Application area,89,94,pain ,1.0,manual,,,,,,,,
1738,5723,Application area,197,202,pain ,1.0,manual,,,,,,,,
1739,5723,Application area,348,353,pain ,1.0,manual,,,,,,,,
1740,5723,Dosage,606,614,2 mg/kg ,1.0,manual,2 mg/kg,2.0,2.0,mg,kg,1.0,,relative_weight
1741,5697,Application area,68,99,post-traumatic stress disorder ,1.0,manual,,,,,,,,
1742,5697,Application area,236,267,Post-traumatic stress disorder ,1.0,manual,,,,,,,,
1743,5697,Application area,268,272,PTSD,1.0,manual,,,,,,,,
1744,5697,Application area,525,538,chronic PTSD ,1.0,manual,,,,,,,,
1745,5697,Dosage,1014,1020,30 mg ,1.0,manual,30 mg,30.0,30.0,mg,,,,absolute
1746,5697,Dosage,1038,1043,75 mg,1.0,manual,75 mg,75.0,75.0,mg,,,,absolute
1747,5697,Dosage,1048,1054,125 mg,1.0,manual,125 mg,125.0,125.0,mg,,,,absolute
1748,5697,Dosage,1395,1401,30 mg ,1.0,manual,30 mg,30.0,30.0,mg,,,,absolute
1749,5697,Dosage,1405,1411,75 mg ,1.0,manual,75 mg,75.0,75.0,mg,,,,absolute
1750,5697,Dosage,1447,1458,100-125 mg ,1.0,manual,100-125 mg,100.0,125.0,mg,,,,absolute
1751,5697,Dosage,1951,1957,30 mg ,1.0,manual,30 mg,30.0,30.0,mg,,,,absolute
1752,5697,Dosage,1964,1970,75 mg ,1.0,manual,75 mg,75.0,75.0,mg,,,,absolute
1753,5697,Dosage,1980,1987,125 mg ,1.0,manual,125 mg,125.0,125.0,mg,,,,absolute
1754,5697,Dosage,2051,2057,75 mg ,1.0,manual,75 mg,75.0,75.0,mg,,,,absolute
1755,5697,Dosage,2061,2068,125 mg ,1.0,manual,125 mg,125.0,125.0,mg,,,,absolute
1756,5697,Dosage,2224,2230,30 mg ,1.0,manual,30 mg,30.0,30.0,mg,,,,absolute
1757,5697,Dosage,2270,2276,30 mg ,1.0,manual,30 mg,30.0,30.0,mg,,,,absolute
1758,5697,Dosage,2349,2355,75 mg ,1.0,manual,75 mg,75.0,75.0,mg,,,,absolute
1759,5697,Dosage,2389,2396,125 mg ,1.0,manual,125 mg,125.0,125.0,mg,,,,absolute
1760,5697,Dosage,2452,2462,100-125 mg,1.0,manual,100-125 mg,100.0,125.0,mg,,,,absolute
1761,5697,Dosage,2553,2559,30 mg ,1.0,manual,30 mg,30.0,30.0,mg,,,,absolute
1762,5697,Dosage,2685,2691,75 mg ,1.0,manual,75 mg,75.0,75.0,mg,,,,absolute
1763,5697,Dosage,3136,3142,75 mg ,1.0,manual,75 mg,75.0,75.0,mg,,,,absolute
1764,5697,Dosage,3146,3152,125 mg,1.0,manual,125 mg,125.0,125.0,mg,,,,absolute
1765,216,Application area,56,87,treatment-resistant depression ,1.0,manual,,,,,,,,
1766,216,Application area,240,251,depression ,1.0,manual,,,,,,,,
1767,216,Application area,255,273,suicidal ideation ,1.0,manual,,,,,,,,
1768,216,Application area,276,307,treatment resistant depression ,1.0,manual,,,,,,,,
1769,216,Application area,308,311,TRD,1.0,manual,,,,,,,,
1770,9225,Dosage,695,705,0.1 mg/kg ,1.0,manual,0.1 mg/kg,0.1,0.1,mg,kg,1.0,,relative_weight
1771,9225,Dosage,751,768,0.0156 mg/kg/min ,1.0,manual,0.0156 mg/kg/min,0.0156,0.0156,mg,kg,1.0,min,relative_weight_time
1772,1649,Application area,56,86,treatment-resistant depression,1.0,manual,,,,,,,,
1773,1649,Application area,203,223,depressive disorder ,1.0,manual,,,,,,,,
1774,1649,Application area,500,511,depression ,1.0,manual,,,,,,,,
1775,1649,Application area,780,810,treatment-resistant depression,1.0,manual,,,,,,,,
1776,1649,Dosage,1087,1097,0.25 mg/kg,1.0,manual,0.25 mg/kg,0.25,0.25,mg,kg,1.0,,relative_weight
1777,1649,Dosage,1112,1121,0.5 mg/kg,1.0,manual,0.5 mg/kg,0.5,0.5,mg,kg,1.0,,relative_weight
1778,2822,Application area,92,102,depression,1.0,manual,,,,,,,,
1779,2822,Dosage,601,607,100mg ,1.0,manual,100 mg,100.0,100.0,mg,,,,absolute
1780,3635,Dosage,604,618,85 and 170 μg ,1.0,manual,85 and 170 μg,85.0,170.0,μg,,,,absolute
1781,3635,Dosage,1195,1209,85 and 170 μg ,1.0,manual,85 and 170 μg,85.0,170.0,μg,,,,absolute
1782,3635,Dosage,1358,1372,85 and 170 μg ,1.0,manual,85 and 170 μg,85.0,170.0,μg,,,,absolute
1783,1799,Application area,81,111,treatment resistant depression,1.0,manual,,,,,,,,
1784,1799,Application area,213,244,treatment-resistant depression ,1.0,manual,,,,,,,,
1785,1799,Application area,245,248,TRD,1.0,manual,,,,,,,,
1786,1799,Application area,429,432,TRD,1.0,manual,,,,,,,,
1787,1964,Application area,53,64,depression ,1.0,manual,,,,,,,,
1788,1964,Application area,79,98,bipolar disorder.^ ,1.0,manual,,,,,,,,
1789,1964,Application area,187,205,bipolar depression,1.0,manual,,,,,,,,
1790,1964,Application area,302,313,depression ,1.0,manual,,,,,,,,
1791,1964,Application area,316,332,bipolar disorder,1.0,manual,,,,,,,,
1792,7048,Application area,280,297,anorexia nervosa ,1.0,manual,,,,,,,,
1793,7048,Application area,300,310,depression,1.0,manual,,,,,,,,
1794,7048,Dosage,531,541,0.2 mg/kg ,1.0,manual,0.2 mg/kg,0.2,0.2,mg,kg,1.0,,relative_weight
1795,319,Application area,34,54,alcohol use disorder,1.0,manual,,,,,,,,
1796,319,Application area,191,211,alcohol use disorder,1.0,manual,,,,,,,,
1797,319,Application area,297,318,alcohol use disorder ,1.0,manual,,,,,,,,
1798,4653,Dosage,854,860,75 mg ,1.0,manual,75 mg,75.0,75.0,mg,,,,absolute
1799,1418,Application area,99,116,suicidal ideation,1.0,manual,,,,,,,,
1800,1418,Application area,167,175,Suicide ,1.0,manual,,,,,,,,
1801,1418,Application area,461,468,suicide,1.0,manual,,,,,,,,
1802,1418,Application area,563,581,suicidal ideation ,1.0,manual,,,,,,,,
1803,1418,Application area,582,584,SI,1.0,manual,,,,,,,,
1804,2477,Application area,55,87,acute major depressive disorder ,1.0,manual,,,,,,,,
1805,2477,Application area,191,217,Major depressive disorder ,1.0,manual,,,,,,,,
1806,2477,Application area,218,221,MDD,1.0,manual,,,,,,,,
1807,2477,Application area,383,387,MDD ,1.0,manual,,,,,,,,
1808,2477,Application area,897,901,MDD ,1.0,manual,,,,,,,,
1809,2477,Application area,978,982,MDD ,1.0,manual,,,,,,,,
1810,8777,Application area,123,153,treatment-resistant depression,1.0,manual,,,,,,,,
1811,8777,Application area,389,419,treatment resistant depression,1.0,manual,,,,,,,,
1812,8777,Application area,635,680,treatment resistant major depressive disorder,1.0,manual,,,,,,,,
1813,7214,Dosage,637,639,2 ,1.0,manual,2,2.0,2.0,,,,,absolute
1814,7214,Dosage,648,650,6 ,1.0,manual,6,6.0,6.0,,,,,absolute
1815,7214,Dosage,659,662,12 ,1.0,manual,12,12.0,12.0,,,,,absolute
1816,7214,Dosage,674,680,18 mg ,1.0,manual,18 mg,18.0,18.0,mg,,,,absolute
1817,7214,Dosage,1378,1383,2 mg ,1.0,manual,2 mg,2.0,2.0,mg,,,,absolute
1818,7214,Dosage,1485,1502,"6, 12, and 18 mg ",1.0,manual,"6, 12, and 18 mg",6.0,18.0,mg,,,,absolute
1819,2105,Dosage,883,889,100mg ,1.0,manual,100 mg,100.0,100.0,mg,,,,absolute
1820,2105,Dosage,945,951,200mg ,1.0,manual,200 mg,200.0,200.0,mg,,,,absolute
1821,2105,Dosage,2189,2204,100 μg and 200 ,1.0,manual,100 μg and 200,100.0,200.0,μg,,,,absolute
1822,2105,Dosage,2366,2373,200 μg ,1.0,manual,200 μg,200.0,200.0,μg,,,,absolute
1823,2105,Dosage,2384,2390,100 μg,1.0,manual,100 μg,100.0,100.0,μg,,,,absolute
1824,2105,Dosage,2417,2424,200 μg ,1.0,manual,200 μg,200.0,200.0,μg,,,,absolute
1825,2105,Dosage,2472,2478,100 μg,1.0,manual,100 μg,100.0,100.0,μg,,,,absolute
1826,2105,Dosage,2562,2569,200 μg ,1.0,manual,200 μg,200.0,200.0,μg,,,,absolute
1827,2105,Dosage,2580,2586,100 μg,1.0,manual,100 μg,100.0,100.0,μg,,,,absolute
1828,2105,Dosage,2949,2956,100 μg ,1.0,manual,100 μg,100.0,100.0,μg,,,,absolute
1829,2105,Dosage,2960,2967,200 μg ,1.0,manual,200 μg,200.0,200.0,μg,,,,absolute
1830,8711,Application area,150,157,PTSD.^ ,1.0,manual,,,,,,,,
1831,8711,Application area,171,201,Posttraumatic stress disorder ,1.0,manual,,,,,,,,
1832,8711,Application area,458,489,post‐traumatic stress disorder ,1.0,manual,,,,,,,,
1833,8711,Application area,490,494,PTSD,1.0,manual,,,,,,,,
1834,8711,Application area,793,798,PTSD ,1.0,manual,,,,,,,,
1835,5832,Application area,52,68,bipolar disorder,1.0,manual,,,,,,,,
1836,5832,Application area,278,297,depressive symptoms,1.0,manual,,,,,,,,
1837,5832,Application area,331,348,bipolar disorder ,1.0,manual,,,,,,,,
1838,5832,Application area,349,351,BD,1.0,manual,,,,,,,,
1839,5832,Application area,407,410,BD ,1.0,manual,,,,,,,,
1840,5832,Application area,542,544,BD,1.0,manual,,,,,,,,
1841,218,Dosage,850,862,0.65 mg/kg/h,1.0,manual,0.65 mg/kg/h,0.65,0.65,mg,kg,1.0,h,relative_weight_time
1842,612,Dosage,603,612,1.0 mg/kg,1.0,manual,1.0 mg/kg,1.0,1.0,mg,kg,1.0,,relative_weight
1843,612,Dosage,625,634,1.6 mg/kg,1.0,manual,1.6 mg/kg,1.6,1.6,mg,kg,1.0,,relative_weight
1844,4094,Application area,112,140,major depressive episodes.^ ,1.0,manual,,,,,,,,
1845,4094,Application area,594,620,major depressive episodes ,1.0,manual,,,,,,,,
1846,4094,Application area,621,625,MDEs,1.0,manual,,,,,,,,
1847,3704,Application area,70,86,major depression,1.0,manual,,,,,,,,
1848,3704,Application area,415,441,major depressive disorder ,1.0,manual,,,,,,,,
1849,3704,Application area,442,445,MDD,1.0,manual,,,,,,,,
1850,3704,Dosage,660,670,0.5 mg/kg ,1.0,manual,0.5 mg/kg,0.5,0.5,mg,kg,1.0,,relative_weight
1851,7313,Dosage,868,872,0.6 ,1.0,manual,0.6,0.6,0.6,,,,,absolute
1852,7313,Dosage,876,884,0.85 mg ,1.0,manual,0.85 mg,0.85,0.85,mg,,,,absolute
1853,2784,Dosage,819,825,100mg ,1.0,manual,100 mg,100.0,100.0,mg,,,,absolute
1854,6436,Dosage,53,58,75mg ,1.0,manual,75 mg,75.0,75.0,mg,,,,absolute
1855,6427,Dosage,863,874,0.6 mg/kg/h,1.0,manual,0.6 mg/kg/h,0.6,0.6,mg,kg,1.0,h,relative_weight_time
1856,3060,Application area,29,76,treatment-resistant episode of major depression,1.0,manual,,,,,,,,
1857,3060,Application area,261,292,treatment-resistant depression ,1.0,manual,,,,,,,,
1858,3060,Application area,293,296,TRD,1.0,manual,,,,,,,,
1859,3060,Application area,476,479,TRD,1.0,manual,,,,,,,,
1860,3060,Dosage,729,734,25 mg,1.0,manual,25 mg,25.0,25.0,mg,,,,absolute
1861,3060,Dosage,736,741,10 mg,1.0,manual,10 mg,10.0,10.0,mg,,,,absolute
1862,3060,Dosage,746,751,1 mg ,1.0,manual,1 mg,1.0,1.0,mg,,,,absolute
1863,3060,Dosage,1047,1052,25 mg,1.0,manual,25 mg,25.0,25.0,mg,,,,absolute
1864,3060,Dosage,1068,1072,1 mg,1.0,manual,1 mg,1.0,1.0,mg,,,,absolute
1865,3060,Dosage,1163,1169,10 mg ,1.0,manual,10 mg,10.0,10.0,mg,,,,absolute
1866,3060,Dosage,1464,1470,25 mg ,1.0,manual,25 mg,25.0,25.0,mg,,,,absolute
1867,3060,Dosage,1495,1501,10 mg ,1.0,manual,10 mg,10.0,10.0,mg,,,,absolute
1868,4970,Dosage,451,461,1.5 mg/kg ,1.0,manual,1.5 mg/kg,1.5,1.5,mg,kg,1.0,,relative_weight
1869,3008,Application area,83,94,severe PTSD,1.0,manual,,,,,,,,
1870,3008,Application area,175,206,Post-traumatic stress disorder ,1.0,manual,,,,,,,,
1871,3008,Application area,207,211,PTSD,1.0,manual,,,,,,,,
1872,3008,Application area,438,443,PTSD ,1.0,manual,,,,,,,,
1873,5215,Application area,71,84,chronic pain ,1.0,manual,,,,,,,,
1874,5215,Dosage,504,514,.05 mg/kg ,1.0,manual,0.05 mg/kg,0.05,0.05,mg,kg,1.0,,relative_weight
1875,3257,Application area,64,88,postoperative depression,1.0,manual,,,,,,,,
1876,3257,Application area,323,348,postoperative depression ,1.0,manual,,,,,,,,
1877,3257,Application area,479,503,postoperative depression,1.0,manual,,,,,,,,
1878,4307,Application area,149,174,Major Depressive Disorder,1.0,manual,,,,,,,,
1879,4307,Dosage,723,733,0.5 mg/kg ,1.0,manual,0.5 mg/kg,0.5,0.5,mg,kg,1.0,,relative_weight
1880,4307,Dosage,749,757,1 mg/kg ,1.0,manual,1 mg/kg,1.0,1.0,mg,kg,1.0,,relative_weight
1881,4708,Application area,91,104,depression.^ ,1.0,manual,,,,,,,,
1882,4708,Application area,138,164,major depressive disorder ,1.0,manual,,,,,,,,
1883,4708,Application area,165,168,MDD,1.0,manual,,,,,,,,
1884,4708,Application area,238,241,MDD,1.0,manual,,,,,,,,
1885,4708,Application area,324,328,MDD ,1.0,manual,,,,,,,,
1886,4708,Application area,415,419,MDD ,1.0,manual,,,,,,,,
1887,4708,Application area,423,440,suicidal ideation,1.0,manual,,,,,,,,
1888,4708,Dosage,590,601,0.25 mg/kg ,1.0,manual,0.25 mg/kg,0.25,0.25,mg,kg,1.0,,relative_weight
1889,4415,Dosage,1199,1208,.04 mg/kg,1.0,manual,0.04 mg/kg,0.04,0.04,mg,kg,1.0,,relative_weight
1890,6898,Application area,94,119,major depressive episodes,1.0,manual,,,,,,,,
1891,6898,Application area,347,373,major depressive episodes ,1.0,manual,,,,,,,,
1892,6898,Application area,374,377,MDE,1.0,manual,,,,,,,,
1893,6898,Dosage,1470,1479,0.5 mg/kg,1.0,manual,0.5 mg/kg,0.5,0.5,mg,kg,1.0,,relative_weight
1894,8798,Application area,64,94,treatment resistant depression,1.0,manual,,,,,,,,
1895,8798,Application area,224,255,treatment resistant depression ,1.0,manual,,,,,,,,
1896,8798,Application area,256,259,TRD,1.0,manual,,,,,,,,
1897,6979,Dosage,896,906,170 µg/kg ,1.0,manual,170 µg/kg,170.0,170.0,µg,kg,1.0,,relative_weight
1898,1443,Application area,142,175,Treatment-Resistant Depression.^ ,1.0,manual,,,,,,,,
1899,1443,Application area,409,440,treatment-resistant depression ,1.0,manual,,,,,,,,
1900,1443,Application area,441,444,TRD,1.0,manual,,,,,,,,
1901,1443,Dosage,621,631,0.5 mg/kg ,1.0,manual,0.5 mg/kg,0.5,0.5,mg,kg,1.0,,relative_weight
1902,1443,Dosage,634,643,0.2 mg/kg,1.0,manual,0.2 mg/kg,0.2,0.2,mg,kg,1.0,,relative_weight
1903,1443,Dosage,1220,1230,0.5 mg/kg ,1.0,manual,0.5 mg/kg,0.5,0.5,mg,kg,1.0,,relative_weight
1904,1443,Dosage,1233,1243,0.2 mg/kg ,1.0,manual,0.2 mg/kg,0.2,0.2,mg,kg,1.0,,relative_weight
1905,1443,Dosage,1646,1656,0.5 mg/kg ,1.0,manual,0.5 mg/kg,0.5,0.5,mg,kg,1.0,,relative_weight
1906,1443,Dosage,1660,1670,0.2 mg/kg ,1.0,manual,0.2 mg/kg,0.2,0.2,mg,kg,1.0,,relative_weight
1907,4967,Dosage,318,324,200 μg,1.0,manual,200 μg,200.0,200.0,μg,,,,absolute
1908,4915,Application area,106,110,PPD ,1.0,manual,,,,,,,,
1909,4915,Application area,425,428,PPD,1.0,manual,,,,,,,,
1910,1316,Dosage,456,459,0.2,1.0,manual,0.2,0.2,0.2,,,,,absolute
1911,1316,Dosage,461,471,0.4 mg/kg ,1.0,manual,0.4 mg/kg,0.4,0.4,mg,kg,1.0,,relative_weight
1912,1455,Application area,64,83,Suicidal Ideations ,1.0,manual,,,,,,,,
1913,1455,Application area,305,330,major depressive disorder,1.0,manual,,,,,,,,
1914,1455,Dosage,596,606,0.3 mg/kg ,1.0,manual,0.3 mg/kg,0.3,0.3,mg,kg,1.0,,relative_weight
1915,1455,Dosage,1597,1606,0.3 mg/kg,1.0,manual,0.3 mg/kg,0.3,0.3,mg,kg,1.0,,relative_weight
1916,7621,Application area,70,90,Recurrent Depression,1.0,manual,,,,,,,,
1917,7621,Application area,390,401,depressive ,1.0,manual,,,,,,,,
1918,7621,Application area,679,690,depression ,1.0,manual,,,,,,,,
1919,808,Application area,76,106,treatment-resistant depression,1.0,manual,,,,,,,,
1920,808,Application area,285,316,treatment‐resistant depression ,1.0,manual,,,,,,,,
1921,808,Application area,317,320,TRD,1.0,manual,,,,,,,,
1922,808,Application area,530,534,TRD ,1.0,manual,,,,,,,,
1923,808,Dosage,930,943,0.2‐4.7 mg/kg,1.0,manual,0.2‐4.7 mg/kg,0.2,4.7,mg,kg,1.0,,relative_weight
1924,3452,Dosage,531,538,8 mg/h ,1.0,manual,8 mg/h,8.0,8.0,mg,,,h,relative_time
1925,3452,Dosage,555,561,30 mg ,1.0,manual,30 mg,30.0,30.0,mg,,,,absolute
1926,3452,Dosage,573,581,12 mg/h ,1.0,manual,12 mg/h,12.0,12.0,mg,,,h,relative_time
1927,3452,Dosage,603,611,20 mg/h ,1.0,manual,20 mg/h,20.0,20.0,mg,,,h,relative_time
1928,3452,Dosage,1242,1250,12 mg/h ,1.0,manual,12 mg/h,12.0,12.0,mg,,,h,relative_time
1929,7525,Dosage,1236,1248,10 or 25 mg ,1.0,manual,10 or 25 mg,10.0,25.0,mg,,,,absolute
1930,7525,Dosage,1873,1889,10 mg and 25 mg ,1.0,manual,10 mg and 25 mg,10.0,25.0,mg,,,,absolute
1931,6903,Application area,75,106,Treatment-Resistant Depression ,1.0,manual,,,,,,,,
1932,6903,Dosage,604,614,0.5 mg/kg ,1.0,manual,0.5 mg/kg,0.5,0.5,mg,kg,1.0,,relative_weight
1933,3189,Application area,25,33,anxiety ,1.0,manual,,,,,,,,
1934,3189,Dosage,1182,1191,0.2 mg/kg,1.0,manual,0.2 mg/kg,0.2,0.2,mg,kg,1.0,,relative_weight
1935,8970,Dosage,630,637,100 mg ,1.0,manual,100 mg,100.0,100.0,mg,,,,absolute
1936,7337,Application area,44,67,alcohol use disorder.^ ,1.0,manual,,,,,,,,
1937,7337,Application area,369,391,alcohol use disorders ,1.0,manual,,,,,,,,
1938,7337,Application area,392,396,AUDs,1.0,manual,,,,,,,,
1939,7337,Application area,902,905,AUD,1.0,manual,,,,,,,,
1940,7337,Application area,1012,1015,AUD,1.0,manual,,,,,,,,
1941,3977,Application area,54,80,major depressive disorder ,1.0,manual,,,,,,,,
1942,3977,Application area,92,110,suicidal ideation ,1.0,manual,,,,,,,,
1943,3977,Application area,308,334,major depressive disorder ,1.0,manual,,,,,,,,
1944,3977,Application area,348,378,suicidal ideation with intent ,1.0,manual,,,,,,,,
1945,3977,Application area,379,383,MDSI,1.0,manual,,,,,,,,
1946,3977,Application area,535,539,MDSI,1.0,manual,,,,,,,,
1947,3977,Application area,2333,2337,MDSI,1.0,manual,,,,,,,,
1948,9084,Application area,82,95,depression.^ ,1.0,manual,,,,,,,,
1949,717,Dosage,995,1013,0.75 and 1.5 mg/kg,1.0,manual,0.75 and 1.5 mg/kg,0.75,1.5,mg,kg,1.0,,relative_weight
1950,717,Dosage,1367,1376,1.5 mg/kg,1.0,manual,1.5 mg/kg,1.5,1.5,mg,kg,1.0,,relative_weight
1951,717,Dosage,1432,1442,0.75 mg/kg,1.0,manual,0.75 mg/kg,0.75,0.75,mg,kg,1.0,,relative_weight
1952,717,Dosage,1459,1470,1.5 mg/kg) ,1.0,manual,1.5 mg/kg,1.5,1.5,mg,kg,1.0,,relative_weight
1953,717,Dosage,1623,1633,0.75 mg/kg,1.0,manual,0.75 mg/kg,0.75,0.75,mg,kg,1.0,,relative_weight
1954,6060,Application area,32,40,Anxiety ,1.0,manual,,,,,,,,
1955,6060,Application area,350,380,Posttraumatic Stress Disorder ,1.0,manual,,,,,,,,
1956,6060,Application area,381,385,PTSD,1.0,manual,,,,,,,,
1957,6060,Application area,637,642,PTSD ,1.0,manual,,,,,,,,
1958,5515,Application area,73,110,treatment-resistant major depressive ,1.0,manual,,,,,,,,
1959,5515,Application area,113,130,bipolar disorders,1.0,manual,,,,,,,,
1960,5515,Application area,411,442,treatment-resistant depression ,1.0,manual,,,,,,,,
1961,5515,Application area,443,446,TRD,1.0,manual,,,,,,,,
1962,5515,Dosage,826,840,0.5-0.75 mg/kg,1.0,manual,0.5-0.75 mg/kg,0.5,0.75,mg,kg,1.0,,relative_weight
1963,3353,Application area,47,72,major depressive disorder,1.0,manual,,,,,,,,
1964,3353,Application area,267,293,major depressive disorder ,1.0,manual,,,,,,,,
1965,3353,Application area,294,297,MDD,1.0,manual,,,,,,,,
1966,3353,Application area,440,443,MDD,1.0,manual,,,,,,,,
1967,6374,Application area,136,153,opioid-dependent ,1.0,manual,,,,,,,,
1968,6374,Application area,302,327,chronic opioid-dependent ,1.0,manual,,,,,,,,
1969,6374,Dosage,482,492,0.5 mg/kg ,1.0,manual,0.5 mg/kg,0.5,0.5,mg,kg,1.0,,relative_weight
1970,6374,Dosage,515,537,0.25 mg kg(-1) hr(-1) ,1.0,manual,0.25 mg/kg/h,0.25,0.25,mg,kg,1.0,h,relative_weight_time
1971,5684,Application area,51,56,pain ,1.0,manual,,,,,,,,
1972,5684,Application area,80,103,critical limb ischaemia,1.0,manual,,,,,,,,
1973,5684,Dosage,270,279,0.6 mg/kg,1.0,manual,0.6 mg/kg,0.6,0.6,mg,kg,1.0,,relative_weight
1974,7943,Application area,145,178,treatment-resistant depression.^ ,1.0,manual,,,,,,,,
1975,7943,Application area,256,287,treatment-resistant depression ,1.0,manual,,,,,,,,
1976,5736,Dosage,530,537,100 mg ,1.0,manual,100 mg,100.0,100.0,mg,,,,absolute
1977,1787,Application area,40,70,posttraumatic stress disorder ,1.0,manual,,,,,,,,
1978,1787,Application area,74,86,chronic pain,1.0,manual,,,,,,,,
1979,1787,Application area,236,266,posttraumatic stress disorder ,1.0,manual,,,,,,,,
1980,1787,Application area,267,271,PTSD,1.0,manual,,,,,,,,
1981,1787,Application area,440,453,chronic pain ,1.0,manual,,,,,,,,
1982,1787,Application area,454,456,CP,1.0,manual,,,,,,,,
1983,1787,Application area,494,498,PTSD,1.0,manual,,,,,,,,
1984,1787,Application area,626,630,PTSD,1.0,manual,,,,,,,,
1985,1787,Application area,652,654,CP,1.0,manual,,,,,,,,
1986,1787,Dosage,823,832,0.5 mg/kg,1.0,manual,0.5 mg/kg,0.5,0.5,mg,kg,1.0,,relative_weight
1987,8087,Application area,116,133,bipolar disorder ,1.0,manual,,,,,,,,
1988,8087,Application area,167,175,Fatigue ,1.0,manual,,,,,,,,
1989,8087,Application area,217,228,depression ,1.0,manual,,,,,,,,
1990,8087,Application area,488,507,depressive symptoms,1.0,manual,,,,,,,,
1991,8087,Application area,587,595,fatigue ,1.0,manual,,,,,,,,
1992,8087,Application area,661,678,fatigue symptoms ,1.0,manual,,,,,,,,
1993,8087,Application area,681,719,treatment‐resistant bipolar depressed ,1.0,manual,,,,,,,,
1994,8087,Dosage,1003,1012,0.5mg/kg ,1.0,manual,0.5 mg/kg,0.5,0.5,mg,kg,1.0,,relative_weight
1995,4658,Application area,61,86,major depressive disorder,1.0,manual,,,,,,,,
1996,4658,Application area,130,156,Major depressive disorder ,1.0,manual,,,,,,,,
1997,4658,Application area,157,160,MDD,1.0,manual,,,,,,,,
1998,4658,Application area,456,459,MDD,1.0,manual,,,,,,,,
1999,4658,Application area,575,579,MDD ,1.0,manual,,,,,,,,
2000,8400,Application area,98,124,cancer-related distress.^ ,1.0,manual,,,,,,,,
2001,8400,Application area,291,299,anxiety ,1.0,manual,,,,,,,,
2002,8400,Application area,303,314,depression ,1.0,manual,,,,,,,,
2003,2112,Application area,52,72,resistant depression,1.0,manual,,,,,,,,
2004,2112,Application area,199,218,depressive symptoms,1.0,manual,,,,,,,,
2005,2112,Application area,318,349,treatment-resistant depression ,1.0,manual,,,,,,,,
2006,2112,Application area,350,353,TRD,1.0,manual,,,,,,,,
2007,2112,Dosage,471,479,1 mg/kg ,1.0,manual,1 mg/kg,1.0,1.0,mg,kg,1.0,,relative_weight
2008,3662,Dosage,749,760,0.54 mg/kg ,1.0,manual,0.54 mg/kg,0.54,0.54,mg,kg,1.0,,relative_weight
2009,2431,Application area,29,55,Major Depressive Disorder ,1.0,manual,,,,,,,,
2010,2431,Application area,138,164,major depressive disorder ,1.0,manual,,,,,,,,
2011,2431,Application area,165,168,MDD,1.0,manual,,,,,,,,
2012,2431,Dosage,864,873,0.5 mg/kg,1.0,manual,0.5 mg/kg,0.5,0.5,mg,kg,1.0,,relative_weight
2013,6232,Application area,41,47,OCD.^ ,1.0,manual,,,,,,,,
2014,6232,Application area,107,111,OCD ,1.0,manual,,,,,,,,
2015,6232,Dosage,1376,1382,25 mg ,1.0,manual,25 mg,25.0,25.0,mg,,,,absolute
2016,6232,Dosage,1465,1470,30 mg,1.0,manual,30 mg,30.0,30.0,mg,,,,absolute
2017,9525,Application area,620,630,depression,1.0,manual,,,,,,,,
2018,9525,Dosage,809,817,0.5mg/kg,1.0,manual,0.5 mg/kg,0.5,0.5,mg,kg,1.0,,relative_weight
2019,5680,Application area,56,82,traumatic suicide attempts,1.0,manual,,,,,,,,
2020,5680,Application area,151,177,traumatic suicide attempts,1.0,manual,,,,,,,,
2021,379,Dosage,339,348,3.0 mg/kg,1.0,manual,3.0 mg/kg,3.0,3.0,mg,kg,1.0,,relative_weight
2022,5370,Application area,36,63,Opioid and Cocaine Abusers ,1.0,manual,,,,,,,,
2023,5370,Application area,325,349,alleviated drug craving ,1.0,manual,,,,,,,,
2024,5370,Application area,360,380,withdrawal symptoms ,1.0,manual,,,,,,,,
2025,6195,Application area,37,52,Chronic Pain.^ ,1.0,manual,,,,,,,,
2026,6195,Dosage,176,186,.36 mg/kg ,1.0,manual,0.36 mg/kg,0.36,0.36,mg,kg,1.0,,relative_weight
2027,6195,Dosage,229,239,.36 mg/kg ,1.0,manual,0.36 mg/kg,0.36,0.36,mg,kg,1.0,,relative_weight
2028,793,Dosage,567,574,"6.5μg, ",1.0,manual,6.5 μg,6.5,6.5,μg,,,,absolute
2029,793,Dosage,574,578,13μg,1.0,manual,13 μg,13.0,13.0,μg,,,,absolute
2030,793,Dosage,583,588,26μg ,1.0,manual,26 μg,26.0,26.0,μg,,,,absolute
2031,2332,Application area,154,166,chronic pain,1.0,manual,,,,,,,,
2032,2332,Application area,245,270,chronic neuropathic pain ,1.0,manual,,,,,,,,
2033,2332,Dosage,487,498,100 mg/day ,1.0,manual,100 mg/day,100.0,100.0,mg,,,,absolute
2034,2332,Dosage,523,533,40 mg/day ,1.0,manual,40 mg/day,40.0,40.0,mg,,,,absolute
2035,2332,Dosage,1029,1040,500 mg/day ,1.0,manual,500 mg/day,500.0,500.0,mg,,,,absolute
2036,2332,Dosage,1077,1088,100–240 mg ,1.0,manual,100–240 mg,100.0,240.0,mg,,,,absolute
2037,4236,Application area,42,52,depressed ,1.0,manual,,,,,,,,
2038,4236,Dosage,679,685,150 mg,1.0,manual,150 mg,150.0,150.0,mg,,,,absolute
2039,6599,Dosage,327,334,100 mg ,1.0,manual,100 mg,100.0,100.0,mg,,,,absolute
2040,7970,Application area,35,43,Anxiety ,1.0,manual,,,,,,,,
2041,7970,Application area,47,58,Depression ,1.0,manual,,,,,,,,
2042,7970,Application area,61,77,Advanced Cancer ,1.0,manual,,,,,,,,
2043,7970,Application area,86,110,Life-threatening Disease,1.0,manual,,,,,,,,
2044,7970,Application area,182,189,cancer ,1.0,manual,,,,,,,,
2045,7970,Application area,218,226,anxiety ,1.0,manual,,,,,,,,
2046,7970,Application area,230,249,depressive symptoms,1.0,manual,,,,,,,,
2047,9007,Application area,103,125,depressive disorder.^ ,1.0,manual,,,,,,,,
2048,9007,Application area,196,221,major depressive disorder,1.0,manual,,,,,,,,
2049,9007,Application area,692,712,depressive disorder ,1.0,manual,,,,,,,,
2050,9007,Dosage,1133,1142,0.8 mg/kg,1.0,manual,0.8 mg/kg,0.8,0.8,mg,kg,1.0,,relative_weight
2051,9007,Dosage,1185,1194,0.8 mg/kg,1.0,manual,0.8 mg/kg,0.8,0.8,mg,kg,1.0,,relative_weight
2052,2397,Application area,71,95,alcohol use disorder?.^ ,1.0,manual,,,,,,,,
2053,2397,Application area,996,1016,alcohol use disorder,1.0,manual,,,,,,,,
2054,2017,Application area,16,47,treatment resistant depression ,1.0,manual,,,,,,,,
2055,2017,Application area,502,532,treatment resistant depression,1.0,manual,,,,,,,,
2056,6282,Application area,90,96,TRD.^ ,1.0,manual,,,,,,,,
2057,6282,Dosage,380,385,25 mg,1.0,manual,25 mg,25.0,25.0,mg,,,,absolute
2058,6282,Dosage,387,393,10 mg ,1.0,manual,10 mg,10.0,10.0,mg,,,,absolute
2059,6282,Dosage,396,400,1 mg,1.0,manual,1 mg,1.0,1.0,mg,,,,absolute
2060,4678,Application area,141,148,Anxiety,1.0,manual,,,,,,,,
2061,4678,Application area,150,164,Depressed Mood,1.0,manual,,,,,,,,
2062,4678,Application area,170,188,Disordered Eating ,1.0,manual,,,,,,,,
2063,5080,Application area,309,319,depressed ,1.0,manual,,,,,,,,
2064,5080,Dosage,414,443,"0.1, 0.2, 0.3, 0.4, 0.5 mg/kg",1.0,manual,"0.1, 0.2, 0.3, 0.4, 0.5 mg/kg",0.1,0.5,mg,kg,1.0,,relative_weight
2065,5047,Application area,97,128,unipolar and bipolar depression,1.0,manual,,,,,,,,
2066,5047,Application area,493,524,unipolar and bipolar depression,1.0,manual,,,,,,,,
2067,5047,Dosage,644,654,0.5 mg/kg ,1.0,manual,0.5 mg/kg,0.5,0.5,mg,kg,1.0,,relative_weight
2068,1963,Application area,53,64,depression ,1.0,manual,,,,,,,,
2069,1963,Application area,79,116,unipolar major depressive disorder.^ ,1.0,manual,,,,,,,,
2070,1963,Application area,363,382,unipolar depression,1.0,manual,,,,,,,,
2071,1963,Application area,557,568,depression ,1.0,manual,,,,,,,,
2072,1963,Application area,583,617,unipolar major depressive disorder,1.0,manual,,,,,,,,
2073,1981,Application area,60,70,anhedonia ,1.0,manual,,,,,,,,
2074,1981,Application area,73,107,bipolar and unipolar depression.^ ,1.0,manual,,,,,,,,
2075,1981,Application area,119,129,Anhedonia ,1.0,manual,,,,,,,,
2076,1981,Application area,177,188,depression ,1.0,manual,,,,,,,,
2077,1981,Application area,263,274,suicidality,1.0,manual,,,,,,,,
2078,1981,Application area,316,326,anhedonia ,1.0,manual,,,,,,,,
2079,1981,Application area,334,365,unipolar and bipolar depression,1.0,manual,,,,,,,,
2080,1981,Application area,458,468,anhedonia ,1.0,manual,,,,,,,,
2081,1981,Application area,471,490,depressive episodes,1.0,manual,,,,,,,,
2082,1981,Application area,629,659,treatment-resistant depression,1.0,manual,,,,,,,,
2083,1981,Application area,664,695,unipolar and bipolar depression,1.0,manual,,,,,,,,
2084,1981,Dosage,816,826,0.5-1mg/kg,1.0,manual,0.5-1 mg/kg,0.5,1.0,mg,kg,1.0,,relative_weight
2085,1918,Dosage,80,92,50 to 150 mg,1.0,manual,50-150 mg,50.0,150.0,mg,,,,absolute
2086,5164,Application area,37,59,postpartum depression ,1.0,manual,,,,,,,,
2087,5164,Application area,191,213,postpartum depression ,1.0,manual,,,,,,,,
2088,5164,Dosage,419,429,0.5 mg/kg ,1.0,manual,0.5 mg/kg,0.5,0.5,mg,kg,1.0,,relative_weight
2089,8292,Dosage,843,850,100 μg ,1.0,manual,100 μg,100.0,100.0,μg,,,,absolute
2090,6828,Application area,106,137,treatment-resistant depression ,1.0,manual,,,,,,,,
2091,6828,Application area,138,141,TRD,1.0,manual,,,,,,,,
2092,6828,Dosage,818,829,56 or 84 mg,1.0,manual,56 or 84 mg,56.0,84.0,mg,,,,absolute
2093,6828,Dosage,906,912,56 mg ,1.0,manual,56 mg,56.0,56.0,mg,,,,absolute
2094,7942,Application area,91,124,treatment resistant depression.^ ,1.0,manual,,,,,,,,
2095,7942,Application area,190,221,treatment-resistant depression ,1.0,manual,,,,,,,,
2096,7942,Application area,222,225,TRD,1.0,manual,,,,,,,,
2097,7942,Application area,287,291,TRD ,1.0,manual,,,,,,,,
2098,3192,Application area,48,68,END-OF-LIFE ANXIETY ,1.0,manual,,,,,,,,
2099,3192,Application area,90,135,SOCIAL ANXIETY IN AUTISM SPECTRUM DISORDER.^ ,1.0,manual,,,,,,,,
2100,3192,Application area,478,526,existential anxiety reactive to advanced cancer ,1.0,manual,,,,,,,,
2101,3192,Application area,606,660,social anxiety in adults with autism spectrum disorder,1.0,manual,,,,,,,,
2102,1272,Dosage,446,451,75 µg,1.0,manual,75 µg,75.0,75.0,µg,,,,absolute
2103,4961,Dosage,371,386,0.1 and 0.2 mg ,1.0,manual,0.1 and 0.2 mg,0.1,0.2,mg,,,,absolute
2104,4961,Dosage,513,523,0.1‐0.2 mg,1.0,manual,0.1‐0.2 mg,0.1,0.2,mg,,,,absolute
2105,4961,Dosage,1324,1335,(0.1‐0.2 mg,1.0,manual,0.1‐0.2 mg,0.1,0.2,mg,,,,absolute
2106,6644,Dosage,914,924,0.26 mg/kg,1.0,manual,0.26 mg/kg,0.26,0.26,mg,kg,1.0,,relative_weight
2107,6602,Dosage,171,178,100 mg ,1.0,manual,100 mg,100.0,100.0,mg,,,,absolute
2108,6602,Dosage,646,653,100 mg ,1.0,manual,100 mg,100.0,100.0,mg,,,,absolute
2109,6602,Dosage,1015,1022,100 mg ,1.0,manual,100 mg,100.0,100.0,mg,,,,absolute
2110,2382,Application area,141,174,Treatment-resistant Depression.^ ,1.0,manual,,,,,,,,
2111,2382,Dosage,4168,4189,"28 mg, 56 mg or 84 mg",1.0,manual,"28 mg, 56 mg or 84 mg",28.0,84.0,mg,,,,absolute
2112,1369,Application area,100,130,treatment resistant depression,1.0,manual,,,,,,,,
2113,1041,Application area,54,84,treatment-resistant depression,1.0,manual,,,,,,,,
2114,1041,Application area,181,212,treatment-resistant depression ,1.0,manual,,,,,,,,
2115,1041,Application area,213,216,TRD,1.0,manual,,,,,,,,
2116,9608,Application area,43,68,major depressive disorder,1.0,manual,,,,,,,,
2117,9608,Application area,210,241,treatment-resistant depression ,1.0,manual,,,,,,,,
2118,9608,Application area,242,245,TRD,1.0,manual,,,,,,,,
2119,9608,Application area,635,638,TRD,1.0,manual,,,,,,,,
2120,594,Dosage,957,973,1 mg DMT kg(-1) ,1.0,manual,1 mg dmt/kg,1.0,1.0,dmt,kg,1.0,,relative_weight
2121,6191,Dosage,1135,1141,0.5 g ,1.0,manual,0.5 g,0.5,0.5,g,,,,absolute
2122,7470,Application area,70,91,resistant depression ,1.0,manual,,,,,,,,
2123,7470,Application area,253,284,treatment-resistant depression ,1.0,manual,,,,,,,,
2124,7470,Application area,285,288,TRD,1.0,manual,,,,,,,,
2125,7521,Application area,118,149,Treatment‐resistant depression ,1.0,manual,,,,,,,,
2126,7521,Application area,150,153,TRD,1.0,manual,,,,,,,,
2127,7521,Dosage,1620,1626,10 mg ,1.0,manual,10 mg,10.0,10.0,mg,,,,absolute
2128,7521,Dosage,1630,1636,25 mg ,1.0,manual,25 mg,25.0,25.0,mg,,,,absolute
2129,7521,Dosage,2950,2956,10 mg ,1.0,manual,10 mg,10.0,10.0,mg,,,,absolute
2130,7521,Dosage,2971,2977,25 mg ,1.0,manual,25 mg,25.0,25.0,mg,,,,absolute
2131,2396,Application area,81,114,Treatment Resistant Depression.^ ,1.0,manual,,,,,,,,
2132,2396,Dosage,2834,2840,12 mg ,1.0,manual,12 mg,12.0,12.0,mg,,,,absolute
2133,2396,Dosage,3192,3198,12 mg ,1.0,manual,12 mg,12.0,12.0,mg,,,,absolute
2134,2396,Dosage,3210,3217,0.3 mg ,1.0,manual,0.3 mg,0.3,0.3,mg,,,,absolute
2135,2396,Dosage,3983,3989,0.3 mg,1.0,manual,0.3 mg,0.3,0.3,mg,,,,absolute
2136,2396,Dosage,3991,3995,8 mg,1.0,manual,8 mg,8.0,8.0,mg,,,,absolute
2137,2396,Dosage,4000,4006,12 mg ,1.0,manual,12 mg,12.0,12.0,mg,,,,absolute
2138,2396,Dosage,4330,4336,0.3 mg,1.0,manual,0.3 mg,0.3,0.3,mg,,,,absolute
2139,2396,Dosage,4338,4342,8 mg,1.0,manual,8 mg,8.0,8.0,mg,,,,absolute
2140,2396,Dosage,4347,4353,12 mg ,1.0,manual,12 mg,12.0,12.0,mg,,,,absolute
2141,2396,Dosage,5033,5039,12 mg ,1.0,manual,12 mg,12.0,12.0,mg,,,,absolute
2142,2396,Dosage,5051,5058,0.3 mg ,1.0,manual,0.3 mg,0.3,0.3,mg,,,,absolute
2143,2396,Dosage,5108,5113,8 mg ,1.0,manual,8 mg,8.0,8.0,mg,,,,absolute
2144,2396,Dosage,5125,5132,0.3 mg ,1.0,manual,0.3 mg,0.3,0.3,mg,,,,absolute
2145,2396,Dosage,5182,5187,8 mg ,1.0,manual,8 mg,8.0,8.0,mg,,,,absolute
2146,2396,Dosage,5199,5206,0.3 mg ,1.0,manual,0.3 mg,0.3,0.3,mg,,,,absolute
2147,2396,Dosage,6087,6092,8 mg ,1.0,manual,8 mg,8.0,8.0,mg,,,,absolute
2148,2396,Dosage,6096,6102,12 mg ,1.0,manual,12 mg,12.0,12.0,mg,,,,absolute
2149,8372,Application area,43,54,depression ,1.0,manual,,,,,,,,
2150,8372,Application area,102,128,Major depressive disorder ,1.0,manual,,,,,,,,
2151,8372,Dosage,543,554,0.44 mg/kg ,1.0,manual,0.44 mg/kg,0.44,0.44,mg,kg,1.0,,relative_weight
2152,4932,Application area,34,44,psychosis ,1.0,manual,,,,,,,,
2153,4932,Application area,51,64,depression.^ ,1.0,manual,,,,,,,,
2154,4932,Application area,92,102,psychosis ,1.0,manual,,,,,,,,
2155,4932,Application area,131,141,depression,1.0,manual,,,,,,,,
2156,4932,Application area,192,227,psychotic and depressive disorders ,1.0,manual,,,,,,,,
2157,3277,Dosage,496,502,120mg ,1.0,manual,120 mg,120.0,120.0,mg,,,,absolute
2158,3277,Dosage,505,509,80mg,1.0,manual,80 mg,80.0,80.0,mg,,,,absolute
2159,7456,Application area,88,121,Treatment-Resistant Depression.^ ,1.0,manual,,,,,,,,
2160,7456,Application area,389,420,treatment-resistant depression ,1.0,manual,,,,,,,,
2161,7456,Application area,421,424,TRD,1.0,manual,,,,,,,,
2162,7456,Dosage,897,910,10 and 25 mg ,1.0,manual,10 and 25 mg,10.0,25.0,mg,,,,absolute
2163,7456,Dosage,1032,1038,25 mg ,1.0,manual,25 mg,25.0,25.0,mg,,,,absolute
2164,8752,Application area,369,400,treatment-resistant depression ,1.0,manual,,,,,,,,
2165,8752,Application area,401,404,TRD,1.0,manual,,,,,,,,
2166,8752,Application area,407,437,obsessive-compulsive disorder ,1.0,manual,,,,,,,,
2167,8752,Application area,438,441,OCD,1.0,manual,,,,,,,,
2168,8752,Application area,444,475,post-traumatic stress disorder ,1.0,manual,,,,,,,,
2169,8752,Application area,476,480,PTSD,1.0,manual,,,,,,,,
2170,8752,Application area,487,511,social anxiety disorder ,1.0,manual,,,,,,,,
2171,8752,Application area,512,515,SAD,1.0,manual,,,,,,,,
2172,2390,Application area,12,49,treatment resistant major depression ,1.0,manual,,,,,,,,
2173,2390,Application area,50,57,TRD).^ ,1.0,manual,,,,,,,,
2174,1291,Application area,66,105,treatment-resistant unipolar depression,1.0,manual,,,,,,,,
2175,1291,Application area,267,293,major depressive disorder ,1.0,manual,,,,,,,,
2176,1291,Application area,294,297,MDD,1.0,manual,,,,,,,,
2177,1291,Application area,403,433,treatment-resistant depression,1.0,manual,,,,,,,,
2178,1291,Dosage,736,744,.5mg/kg ,1.0,manual,0.5 mg/kg,0.5,0.5,mg,kg,1.0,,relative_weight
2179,5930,Application area,44,55,depression ,1.0,manual,,,,,,,,
2180,5930,Application area,59,66,anxiety,1.0,manual,,,,,,,,
2181,5930,Application area,102,113,Depression ,1.0,manual,,,,,,,,
2182,5930,Application area,117,125,anxiety ,1.0,manual,,,,,,,,
2183,5930,Application area,616,636,resistant depression,1.0,manual,,,,,,,,
2184,5930,Application area,707,718,depression ,1.0,manual,,,,,,,,
2185,5930,Application area,725,733,anxiety ,1.0,manual,,,,,,,,
2186,5930,Application area,1083,1093,depression,1.0,manual,,,,,,,,
2187,5930,Application area,1116,1124,anxiety ,1.0,manual,,,,,,,,
2188,5930,Application area,1852,1863,depression ,1.0,manual,,,,,,,,
2189,5930,Application area,1867,1875,anxiety ,1.0,manual,,,,,,,,
2190,2490,Application area,60,101,treatment-resistant bipolar depression.^ ,1.0,manual,,,,,,,,
2191,2490,Application area,285,303,bipolar depression,1.0,manual,,,,,,,,
2192,2490,Application area,389,427,treatment-resistant bipolar depression,1.0,manual,,,,,,,,
2193,2490,Application area,630,674,treatment-resistant bipolar I/II depression ,1.0,manual,,,,,,,,
2194,2490,Dosage,734,748,0.5-0.75 mg/kg,1.0,manual,0.5-0.75 mg/kg,0.5,0.75,mg,kg,1.0,,relative_weight
2195,2490,Application area,1848,1867,bipolar depression ,1.0,manual,,,,,,,,
2196,1886,Application area,292,322,treatment-resistant depression,1.0,manual,,,,,,,,
2197,1886,Application area,698,729,treatment-resistant depression ,1.0,manual,,,,,,,,
2198,3766,Dosage,897,914,"5, 10, and 20 mcg",1.0,manual,"5, 10, and 20 µg",5.0,20.0,µg,,,,absolute
2199,3766,Dosage,1924,1930,20 mcg,1.0,manual,20 µg,20.0,20.0,µg,,,,absolute
2200,3766,Dosage,2327,2333,10 mcg,1.0,manual,10 µg,10.0,10.0,µg,,,,absolute
2201,3766,Dosage,2781,2787,20 mcg,1.0,manual,20 µg,20.0,20.0,µg,,,,absolute
2202,4064,Dosage,795,807,0.375 μg/kg ,1.0,manual,0.375 μg/kg,0.375,0.375,μg,kg,1.0,,relative_weight
2203,4064,Dosage,810,818,21 μg/kg,1.0,manual,21 μg/kg,21.0,21.0,μg,kg,1.0,,relative_weight
2204,3632,Dosage,905,929,"25, 50, 100, and 200 µg ",1.0,manual,"25, 50, 100, and 200 µg",25.0,200.0,µg,,,,absolute
2205,3632,Dosage,1699,1722,"25, 50, 100, and 200 µg",1.0,manual,"25, 50, 100, and 200 µg",25.0,200.0,µg,,,,absolute
2206,3632,Dosage,1802,1825,"25, 50, 100, and 200 µg",1.0,manual,"25, 50, 100, and 200 µg",25.0,200.0,µg,,,,absolute
2207,3632,Dosage,1984,2007,"25, 50, 100, and 200 µg",1.0,manual,"25, 50, 100, and 200 µg",25.0,200.0,µg,,,,absolute
2208,3632,Dosage,2230,2253,"25, 50, 100, and 200 µg",1.0,manual,"25, 50, 100, and 200 µg",25.0,200.0,µg,,,,absolute
2209,3632,Dosage,2350,2364,50 and 200 µg ,1.0,manual,50 and 200 µg,50.0,200.0,µg,,,,absolute
2210,3632,Dosage,2453,2476,"25, 50, 100, and 200 µg",1.0,manual,"25, 50, 100, and 200 µg",25.0,200.0,µg,,,,absolute
2211,3632,Dosage,2580,2603,"25, 50, 100, and 200 µg",1.0,manual,"25, 50, 100, and 200 µg",25.0,200.0,µg,,,,absolute
2212,4688,Dosage,648,651,0.1,1.0,manual,0.1,0.1,0.1,,,,,absolute
2213,4688,Dosage,653,656,0.2,1.0,manual,0.2,0.2,0.2,,,,,absolute
2214,4688,Dosage,658,661,0.3,1.0,manual,0.3,0.3,0.3,,,,,absolute
2215,4688,Dosage,663,672,0.4 mg/kg,1.0,manual,0.4 mg/kg,0.4,0.4,mg,kg,1.0,,relative_weight
2216,4688,Dosage,908,918,0.1 mg/kg ,1.0,manual,0.1 mg/kg,0.1,0.1,mg,kg,1.0,,relative_weight
2217,8414,Application area,195,221,major depressive disorder ,1.0,manual,,,,,,,,
2218,8414,Application area,222,225,MDD,1.0,manual,,,,,,,,
2219,8414,Application area,436,446,depressed ,1.0,manual,,,,,,,,
2220,8414,Application area,446,450,MDD ,1.0,manual,,,,,,,,
2221,8414,Application area,1870,1880,depressed ,1.0,manual,,,,,,,,
2222,8414,Application area,1880,1884,MDD ,1.0,manual,,,,,,,,
2223,120,Application area,109,142,treatment-resistant depression.^ ,1.0,manual,,,,,,,,
2224,120,Dosage,823,832,0.5 mg/kg,1.0,manual,0.5 mg/kg,0.5,0.5,mg,kg,1.0,,relative_weight
2225,7055,Dosage,481,491,0.2 mg/kg ,1.0,manual,0.2 mg/kg,0.2,0.2,mg,kg,1.0,,relative_weight
2226,6239,Application area,51,74,Alcohol Use Disorder.^ ,1.0,manual,,,,,,,,
2227,2480,Dosage,66,85,"50, 75, and 100 µg ",1.0,manual,"50, 75, and 100 µg",50.0,100.0,µg,,,,absolute
2228,2480,Dosage,420,439,"50, 75, and 100 µg ",1.0,manual,"50, 75, and 100 µg",50.0,100.0,µg,,,,absolute
2229,2480,Dosage,870,873,50 ,1.0,manual,50,50.0,50.0,,,,,absolute
2230,2480,Dosage,882,885,75 ,1.0,manual,75,75.0,75.0,,,,,absolute
2231,2480,Dosage,894,898,100 ,1.0,manual,100,100.0,100.0,,,,,absolute
2232,2480,Dosage,911,917,50 µg ,1.0,manual,50 µg,50.0,50.0,µg,,,,absolute
2233,2480,Dosage,929,935,75 µg ,1.0,manual,75 µg,75.0,75.0,µg,,,,absolute
2234,2480,Dosage,986,992,75 µg ,1.0,manual,75 µg,75.0,75.0,µg,,,,absolute
2235,2480,Dosage,1441,1460,"50, 75, and 100 µg ",1.0,manual,"50, 75, and 100 µg",50.0,100.0,µg,,,,absolute
2236,41947855,Application area,118,148,Posttraumatic stress disorder ,0.9546828866004944,biomedbert-abstract_ner_bio_20250221,,,,,,,,
2237,41947855,Application area,149,153,PTSD,0.9728533625602722,biomedbert-abstract_ner_bio_20250221,,,,,,,,
2238,41947855,Application area,291,296,PTSD ,0.9004871845245361,biomedbert-abstract_ner_bio_20250221,,,,,,,,
2239,41947855,Application area,317,322,PTSD ,0.9279472827911377,biomedbert-abstract_ner_bio_20250221,,,,,,,,
2240,41947855,Application area,713,718,PTSD ,0.9584677815437317,biomedbert-abstract_ner_bio_20250221,,,,,,,,
2241,41952163,Application area,106,120,depression..^ ,0.9546748201052347,biomedbert-abstract_ner_bio_20250221,,,,,,,,
2242,41952163,Application area,132,149,Major depression ,0.7682379484176636,biomedbert-abstract_ner_bio_20250221,,,,,,,,
2243,41973961,Application area,50,82,Borderline Personality Disorder ,0.9564903577168783,biomedbert-abstract_ner_bio_20250221,,,,,,,,
2244,41973961,Application area,100,129,Major Depressive Disorder..^ ,0.9392703652381897,biomedbert-abstract_ner_bio_20250221,,,,,,,,
2245,41973961,Application area,141,173,Borderline personality disorder ,0.9490407705307007,biomedbert-abstract_ner_bio_20250221,,,,,,,,
2246,41973961,Application area,174,177,BPD,0.9314433932304382,biomedbert-abstract_ner_bio_20250221,,,,,,,,
2247,41973961,Application area,202,228,major depressive disorder ,0.9192867477734884,biomedbert-abstract_ner_bio_20250221,,,,,,,,
2248,41973961,Application area,229,232,MDD,0.9513717293739319,biomedbert-abstract_ner_bio_20250221,,,,,,,,
2249,41973961,Application area,326,330,MDD ,0.8813880085945129,biomedbert-abstract_ner_bio_20250221,,,,,,,,
2250,41973961,Application area,422,426,BPD ,0.9072151780128479,biomedbert-abstract_ner_bio_20250221,,,,,,,,
2251,41973961,Application area,430,433,MDD,0.8978675603866577,biomedbert-abstract_ner_bio_20250221,,,,,,,,
2252,41918771,Application area,122,147,life-threatening disease ,0.8026629239320755,biomedbert-abstract_ner_bio_20250221,,,,,,,,
2253,41918771,Application area,151,162,depressive ,0.661697506904602,biomedbert-abstract_ner_bio_20250221,,,,,,,,
2254,41918771,Application area,255,263,anxiety ,0.7981426119804382,biomedbert-abstract_ner_bio_20250221,,,,,,,,
2255,41918771,Application area,835,860,life-threatening disease ,0.6635374277830124,biomedbert-abstract_ner_bio_20250221,,,,,,,,
2256,41918771,Application area,861,864,LTD,0.5887017846107483,biomedbert-abstract_ner_bio_20250221,,,,,,,,
2257,38179107,Application area,40,59,depressive symptoms,0.896835595369339,biomedbert-abstract_ner_bio_20250221,,,,,,,,
2258,38179107,Application area,148,159,depression ,0.8437151312828064,biomedbert-abstract_ner_bio_20250221,,,,,,,,
2259,38179107,Application area,181,195,postoperative ,0.7570728659629822,biomedbert-abstract_ner_bio_20250221,,,,,,,,
2260,38179107,Application area,195,214,depressive symptoms,0.7014403939247131,biomedbert-abstract_ner_bio_20250221,,,,,,,,
2261,38179107,Application area,357,371,postoperative ,0.5608407258987427,biomedbert-abstract_ner_bio_20250221,,,,,,,,
2262,38179107,Application area,371,390,depressive symptoms,0.7880197763442993,biomedbert-abstract_ner_bio_20250221,,,,,,,,
2263,38179107,Dosage,622,634,0.5 mg kg-1 ,0.9804835489818028,biomedbert-abstract_ner_bio_20250221,0.5 mg/kg,0.5,0.5,mg,kg,1.0,,relative_weight
2264,38179107,Dosage,658,674,0.3 mg kg-1 h-1 ,0.9558309733867645,biomedbert-abstract_ner_bio_20250221,0.3 mg/kg/h,0.3,0.3,mg,kg,1.0,h,relative_weight_time
2265,38182784,Application area,44,72,traumatic brain injuries..^ ,0.7206474781036377,biomedbert-abstract_ner_bio_20250221,,,,,,,,
2266,38182784,Application area,96,99,TBI,0.6107398867607117,biomedbert-abstract_ner_bio_20250221,,,,,,,,
2267,38185235,Dosage,679,689,0.2 mg/kg ,0.9782189925511678,biomedbert-abstract_ner_bio_20250221,0.2 mg/kg,0.2,0.2,mg,kg,1.0,,relative_weight
2268,38188539,Application area,76,90,depression..^ ,0.9570220510164896,biomedbert-abstract_ner_bio_20250221,,,,,,,,
2269,38188539,Dosage,592,601,0.5 mg/kg,0.9782651662826538,biomedbert-abstract_ner_bio_20250221,0.5 mg/kg,0.5,0.5,mg,kg,1.0,,relative_weight
2270,38194244,Application area,27,76,Treatment-Resistant Obsessive-Compulsive Disorder,0.9778856379645211,biomedbert-abstract_ner_bio_20250221,,,,,,,,
2271,38194244,Application area,246,276,obsessive-compulsive disorder ,0.9648644179105759,biomedbert-abstract_ner_bio_20250221,,,,,,,,
2272,38194244,Application area,277,280,OCD,0.9651053547859192,biomedbert-abstract_ner_bio_20250221,,,,,,,,
2273,38194244,Application area,659,663,OCD ,0.8107407689094543,biomedbert-abstract_ner_bio_20250221,,,,,,,,
2274,38194244,Dosage,793,801,0.5mg/kg,0.9615099549293518,biomedbert-abstract_ner_bio_20250221,0.5 mg/kg,0.5,0.5,mg,kg,1.0,,relative_weight
2275,38198456,Application area,37,42,PTSD ,0.9124786853790283,biomedbert-abstract_ner_bio_20250221,,,,,,,,
2276,38198456,Application area,351,356,PTSD ,0.8434032797813416,biomedbert-abstract_ner_bio_20250221,,,,,,,,
2277,38199421,Application area,0,12,Hypersomnia ,0.5799365043640137,biomedbert-abstract_ner_bio_20250221,,,,,,,,
2278,38199421,Application area,88,122,treatment resistant depression..^ ,0.9687836647033692,biomedbert-abstract_ner_bio_20250221,,,,,,,,
2279,38199421,Application area,315,325,depression,0.7291889786720276,biomedbert-abstract_ner_bio_20250221,,,,,,,,
2280,38199421,Application area,433,464,treatment-resistant depression ,0.9647268354892731,biomedbert-abstract_ner_bio_20250221,,,,,,,,
2281,38199421,Application area,465,468,TRD,0.968268632888794,biomedbert-abstract_ner_bio_20250221,,,,,,,,
2282,38200438,Application area,73,94,postpartum depression,0.9574922323226929,biomedbert-abstract_ner_bio_20250221,,,,,,,,
2283,38200438,Application area,141,163,Postpartum depression ,0.9566826820373535,biomedbert-abstract_ner_bio_20250221,,,,,,,,
2284,38200438,Application area,164,167,PPD,0.958103597164154,biomedbert-abstract_ner_bio_20250221,,,,,,,,
2285,38200438,Application area,350,353,PPD,0.8718532919883728,biomedbert-abstract_ner_bio_20250221,,,,,,,,
2286,38200438,Application area,474,477,PPD,0.9404414296150208,biomedbert-abstract_ner_bio_20250221,,,,,,,,
2287,38200438,Dosage,589,599,0.2 mg/kg ,0.9628957509994507,biomedbert-abstract_ner_bio_20250221,0.2 mg/kg,0.2,0.2,mg,kg,1.0,,relative_weight
2288,38200438,Dosage,1324,1334,0.2 mg/kg ,0.8728857437769572,biomedbert-abstract_ner_bio_20250221,0.2 mg/kg,0.2,0.2,mg,kg,1.0,,relative_weight
2289,38200438,Dosage,1697,1706,0.2 mg/kg,0.9595599671204885,biomedbert-abstract_ner_bio_20250221,0.2 mg/kg,0.2,0.2,mg,kg,1.0,,relative_weight
2290,38206011,Application area,56,67,Depression ,0.9650877118110657,biomedbert-abstract_ner_bio_20250221,,,,,,,,
2291,38206011,Application area,180,206,major depressive disorder ,0.9580090045928955,biomedbert-abstract_ner_bio_20250221,,,,,,,,
2292,38211748,Application area,63,86,anxious and nonanxious ,0.9372360110282898,biomedbert-abstract_ner_bio_20250221,,,,,,,,
2293,38211748,Application area,100,114,depression..^ ,0.9733702739079794,biomedbert-abstract_ner_bio_20250221,,,,,,,,
2294,38211748,Application area,215,226,depression ,0.9095945954322815,biomedbert-abstract_ner_bio_20250221,,,,,,,,
2295,38211748,Application area,364,374,depression,0.9605713486671448,biomedbert-abstract_ner_bio_20250221,,,,,,,,
2296,38211748,Application area,381,403,anxious and nonanxious,0.8528157869974772,biomedbert-abstract_ner_bio_20250221,,,,,,,,
2297,38224070,Application area,83,88,PTSD ,0.7425220012664795,biomedbert-abstract_ner_bio_20250221,,,,,,,,
2298,38224070,Application area,108,113,PTSD ,0.7704960703849792,biomedbert-abstract_ner_bio_20250221,,,,,,,,
2299,38224070,Application area,403,408,PTSD ,0.7709861397743225,biomedbert-abstract_ner_bio_20250221,,,,,,,,
2300,38224070,Application area,621,626,PTSD ,0.7200387716293335,biomedbert-abstract_ner_bio_20250221,,,,,,,,
2301,38235248,Dosage,747,758,10 mg/70 kg,0.9571319460868836,biomedbert-abstract_ner_bio_20250221,10 mg/70 kg,10.0,10.0,mg,kg,70.0,,relative_weight
2302,38238974,Application area,0,4,CCH ,0.6450217366218567,biomedbert-abstract_ner_bio_20250221,,,,,,,,
2303,38238974,Application area,266,291,chronic cluster headache ,0.9579847852389017,biomedbert-abstract_ner_bio_20250221,,,,,,,,
2304,38238974,Application area,292,295,CCH,0.9347456097602844,biomedbert-abstract_ner_bio_20250221,,,,,,,,
2305,38238974,Application area,310,314,CCH ,0.8767092227935791,biomedbert-abstract_ner_bio_20250221,,,,,,,,
2306,38238974,Dosage,737,747,0.14 mg/kg,0.9854181806246439,biomedbert-abstract_ner_bio_20250221,0.14 mg/kg,0.14,0.14,mg,kg,1.0,,relative_weight
2307,38243266,Application area,41,67,chronic postsurgical pain ,0.8003943761189779,biomedbert-abstract_ner_bio_20250221,,,,,,,,
2308,38243266,Application area,274,300,chronic postsurgical pain ,0.729218860467275,biomedbert-abstract_ner_bio_20250221,,,,,,,,
2309,38243266,Application area,301,305,CPSP,0.6506620049476624,biomedbert-abstract_ner_bio_20250221,,,,,,,,
2310,38243266,Application area,333,353,postmastectomy pain ,0.5662107765674591,biomedbert-abstract_ner_bio_20250221,,,,,,,,
2311,38243266,Application area,363,367,PMPS,0.5491737127304077,biomedbert-abstract_ner_bio_20250221,,,,,,,,
2312,38244804,Application area,50,81,treatment-resistant depression ,0.9450916647911072,biomedbert-abstract_ner_bio_20250221,,,,,,,,
2313,38244804,Application area,207,218,depressive ,0.6877208352088928,biomedbert-abstract_ner_bio_20250221,,,,,,,,
2314,38244804,Application area,368,399,Treatment-Resistant Depression ,0.911453366279602,biomedbert-abstract_ner_bio_20250221,,,,,,,,
2315,38244804,Application area,400,403,TRD,0.9633615016937256,biomedbert-abstract_ner_bio_20250221,,,,,,,,
2316,38244804,Application area,540,544,TRD ,0.9338841438293457,biomedbert-abstract_ner_bio_20250221,,,,,,,,
2317,38244804,Application area,668,671,TRD,0.9201413989067078,biomedbert-abstract_ner_bio_20250221,,,,,,,,
2318,38244804,Dosage,904,910,25 mg ,0.8984833359718323,biomedbert-abstract_ner_bio_20250221,25 mg,25.0,25.0,mg,,,,absolute
2319,38244804,Dosage,1110,1116,56 mg ,0.8380051553249359,biomedbert-abstract_ner_bio_20250221,56 mg,56.0,56.0,mg,,,,absolute
2320,38244804,Dosage,1120,1126,84 mg ,0.7668947875499725,biomedbert-abstract_ner_bio_20250221,84 mg,84.0,84.0,mg,,,,absolute
2321,38247407,Application area,39,65,Major Depressive Disorder ,0.8894649942715963,biomedbert-abstract_ner_bio_20250221,,,,,,,,
2322,38247407,Application area,686,692,major ,0.5709181427955627,biomedbert-abstract_ner_bio_20250221,,,,,,,,
2323,38247730,Application area,85,99,depression..^ ,0.9628238479296366,biomedbert-abstract_ner_bio_20250221,,,,,,,,
2324,38247730,Application area,308,334,major depressive disorder ,0.8449067870775858,biomedbert-abstract_ner_bio_20250221,,,,,,,,
2325,38264632,Application area,142,171,obsessive-compulsive disorder,0.9740244001150131,biomedbert-abstract_ner_bio_20250221,,,,,,,,
2326,38264632,Application area,355,385,obsessive-compulsive disorder ,0.9554621875286102,biomedbert-abstract_ner_bio_20250221,,,,,,,,
2327,38264632,Application area,386,389,OCD,0.9588293433189392,biomedbert-abstract_ner_bio_20250221,,,,,,,,
2328,38264632,Application area,825,828,OCD,0.8614533543586731,biomedbert-abstract_ner_bio_20250221,,,,,,,,
2329,38264632,Application area,911,915,OCD ,0.7137823104858398,biomedbert-abstract_ner_bio_20250221,,,,,,,,
2330,38264632,Application area,1035,1038,OCD,0.7118998765945435,biomedbert-abstract_ner_bio_20250221,,,,,,,,
2331,38264632,Dosage,1331,1336,25 mg,0.9644877016544342,biomedbert-abstract_ner_bio_20250221,25 mg,25.0,25.0,mg,,,,absolute
2332,38264632,Dosage,1351,1362,25 or 30 mg,0.9225305467844009,biomedbert-abstract_ner_bio_20250221,25 or 30 mg,25.0,30.0,mg,,,,absolute
2333,38264636,Dosage,845,852,100 mg ,0.9594803750514984,biomedbert-abstract_ner_bio_20250221,100 mg,100.0,100.0,mg,,,,absolute
2334,38266928,Application area,12,51,multiple treatment-resistant depressed ,0.9569206714630127,biomedbert-abstract_ner_bio_20250221,,,,,,,,
2335,38266928,Application area,178,208,treatment-resistant depression,0.9442248791456223,biomedbert-abstract_ner_bio_20250221,,,,,,,,
2336,38266928,Application area,292,322,multiple treatment resistance ,0.9304854869842529,biomedbert-abstract_ner_bio_20250221,,,,,,,,
2337,38266928,Application area,323,326,MTR,0.9502984881401062,biomedbert-abstract_ner_bio_20250221,,,,,,,,
2338,38266928,Application area,568,572,MTR ,0.937629759311676,biomedbert-abstract_ner_bio_20250221,,,,,,,,
2339,38266928,Dosage,1576,1588,0.75-1 mg/kg,0.9821083173155785,biomedbert-abstract_ner_bio_20250221,0.75-1 mg/kg,0.75,1.0,mg,kg,1.0,,relative_weight
2340,38272875,Application area,78,107,major depressive disorder..^ ,0.9738670825958252,biomedbert-abstract_ner_bio_20250221,,,,,,,,
2341,38272875,Application area,161,180,difficult-to-treat ,0.8144313335418701,biomedbert-abstract_ner_bio_20250221,,,,,,,,
2342,38272875,Application area,180,190,depression,0.47904759645462036,biomedbert-abstract_ner_bio_20250221,,,,,,,,
2343,38272875,Application area,482,492,depressed ,0.689918577671051,biomedbert-abstract_ner_bio_20250221,,,,,,,,
2344,38274414,Application area,377,383,major ,0.6228528022766113,biomedbert-abstract_ner_bio_20250221,,,,,,,,
2345,38274414,Application area,404,407,MDD,0.5642942786216736,biomedbert-abstract_ner_bio_20250221,,,,,,,,
2346,38274414,Application area,687,691,MDD ,0.5918658971786499,biomedbert-abstract_ner_bio_20250221,,,,,,,,
2347,38274414,Dosage,999,1021,"9, 12, 17 and 21.5 mg ",0.8912263572216034,biomedbert-abstract_ner_bio_20250221,"9, 12, 17 and 21.5 mg",9.0,21.5,mg,,,,absolute
2348,38274414,Dosage,1957,1965,21.5 mg ,0.800890639424324,biomedbert-abstract_ner_bio_20250221,21.5 mg,21.5,21.5,mg,,,,absolute
2349,38274414,Dosage,2116,2124,21.5 mg ,0.7980223372578621,biomedbert-abstract_ner_bio_20250221,21.5 mg,21.5,21.5,mg,,,,absolute
2350,38274414,Dosage,2175,2186,6 mg/5 min ,0.8122745156288147,biomedbert-abstract_ner_bio_20250221,6 mg/5 min,6.0,6.0,mg,,,,absolute
2351,38274414,Dosage,2190,2203,15.5 mg/5 min,0.7690715960093907,biomedbert-abstract_ner_bio_20250221,15.5 mg/5 min,15.5,15.5,mg,,,,absolute
2352,38279085,Application area,32,59,severe alcohol use disorder,0.9497201591730118,biomedbert-abstract_ner_bio_20250221,,,,,,,,
2353,38279085,Application area,228,249,alcohol use disorder ,0.792214035987854,biomedbert-abstract_ner_bio_20250221,,,,,,,,
2354,38279085,Application area,402,423,alcohol use disorder ,0.6794621745745341,biomedbert-abstract_ner_bio_20250221,,,,,,,,
2355,38279085,Application area,706,733,severe alcohol use disorder,0.83193039894104,biomedbert-abstract_ner_bio_20250221,,,,,,,,
2356,38279085,Dosage,1218,1223,30 mg,0.9815789759159088,biomedbert-abstract_ner_bio_20250221,30 mg,30.0,30.0,mg,,,,absolute
2357,38279085,Dosage,1303,1307,5 mg,0.9795900583267212,biomedbert-abstract_ner_bio_20250221,5 mg,5.0,5.0,mg,,,,absolute
2358,38279662,Dosage,920,930,0.75 mg/kg,0.9801280697186788,biomedbert-abstract_ner_bio_20250221,0.75 mg/kg,0.75,0.75,mg,kg,1.0,,relative_weight
2359,38279662,Dosage,932,941,1.5 mg/kg,0.9781814316908518,biomedbert-abstract_ner_bio_20250221,1.5 mg/kg,1.5,1.5,mg,kg,1.0,,relative_weight
2360,38283689,Application area,65,75,"suicidal, ",0.9169364869594574,biomedbert-abstract_ner_bio_20250221,,,,,,,,
2361,38283689,Application area,75,103,depressed emergency patients,0.6689115862051646,biomedbert-abstract_ner_bio_20250221,,,,,,,,
2362,38283689,Application area,181,199,suicidal ideation ,0.9157487452030182,biomedbert-abstract_ner_bio_20250221,,,,,,,,
2363,38283689,Application area,315,332,suicidal thinking,0.9223261475563049,biomedbert-abstract_ner_bio_20250221,,,,,,,,
2364,38283689,Application area,431,442,depression ,0.8065065741539001,biomedbert-abstract_ner_bio_20250221,,,,,,,,
2365,38283689,Application area,446,464,suicidal ideation ,0.8446384370326996,biomedbert-abstract_ner_bio_20250221,,,,,,,,
2366,38283689,Application area,785,803,suicidal ideation ,0.8472534418106079,biomedbert-abstract_ner_bio_20250221,,,,,,,,
2367,38283689,Application area,807,818,depression ,0.7020521759986877,biomedbert-abstract_ner_bio_20250221,,,,,,,,
2368,38286233,Application area,49,71,postpartum depression ,0.9573668241500854,biomedbert-abstract_ner_bio_20250221,,,,,,,,
2369,38286233,Application area,211,233,postpartum depression ,0.9602499008178711,biomedbert-abstract_ner_bio_20250221,,,,,,,,
2370,38286233,Application area,234,237,PPD,0.9578423500061035,biomedbert-abstract_ner_bio_20250221,,,,,,,,
2371,38286233,Application area,347,351,PPD ,0.9419150948524475,biomedbert-abstract_ner_bio_20250221,,,,,,,,
2372,38287172,Dosage,404,416,13 and 26 µg,0.943381741642952,biomedbert-abstract_ner_bio_20250221,13 and 26 µg,13.0,26.0,µg,,,,absolute
2373,38287453,Application area,95,130,unipolar and bipolar depression..^ ,0.8733838846286138,biomedbert-abstract_ner_bio_20250221,,,,,,,,
2374,38287453,Application area,156,166,depression,0.6780201196670532,biomedbert-abstract_ner_bio_20250221,,,,,,,,
2375,38287453,Application area,476,486,depression,0.7312963008880615,biomedbert-abstract_ner_bio_20250221,,,,,,,,
2376,38287453,Application area,2650,2660,depression,0.600699782371521,biomedbert-abstract_ner_bio_20250221,,,,,,,,
2377,38293803,Application area,13,58,treatment-resistant major depressive disorder,0.9717935721079508,biomedbert-abstract_ner_bio_20250221,,,,,,,,
2378,38293803,Application area,210,241,treatment-resistant depression ,0.9760436713695526,biomedbert-abstract_ner_bio_20250221,,,,,,,,
2379,38293803,Application area,242,245,TRD,0.9806237816810608,biomedbert-abstract_ner_bio_20250221,,,,,,,,
2380,38293803,Application area,327,331,TRD ,0.972537636756897,biomedbert-abstract_ner_bio_20250221,,,,,,,,
2381,38293803,Dosage,668,683,0.5 and 1 mg/kg,0.9762968420982361,biomedbert-abstract_ner_bio_20250221,0.5 and 1 mg/kg,0.5,1.0,mg,kg,1.0,,relative_weight
2382,38302067,Application area,0,31,Treatment-resistant depression ,0.9102094322443008,biomedbert-abstract_ner_bio_20250221,,,,,,,,
2383,38302067,Application area,54,72,suicidal ideation ,0.8223569393157959,biomedbert-abstract_ner_bio_20250221,,,,,,,,
2384,38302067,Application area,229,240,suicidality,0.7546272277832031,biomedbert-abstract_ner_bio_20250221,,,,,,,,
2385,38302067,Application area,363,394,treatment-resistant depression ,0.9266935437917709,biomedbert-abstract_ner_bio_20250221,,,,,,,,
2386,38302067,Application area,395,398,TRD,0.9648920297622681,biomedbert-abstract_ner_bio_20250221,,,,,,,,
2387,38310748,Application area,79,97,suicide risk✰..^ H,0.5506950318813324,biomedbert-abstract_ner_bio_20250221,,,,,,,,
2388,38311367,Application area,0,10,Anhedonia ,0.8870909810066223,biomedbert-abstract_ner_bio_20250221,,,,,,,,
2389,38311367,Application area,13,32,bipolar depression ,0.9350363612174988,biomedbert-abstract_ner_bio_20250221,,,,,,,,
2390,38311367,Application area,69,88,Bipolar depression ,0.9196141064167023,biomedbert-abstract_ner_bio_20250221,,,,,,,,
2391,38311367,Application area,137,153,bipolar disorder,0.686447411775589,biomedbert-abstract_ner_bio_20250221,,,,,,,,
2392,38311367,Application area,239,249,Anhedonia ,0.7522876858711243,biomedbert-abstract_ner_bio_20250221,,,,,,,,
2393,38311367,Application area,293,304,depression ,0.7423180341720581,biomedbert-abstract_ner_bio_20250221,,,,,,,,
2394,38311367,Application area,508,517,anhedonia,0.6939547061920166,biomedbert-abstract_ner_bio_20250221,,,,,,,,
2395,38311367,Application area,616,626,depression,0.8267025947570801,biomedbert-abstract_ner_bio_20250221,,,,,,,,
2396,38311367,Application area,748,758,anhedonia ,0.8600695729255676,biomedbert-abstract_ner_bio_20250221,,,,,,,,
2397,38311367,Application area,761,799,treatment resistant bipolar depression,0.8586327135562897,biomedbert-abstract_ner_bio_20250221,,,,,,,,
2398,38316896,Application area,67,97,treatment-resistant depression,0.9491477161645889,biomedbert-abstract_ner_bio_20250221,,,,,,,,
2399,38316896,Application area,180,211,Treatment-Resistant Depression ,0.9489806145429611,biomedbert-abstract_ner_bio_20250221,,,,,,,,
2400,38316896,Application area,212,215,TRD,0.975858211517334,biomedbert-abstract_ner_bio_20250221,,,,,,,,
2401,38316896,Dosage,569,583,"1, 10 or 25 mg",0.940016527970632,biomedbert-abstract_ner_bio_20250221,"1, 10 or 25 mg",1.0,25.0,mg,,,,absolute
2402,38317077,Dosage,827,833,10 µg ,0.9677706062793732,biomedbert-abstract_ner_bio_20250221,10 µg,10.0,10.0,µg,,,,absolute
2403,38326104,Application area,63,94,treatment-resistant depression ,0.93787781894207,biomedbert-abstract_ner_bio_20250221,,,,,,,,
2404,38326104,Application area,185,216,treatment-resistant depression ,0.9584642648696899,biomedbert-abstract_ner_bio_20250221,,,,,,,,
2405,38326104,Application area,217,220,TRD,0.9830833673477173,biomedbert-abstract_ner_bio_20250221,,,,,,,,
2406,38326104,Application area,420,424,TRD ,0.9630210995674133,biomedbert-abstract_ner_bio_20250221,,,,,,,,
2407,38326357,Dosage,777,783,20 mg ,0.7517915666103363,biomedbert-abstract_ner_bio_20250221,20 mg,20.0,20.0,mg,,,,absolute
2408,38326432,Application area,95,115,alcohol use disorder,0.8953884243965149,biomedbert-abstract_ner_bio_20250221,,,,,,,,
2409,38326432,Application area,265,286,alcohol use disorder ,0.8526795109113058,biomedbert-abstract_ner_bio_20250221,,,,,,,,
2410,38326432,Application area,287,290,AUD,0.947852373123169,biomedbert-abstract_ner_bio_20250221,,,,,,,,
2411,38326432,Application area,467,471,AUD ,0.8477688431739807,biomedbert-abstract_ner_bio_20250221,,,,,,,,
2412,38326432,Dosage,652,658,25 mg ,0.9607905745506287,biomedbert-abstract_ner_bio_20250221,25 mg,25.0,25.0,mg,,,,absolute
2413,38326446,Application area,497,507,depression,0.6126276254653931,biomedbert-abstract_ner_bio_20250221,,,,,,,,
2414,38340111,Application area,111,144,Difficult-to-Treat Depression..^ ,0.8711076639592648,biomedbert-abstract_ner_bio_20250221,,,,,,,,
2415,38347582,Application area,1025,1033,anxiety ,0.5001814961433411,biomedbert-abstract_ner_bio_20250221,,,,,,,,
2416,38347582,Dosage,1565,1572,4-20 µg,0.9549929052591324,biomedbert-abstract_ner_bio_20250221,4-20 µg,4.0,20.0,µg,,,,absolute
2417,38351594,Application area,140,147,severe ,0.6203352808952332,biomedbert-abstract_ner_bio_20250221,,,,,,,,
2418,38351594,Application area,147,160,ADHD symptoms,0.7155792117118835,biomedbert-abstract_ner_bio_20250221,,,,,,,,
2419,38351594,Application area,221,262,attention-deficit hyperactivity disorder ,0.9062971830368042,biomedbert-abstract_ner_bio_20250221,,,,,,,,
2420,38351594,Application area,263,267,ADHD,0.8249099254608154,biomedbert-abstract_ner_bio_20250221,,,,,,,,
2421,38359838,Application area,38,68,treatment resistant depression,0.9479429324467977,biomedbert-abstract_ner_bio_20250221,,,,,,,,
2422,38359838,Application area,444,482,major depressive and bipolar disorder ,0.731555950641632,biomedbert-abstract_ner_bio_20250221,,,,,,,,
2423,38359838,Dosage,975,980,25 mg,0.9655105471611023,biomedbert-abstract_ner_bio_20250221,25 mg,25.0,25.0,mg,,,,absolute
2424,38372190,Application area,43,66,substance use disorder ,0.8607780337333679,biomedbert-abstract_ner_bio_20250221,,,,,,,,
2425,38372190,Application area,330,353,substance use disorder ,0.7749013304710388,biomedbert-abstract_ner_bio_20250221,,,,,,,,
2426,38377244,Application area,67,75,alcohol ,0.6513240933418274,biomedbert-abstract_ner_bio_20250221,,,,,,,,
2427,38377244,Application area,86,116,posttraumatic stress symptoms ,0.6102896134058634,biomedbert-abstract_ner_bio_20250221,,,,,,,,
2428,38378088,Application area,221,251,treatment-resistant depression,0.9448464959859848,biomedbert-abstract_ner_bio_20250221,,,,,,,,
2429,38378088,Dosage,863,873,0.5 mg/kg ,0.9861012597878774,biomedbert-abstract_ner_bio_20250221,0.5 mg/kg,0.5,0.5,mg,kg,1.0,,relative_weight
2430,38378088,Dosage,930,943,0.5-0.9 mg/kg,0.9720647454261779,biomedbert-abstract_ner_bio_20250221,0.5-0.9 mg/kg,0.5,0.9,mg,kg,1.0,,relative_weight
2431,38382237,Application area,246,277,treatment-resistant depression ,0.8236782252788544,biomedbert-abstract_ner_bio_20250221,,,,,,,,
2432,38389788,Application area,98,129,Post-traumatic stress disorder ,0.9114054679870606,biomedbert-abstract_ner_bio_20250221,,,,,,,,
2433,38389788,Application area,130,134,PTSD,0.9430150389671326,biomedbert-abstract_ner_bio_20250221,,,,,,,,
2434,38389788,Application area,434,438,PTSD,0.8263224959373474,biomedbert-abstract_ner_bio_20250221,,,,,,,,
2435,38389788,Application area,755,760,PTSD ,0.850246787071228,biomedbert-abstract_ner_bio_20250221,,,,,,,,
2436,38389788,Application area,764,767,MDD,0.8676055073738098,biomedbert-abstract_ner_bio_20250221,,,,,,,,
2437,38389788,Application area,1042,1047,PTSD ,0.7321644425392151,biomedbert-abstract_ner_bio_20250221,,,,,,,,
2438,38402253,Application area,80,106,major depressive disorder ,0.9052262504895529,biomedbert-abstract_ner_bio_20250221,,,,,,,,
2439,38402253,Application area,222,248,major depressive disorder ,0.8217301766077677,biomedbert-abstract_ner_bio_20250221,,,,,,,,
2440,38402253,Application area,249,252,MDD,0.9361823797225952,biomedbert-abstract_ner_bio_20250221,,,,,,,,
2441,38402253,Application area,435,439,MDD ,0.8261368274688721,biomedbert-abstract_ner_bio_20250221,,,,,,,,
2442,38402253,Dosage,1017,1026,0.5 mg/kg,0.9806066652139028,biomedbert-abstract_ner_bio_20250221,0.5 mg/kg,0.5,0.5,mg,kg,1.0,,relative_weight
2443,38423367,Application area,51,62,depression ,0.948466420173645,biomedbert-abstract_ner_bio_20250221,,,,,,,,
2444,38423367,Application area,210,250,treatment-resistant and major depression,0.8836738566557566,biomedbert-abstract_ner_bio_20250221,,,,,,,,
2445,38423367,Dosage,647,652,5 mg ,0.9714590609073639,biomedbert-abstract_ner_bio_20250221,5 mg,5.0,5.0,mg,,,,absolute
2446,38423367,Dosage,673,678,25 mg,0.9656379222869873,biomedbert-abstract_ner_bio_20250221,25 mg,25.0,25.0,mg,,,,absolute
2447,38423367,Dosage,878,884,25 mg ,0.9768524765968323,biomedbert-abstract_ner_bio_20250221,25 mg,25.0,25.0,mg,,,,absolute
2448,38423367,Dosage,968,973,1 mg ,0.9833438992500305,biomedbert-abstract_ner_bio_20250221,1 mg,1.0,1.0,mg,,,,absolute
2449,38426002,Application area,45,53,primary ,0.7702556848526001,biomedbert-abstract_ner_bio_20250221,,,,,,,,
2450,38426002,Application area,410,416,major ,0.7124033570289612,biomedbert-abstract_ner_bio_20250221,,,,,,,,
2451,38428531,Application area,55,89,postoperative depressive symptoms ,0.8580173055330912,biomedbert-abstract_ner_bio_20250221,,,,,,,,
2452,38428531,Application area,262,296,postoperative depressive symptoms ,0.7890766859054565,biomedbert-abstract_ner_bio_20250221,,,,,,,,
2453,38446480,Application area,40,62,Postpartum Depression ,0.8409039378166199,biomedbert-abstract_ner_bio_20250221,,,,,,,,
2454,38446480,Application area,156,178,Postpartum depression ,0.8478942811489105,biomedbert-abstract_ner_bio_20250221,,,,,,,,
2455,38446480,Application area,179,182,PPD,0.7814007997512817,biomedbert-abstract_ner_bio_20250221,,,,,,,,
2456,38446480,Application area,478,481,PPD,0.5540065169334412,biomedbert-abstract_ner_bio_20250221,,,,,,,,
2457,38446480,Dosage,1133,1144,0.25 mg/kg ,0.965939998626709,biomedbert-abstract_ner_bio_20250221,0.25 mg/kg,0.25,0.25,mg,kg,1.0,,relative_weight
2458,38446480,Dosage,1204,1210,50 mg ,0.9000374972820282,biomedbert-abstract_ner_bio_20250221,50 mg,50.0,50.0,mg,,,,absolute
2459,38472415,Application area,67,92,major depressive disorder,0.9800063172976176,biomedbert-abstract_ner_bio_20250221,,,,,,,,
2460,38472415,Application area,122,148,Major Depressive Disorder ,0.9738291501998901,biomedbert-abstract_ner_bio_20250221,,,,,,,,
2461,38472415,Application area,149,152,MDD,0.9650426506996155,biomedbert-abstract_ner_bio_20250221,,,,,,,,
2462,38479192,Application area,54,85,treatment-resistant depression ,0.9679709821939468,biomedbert-abstract_ner_bio_20250221,,,,,,,,
2463,38479192,Application area,314,345,treatment-resistant depression ,0.9388879239559174,biomedbert-abstract_ner_bio_20250221,,,,,,,,
2464,38479192,Application area,346,349,TRD,0.9707490801811218,biomedbert-abstract_ner_bio_20250221,,,,,,,,
2465,38483940,Application area,180,209,major depressive disorder..^ ,0.9093841791152955,biomedbert-abstract_ner_bio_20250221,,,,,,,,
2466,38483940,Dosage,704,714,20mg/70kg ,0.9379873077074686,biomedbert-abstract_ner_bio_20250221,20 mg/70 kg,20.0,20.0,mg,kg,70.0,,relative_weight
2467,38483940,Dosage,718,727,30mg/70kg,0.9366397658983866,biomedbert-abstract_ner_bio_20250221,30 mg/70 kg,30.0,30.0,mg,kg,70.0,,relative_weight
2468,38496341,Application area,62,78,Chronic Pain..^ ,0.9588238596916199,biomedbert-abstract_ner_bio_20250221,,,,,,,,
2469,38496341,Application area,117,130,chronic pain ,0.7388767302036285,biomedbert-abstract_ner_bio_20250221,,,,,,,,
2470,38496341,Application area,388,401,chronic pain ,0.753560870885849,biomedbert-abstract_ner_bio_20250221,,,,,,,,
2471,38496341,Application area,676,689,chronic pain ,0.5809153616428375,biomedbert-abstract_ner_bio_20250221,,,,,,,,
2472,38496341,Application area,708,724,cluster headache,0.7935831844806671,biomedbert-abstract_ner_bio_20250221,,,,,,,,
2473,38496341,Application area,726,743,phantom limb pain,0.7593414783477783,biomedbert-abstract_ner_bio_20250221,,,,,,,,
2474,38496341,Application area,749,761,fibromyalgia,0.7279009222984314,biomedbert-abstract_ner_bio_20250221,,,,,,,,
2475,38497863,Application area,24,61,perioperative anxiety and depression ,0.5914053916931152,biomedbert-abstract_ner_bio_20250221,,,,,,,,
2476,38497863,Application area,189,193,PADS,0.5880378484725952,biomedbert-abstract_ner_bio_20250221,,,,,,,,
2477,38497863,Dosage,991,1000,0.7 mg/kg,0.9545949300130209,biomedbert-abstract_ner_bio_20250221,0.7 mg/kg,0.7,0.7,mg,kg,1.0,,relative_weight
2478,38498317,Application area,49,74,postoperative depression ,0.5465434789657593,biomedbert-abstract_ner_bio_20250221,,,,,,,,
2479,38498317,Application area,240,254,postoperative ,0.519045889377594,biomedbert-abstract_ner_bio_20250221,,,,,,,,
2480,38518267,Dosage,1434,1441,100 μg ,0.9732444286346436,biomedbert-abstract_ner_bio_20250221,100 μg,100.0,100.0,μg,,,,absolute
2481,38520045,Application area,111,131,major depression..^ ,0.9473302513360977,biomedbert-abstract_ner_bio_20250221,,,,,,,,
2482,38520045,Application area,236,252,major depression,0.7483128011226654,biomedbert-abstract_ner_bio_20250221,,,,,,,,
2483,38522144,Dosage,824,834,0.2 mg/kg ,0.9423529009024302,biomedbert-abstract_ner_bio_20250221,0.2 mg/kg,0.2,0.2,mg,kg,1.0,,relative_weight
2484,38522144,Dosage,861,871,0.5 mg/kg ,0.9742487668991089,biomedbert-abstract_ner_bio_20250221,0.5 mg/kg,0.5,0.5,mg,kg,1.0,,relative_weight
2485,38522144,Dosage,1947,1957,0.5 mg/kg ,0.9741194943586985,biomedbert-abstract_ner_bio_20250221,0.5 mg/kg,0.5,0.5,mg,kg,1.0,,relative_weight
2486,38522166,Application area,35,66,treatment-resistant depression ,0.9547342509031296,biomedbert-abstract_ner_bio_20250221,,,,,,,,
2487,38522166,Application area,361,392,treatment-resistant depression ,0.9544147104024887,biomedbert-abstract_ner_bio_20250221,,,,,,,,
2488,38522166,Application area,393,396,TRD,0.9772698879241943,biomedbert-abstract_ner_bio_20250221,,,,,,,,
2489,38522166,Dosage,481,492,160 mg/day ,0.822816789150238,biomedbert-abstract_ner_bio_20250221,160 mg/day,160.0,160.0,mg,,,,absolute
2490,38522166,Dosage,495,502,240 mg/,0.8498537937800089,biomedbert-abstract_ner_bio_20250221,240 mg/,240.0,240.0,mg,,,,absolute
2491,38522166,Dosage,1027,1038,160 mg/day ,0.7814402729272842,biomedbert-abstract_ner_bio_20250221,160 mg/day,160.0,160.0,mg,,,,absolute
2492,38522166,Dosage,1058,1065,240 mg/,0.8224828839302063,biomedbert-abstract_ner_bio_20250221,240 mg/,240.0,240.0,mg,,,,absolute
2493,38522166,Dosage,1710,1717,240 mg/,0.818564236164093,biomedbert-abstract_ner_bio_20250221,240 mg/,240.0,240.0,mg,,,,absolute
2494,38523183,Application area,33,63,treatment-resistant depression,0.9695843607187271,biomedbert-abstract_ner_bio_20250221,,,,,,,,
2495,38523183,Application area,180,191,depression ,0.9469770789146423,biomedbert-abstract_ner_bio_20250221,,,,,,,,
2496,38523183,Application area,508,539,treatment-resistant depression ,0.9372253566980362,biomedbert-abstract_ner_bio_20250221,,,,,,,,
2497,38523183,Application area,540,543,TRD,0.9745402932167053,biomedbert-abstract_ner_bio_20250221,,,,,,,,
2498,38523183,Dosage,737,743,30 mg ,0.8494176268577576,biomedbert-abstract_ner_bio_20250221,30 mg,30.0,30.0,mg,,,,absolute
2499,38523183,Dosage,916,933,0.5 to 3.0 mg/kg ,0.983442485332489,biomedbert-abstract_ner_bio_20250221,0.5-3.0 mg/kg,0.5,3.0,mg,kg,1.0,,relative_weight
2500,38537759,Application area,84,100,Major depression,0.9345190227031708,biomedbert-abstract_ner_bio_20250221,,,,,,,,
2501,38537759,Application area,269,300,treatment-resistant depression ,0.9586419761180878,biomedbert-abstract_ner_bio_20250221,,,,,,,,
2502,38537759,Application area,301,304,TRD,0.9751195311546326,biomedbert-abstract_ner_bio_20250221,,,,,,,,
2503,38537759,Application area,421,431,depression,0.9072405099868774,biomedbert-abstract_ner_bio_20250221,,,,,,,,
2504,38537759,Dosage,1383,1392,56-84 mg ,0.9540558457374573,biomedbert-abstract_ner_bio_20250221,56-84 mg,56.0,84.0,mg,,,,absolute
2505,38537759,Dosage,1409,1415,28 mg ,0.9531140327453613,biomedbert-abstract_ner_bio_20250221,28 mg,28.0,28.0,mg,,,,absolute
2506,38537759,Dosage,1633,1642,0.2 mg/kg,0.8388761083285013,biomedbert-abstract_ner_bio_20250221,0.2 mg/kg,0.2,0.2,mg,kg,1.0,,relative_weight
2507,38537759,Dosage,1677,1686,0.5 mg/kg,0.7745368182659149,biomedbert-abstract_ner_bio_20250221,0.5 mg/kg,0.5,0.5,mg,kg,1.0,,relative_weight
2508,38537759,Dosage,1730,1737,1 mg/kg,0.9527730047702789,biomedbert-abstract_ner_bio_20250221,1 mg/kg,1.0,1.0,mg,kg,1.0,,relative_weight
2509,38537759,Dosage,1829,1835,28 mg ,0.9501418471336365,biomedbert-abstract_ner_bio_20250221,28 mg,28.0,28.0,mg,,,,absolute
2510,38537759,Dosage,1874,1887,56 and 84 mg ,0.9523435235023499,biomedbert-abstract_ner_bio_20250221,56 and 84 mg,56.0,84.0,mg,,,,absolute
2511,38539636,Application area,107,118,Depressive ,0.5883550643920898,biomedbert-abstract_ner_bio_20250221,,,,,,,,
2512,38539636,Application area,132,136,Post,0.6339389085769653,biomedbert-abstract_ner_bio_20250221,,,,,,,,
2513,38539636,Application area,374,378,PTSD,0.7651504874229431,biomedbert-abstract_ner_bio_20250221,,,,,,,,
2514,38539636,Application area,383,389,major ,0.5149902105331421,biomedbert-abstract_ner_bio_20250221,,,,,,,,
2515,38539636,Application area,410,413,MDD,0.7273564338684082,biomedbert-abstract_ner_bio_20250221,,,,,,,,
2516,38554563,Application area,21,51,treatment resistant depression,0.9637282689412435,biomedbert-abstract_ner_bio_20250221,,,,,,,,
2517,38554563,Application area,193,197,TRD ,0.96209317445755,biomedbert-abstract_ner_bio_20250221,,,,,,,,
2518,38554563,Application area,534,538,TRD ,0.9499497413635254,biomedbert-abstract_ner_bio_20250221,,,,,,,,
2519,38557430,Application area,80,111,treatment-resistant depression ,0.7506148591637611,biomedbert-abstract_ner_bio_20250221,,,,,,,,
2520,38557430,Application area,562,565,TRD,0.41468217968940735,biomedbert-abstract_ner_bio_20250221,,,,,,,,
2521,38570038,Application area,120,146,major depressive disorder ,0.8305693864822388,biomedbert-abstract_ner_bio_20250221,,,,,,,,
2522,38570038,Application area,150,180,treatment-resistant depression,0.9233883023262024,biomedbert-abstract_ner_bio_20250221,,,,,,,,
2523,38573154,Application area,58,76,Suicidal Ideation ,0.710808128118515,biomedbert-abstract_ner_bio_20250221,,,,,,,,
2524,38573154,Application area,234,245,depression ,0.8421176075935364,biomedbert-abstract_ner_bio_20250221,,,,,,,,
2525,38573154,Application area,249,267,suicidal ideation ,0.8027442693710327,biomedbert-abstract_ner_bio_20250221,,,,,,,,
2526,38573154,Application area,386,396,"suicidal, ",0.6558517813682556,biomedbert-abstract_ner_bio_20250221,,,,,,,,
2527,38581739,Application area,33,50,cluster headache ,0.9214421808719635,biomedbert-abstract_ner_bio_20250221,,,,,,,,
2528,38581739,Application area,272,289,cluster headache ,0.8767505586147308,biomedbert-abstract_ner_bio_20250221,,,,,,,,
2529,38581739,Dosage,331,342,10 mg/70 kg,0.941829514503479,biomedbert-abstract_ner_bio_20250221,10 mg/70 kg,10.0,10.0,mg,kg,70.0,,relative_weight
2530,38605658,Dosage,664,669,25 mg,0.9740544557571411,biomedbert-abstract_ner_bio_20250221,25 mg,25.0,25.0,mg,,,,absolute
2531,38605658,Dosage,693,697,1 mg,0.9693025350570679,biomedbert-abstract_ner_bio_20250221,1 mg,1.0,1.0,mg,,,,absolute
2532,38616411,Dosage,592,600,1-12 mg ,0.866472601890564,biomedbert-abstract_ner_bio_20250221,1-12 mg,1.0,12.0,mg,,,,absolute
2533,38616411,Dosage,933,938,12 mg,0.9410442113876343,biomedbert-abstract_ner_bio_20250221,12 mg,12.0,12.0,mg,,,,absolute
2534,38616411,Dosage,1645,1658,10 and 12 mg ,0.9086034148931503,biomedbert-abstract_ner_bio_20250221,10 and 12 mg,10.0,12.0,mg,,,,absolute
2535,38622150,Dosage,421,426,10 µg,0.9668326377868652,biomedbert-abstract_ner_bio_20250221,10 µg,10.0,10.0,µg,,,,absolute
2536,38626643,Application area,50,96,hyperactive delirium with severe agitation..^ ,0.8670053056308201,biomedbert-abstract_ner_bio_20250221,,,,,,,,
2537,38626643,Application area,139,182,hyperactive delirium with severe agitation ,0.8408742547035217,biomedbert-abstract_ner_bio_20250221,,,,,,,,
2538,38626643,Application area,183,187,HDSA,0.7351343631744385,biomedbert-abstract_ner_bio_20250221,,,,,,,,
2539,38626643,Application area,672,676,HDSA,0.623996376991272,biomedbert-abstract_ner_bio_20250221,,,,,,,,
2540,38629811,Application area,174,204,treatment-resistant depression,0.8014875650405884,biomedbert-abstract_ner_bio_20250221,,,,,,,,
2541,38629811,Dosage,579,589,0.23 mg/kg,0.9388593832651774,biomedbert-abstract_ner_bio_20250221,0.23 mg/kg,0.23,0.23,mg,kg,1.0,,relative_weight
2542,38629811,Dosage,611,624,0.58 mg/kg/hr,0.943121463060379,biomedbert-abstract_ner_bio_20250221,0.58 mg/kg/h,0.58,0.58,mg,kg,1.0,h,relative_weight_time
2543,38629811,Application area,2387,2397,depression,0.7690076231956482,biomedbert-abstract_ner_bio_20250221,,,,,,,,
2544,38632313,Application area,86,102,major depression,0.9525722861289978,biomedbert-abstract_ner_bio_20250221,,,,,,,,
2545,38632313,Application area,324,350,major depressive disorder ,0.8472195466359457,biomedbert-abstract_ner_bio_20250221,,,,,,,,
2546,38632313,Application area,351,354,MDD,0.9132252931594849,biomedbert-abstract_ner_bio_20250221,,,,,,,,
2547,38632313,Dosage,825,834,0.3 mg/kg,0.9845801591873169,biomedbert-abstract_ner_bio_20250221,0.3 mg/kg,0.3,0.3,mg,kg,1.0,,relative_weight
2548,38636712,Application area,72,102,treatment-resistant depression,0.9762483388185501,biomedbert-abstract_ner_bio_20250221,,,,,,,,
2549,38636712,Application area,224,255,Treatment-resistant Depression ,0.9737815111875534,biomedbert-abstract_ner_bio_20250221,,,,,,,,
2550,38636712,Application area,256,259,TRD,0.981062114238739,biomedbert-abstract_ner_bio_20250221,,,,,,,,
2551,38653350,Application area,68,86,mood disorders..^ ,0.7388770580291748,biomedbert-abstract_ner_bio_20250221,,,,,,,,
2552,38653350,Application area,190,201,depression ,0.8255063891410828,biomedbert-abstract_ner_bio_20250221,,,,,,,,
2553,38658877,Dosage,1059,1068,2 mg and ,0.9347116549809774,biomedbert-abstract_ner_bio_20250221,2 mg and,2.0,2.0,mg,,,,absolute
2554,38658877,Dosage,1068,1072,5 mg,0.8993740975856781,biomedbert-abstract_ner_bio_20250221,5 mg,5.0,5.0,mg,,,,absolute
2555,38658886,Application area,70,103,subthreshold depressive symptoms ,0.6767894625663757,biomedbert-abstract_ner_bio_20250221,,,,,,,,
2556,38658886,Application area,226,233,Breast ,0.4901891052722931,biomedbert-abstract_ner_bio_20250221,,,,,,,,
2557,38658886,Application area,670,684,breast cancer ,0.5688227117061615,biomedbert-abstract_ner_bio_20250221,,,,,,,,
2558,38658886,Application area,718,728,depression,0.4525642693042755,biomedbert-abstract_ner_bio_20250221,,,,,,,,
2559,38658886,Dosage,1064,1074,0.2 mg/kg ,0.9823574920495352,biomedbert-abstract_ner_bio_20250221,0.2 mg/kg,0.2,0.2,mg,kg,1.0,,relative_weight
2560,38688118,Application area,30,38,suicide ,0.865924060344696,biomedbert-abstract_ner_bio_20250221,,,,,,,,
2561,38688118,Application area,71,81,depression,0.9503545761108398,biomedbert-abstract_ner_bio_20250221,,,,,,,,
2562,38688118,Application area,192,212,depressive symptoms ,0.8339619934558868,biomedbert-abstract_ner_bio_20250221,,,,,,,,
2563,38688118,Application area,216,233,suicidal ideation,0.8751636445522308,biomedbert-abstract_ner_bio_20250221,,,,,,,,
2564,38688118,Application area,291,309,severe depression ,0.6959719955921173,biomedbert-abstract_ner_bio_20250221,,,,,,,,
2565,38688118,Application area,466,485,suicidal behaviors ,0.7993562817573547,biomedbert-abstract_ner_bio_20250221,,,,,,,,
2566,38688118,Application area,519,530,depressive ,0.8258839249610901,biomedbert-abstract_ner_bio_20250221,,,,,,,,
2567,38688118,Application area,626,644,suicidal thoughts ,0.8380451798439026,biomedbert-abstract_ner_bio_20250221,,,,,,,,
2568,38688118,Application area,648,662,mood symptoms ,0.576466292142868,biomedbert-abstract_ner_bio_20250221,,,,,,,,
2569,38688118,Application area,669,680,depressive ,0.8245426416397095,biomedbert-abstract_ner_bio_20250221,,,,,,,,
2570,38688118,Dosage,1048,1057,0.5 mg/kg,0.9851575493812561,biomedbert-abstract_ner_bio_20250221,0.5 mg/kg,0.5,0.5,mg,kg,1.0,,relative_weight
2571,38692731,Application area,122,153,treatment-resistant depression ,0.9799809455871582,biomedbert-abstract_ner_bio_20250221,,,,,,,,
2572,38692731,Application area,247,293,treatment-resistant major depressive disorder ,0.9761598507563273,biomedbert-abstract_ner_bio_20250221,,,,,,,,
2573,38692731,Application area,294,300,TR-MDD,0.9680142601331075,biomedbert-abstract_ner_bio_20250221,,,,,,,,
2574,38692731,Application area,733,739,TR-MDD,0.9423256913820902,biomedbert-abstract_ner_bio_20250221,,,,,,,,
2575,38696221,Application area,151,183,Unipolar and Bipolar Depression ,0.9126801043748856,biomedbert-abstract_ner_bio_20250221,,,,,,,,
2576,38696221,Application area,312,315,AUD,0.5331196784973145,biomedbert-abstract_ner_bio_20250221,,,,,,,,
2577,38696221,Application area,404,408,AUD ,0.6051695942878723,biomedbert-abstract_ner_bio_20250221,,,,,,,,
2578,38696221,Application area,551,583,unipolar and bipolar depression ,0.9447620064020157,biomedbert-abstract_ner_bio_20250221,,,,,,,,
2579,38696221,Dosage,799,804,50 mg,0.9520786106586456,biomedbert-abstract_ner_bio_20250221,50 mg,50.0,50.0,mg,,,,absolute
2580,38710325,Dosage,683,693,0.5 mg/kg ,0.981619785229365,biomedbert-abstract_ner_bio_20250221,0.5 mg/kg,0.5,0.5,mg,kg,1.0,,relative_weight
2581,38714931,Application area,70,116,treatment-resistant major depressive disorder ,0.9570183654626211,biomedbert-abstract_ner_bio_20250221,,,,,,,,
2582,38714931,Application area,120,137,suicidal ideation,0.9603981077671051,biomedbert-abstract_ner_bio_20250221,,,,,,,,
2583,38714931,Application area,182,208,Major depressive disorder ,0.9720834493637085,biomedbert-abstract_ner_bio_20250221,,,,,,,,
2584,38714931,Application area,209,212,MDD,0.9775038957595825,biomedbert-abstract_ner_bio_20250221,,,,,,,,
2585,38714931,Application area,466,470,MDD ,0.9544655680656433,biomedbert-abstract_ner_bio_20250221,,,,,,,,
2586,38714931,Application area,474,491,suicidal ideation,0.9365869462490082,biomedbert-abstract_ner_bio_20250221,,,,,,,,
2587,38714931,Dosage,760,770,0.5 mg/kg ,0.9860378702481588,biomedbert-abstract_ner_bio_20250221,0.5 mg/kg,0.5,0.5,mg,kg,1.0,,relative_weight
2588,38722197,Application area,63,97,Treatment-Resistant Depression..^ ,0.9512988825639089,biomedbert-abstract_ner_bio_20250221,,,,,,,,
2589,38729297,Application area,62,66,PTSD,0.9707664251327515,biomedbert-abstract_ner_bio_20250221,,,,,,,,
2590,38729297,Application area,188,193,PTSD ,0.9647257924079895,biomedbert-abstract_ner_bio_20250221,,,,,,,,
2591,38729297,Application area,336,340,PTSD,0.9543044567108154,biomedbert-abstract_ner_bio_20250221,,,,,,,,
2592,38744161,Application area,43,60,severe depression,0.9036320447921753,biomedbert-abstract_ner_bio_20250221,,,,,,,,
2593,38744161,Application area,216,233,severe depression,0.8165395855903625,biomedbert-abstract_ner_bio_20250221,,,,,,,,
2594,38750191,Application area,13,27,mood disorders,0.7911221385002136,biomedbert-abstract_ner_bio_20250221,,,,,,,,
2595,38750191,Application area,29,36,anxiety,0.9218635559082031,biomedbert-abstract_ner_bio_20250221,,,,,,,,
2596,38750191,Application area,42,54,suicidality ,0.862055242061615,biomedbert-abstract_ner_bio_20250221,,,,,,,,
2597,38750191,Application area,106,120,Mood disorders,0.7569436132907867,biomedbert-abstract_ner_bio_20250221,,,,,,,,
2598,38750191,Application area,122,129,anxiety,0.9219995141029358,biomedbert-abstract_ner_bio_20250221,,,,,,,,
2599,38750191,Application area,135,147,suicidality ,0.8859125971794128,biomedbert-abstract_ner_bio_20250221,,,,,,,,
2600,38750191,Application area,316,342,major depressive disorder ,0.8033203681310018,biomedbert-abstract_ner_bio_20250221,,,,,,,,
2601,38750191,Application area,347,359,suicidality ,0.7559829354286194,biomedbert-abstract_ner_bio_20250221,,,,,,,,
2602,38750191,Application area,458,472,mood disorders,0.7257466912269592,biomedbert-abstract_ner_bio_20250221,,,,,,,,
2603,38750191,Application area,474,481,anxiety,0.8691986203193665,biomedbert-abstract_ner_bio_20250221,,,,,,,,
2604,38750191,Application area,487,499,suicidality ,0.7507911920547485,biomedbert-abstract_ner_bio_20250221,,,,,,,,
2605,38755245,Dosage,988,997,0.5 mg/kg,0.9074991742769877,biomedbert-abstract_ner_bio_20250221,0.5 mg/kg,0.5,0.5,mg,kg,1.0,,relative_weight
2606,38772940,Application area,93,116,chronic suicidality..^ ,0.9616084396839142,biomedbert-abstract_ner_bio_20250221,,,,,,,,
2607,38772940,Application area,172,192,chronic suicidality ,0.9678858816623688,biomedbert-abstract_ner_bio_20250221,,,,,,,,
2608,38772940,Application area,397,409,suicidality ,0.9473407864570618,biomedbert-abstract_ner_bio_20250221,,,,,,,,
2609,38773523,Application area,35,40,mood ,0.6460719108581543,biomedbert-abstract_ner_bio_20250221,,,,,,,,
2610,38773523,Application area,44,52,anxiety ,0.7504386901855469,biomedbert-abstract_ner_bio_20250221,,,,,,,,
2611,38773523,Application area,64,79,advanced-stage ,0.7125804424285889,biomedbert-abstract_ner_bio_20250221,,,,,,,,
2612,38773523,Application area,185,193,anxiety ,0.8772193193435669,biomedbert-abstract_ner_bio_20250221,,,,,,,,
2613,38773523,Application area,197,208,depression ,0.8317633867263794,biomedbert-abstract_ner_bio_20250221,,,,,,,,
2614,38773523,Application area,797,805,anxiety ,0.9130375981330872,biomedbert-abstract_ner_bio_20250221,,,,,,,,
2615,38773523,Application area,809,820,depression ,0.6788680553436279,biomedbert-abstract_ner_bio_20250221,,,,,,,,
2616,38773523,Application area,823,831,advanced,0.5540977120399475,biomedbert-abstract_ner_bio_20250221,,,,,,,,
2617,38773523,Dosage,1061,1068,120 mg ,0.9741725623607635,biomedbert-abstract_ner_bio_20250221,120 mg,120.0,120.0,mg,,,,absolute
2618,38773523,Dosage,1071,1077,60 mg ,0.9038667976856232,biomedbert-abstract_ner_bio_20250221,60 mg,60.0,60.0,mg,,,,absolute
2619,38795698,Application area,97,126,major depressive disorder..^ ,0.9677323698997498,biomedbert-abstract_ner_bio_20250221,,,,,,,,
2620,38795698,Application area,190,221,treatment-resistant depression ,0.9363752156496048,biomedbert-abstract_ner_bio_20250221,,,,,,,,
2621,38795698,Application area,222,225,TRD,0.9723905324935913,biomedbert-abstract_ner_bio_20250221,,,,,,,,
2622,38795698,Application area,336,342,major ,0.8060644268989563,biomedbert-abstract_ner_bio_20250221,,,,,,,,
2623,38795698,Application area,363,366,MDD,0.8867659568786621,biomedbert-abstract_ner_bio_20250221,,,,,,,,
2624,38808490,Application area,90,109,prenatal depression,0.6399569511413574,biomedbert-abstract_ner_bio_20250221,,,,,,,,
2625,38808490,Application area,280,299,prenatal depression,0.6853070259094238,biomedbert-abstract_ner_bio_20250221,,,,,,,,
2626,38808490,Dosage,795,805,0.2 mg/kg ,0.9344447652498881,biomedbert-abstract_ner_bio_20250221,0.2 mg/kg,0.2,0.2,mg,kg,1.0,,relative_weight
2627,38808490,Application area,2316,2325,prenatal ,0.5219360589981079,biomedbert-abstract_ner_bio_20250221,,,,,,,,
2628,38810787,Application area,53,63,depression,0.9551107883453369,biomedbert-abstract_ner_bio_20250221,,,,,,,,
2629,38814267,Application area,529,540,depression ,0.6874491572380066,biomedbert-abstract_ner_bio_20250221,,,,,,,,
2630,38814267,Application area,870,890,treatment-resistant ,0.7146227359771729,biomedbert-abstract_ner_bio_20250221,,,,,,,,
2631,38814267,Application area,1036,1057,treatment- resistant ,0.6803925037384033,biomedbert-abstract_ner_bio_20250221,,,,,,,,
2632,38820373,Application area,63,82,Harmful Alcohol Use,0.8663205703099569,biomedbert-abstract_ner_bio_20250221,,,,,,,,
2633,38820851,Application area,64,87,post-partum depression ,0.9465580135583878,biomedbert-abstract_ner_bio_20250221,,,,,,,,
2634,38820851,Application area,199,221,Postpartum depression ,0.8964519202709198,biomedbert-abstract_ner_bio_20250221,,,,,,,,
2635,38820851,Application area,222,225,PPD,0.9389130473136902,biomedbert-abstract_ner_bio_20250221,,,,,,,,
2636,38820851,Application area,511,514,PPD,0.7457775473594666,biomedbert-abstract_ner_bio_20250221,,,,,,,,
2637,38834540,Application area,94,128,treatment-resistant depression..^ ,0.964711050192515,biomedbert-abstract_ner_bio_20250221,,,,,,,,
2638,38834540,Application area,218,236,suicidal ideation ,0.8265153765678406,biomedbert-abstract_ner_bio_20250221,,,,,,,,
2639,38834540,Application area,237,239,SI,0.8400604128837585,biomedbert-abstract_ner_bio_20250221,,,,,,,,
2640,38834540,Application area,345,382,treatment-resistant major depression ,0.9376491427421569,biomedbert-abstract_ner_bio_20250221,,,,,,,,
2641,38834540,Application area,383,386,TRD,0.9675734043121338,biomedbert-abstract_ner_bio_20250221,,,,,,,,
2642,38834540,Application area,505,509,TRD ,0.9577317833900452,biomedbert-abstract_ner_bio_20250221,,,,,,,,
2643,38834540,Dosage,708,717,0.5 mg/kg,0.98043825229009,biomedbert-abstract_ner_bio_20250221,0.5 mg/kg,0.5,0.5,mg,kg,1.0,,relative_weight
2644,38842300,Application area,98,108,depression,0.8206707239151001,biomedbert-abstract_ner_bio_20250221,,,,,,,,
2645,38842300,Application area,585,595,depression,0.7101345658302307,biomedbert-abstract_ner_bio_20250221,,,,,,,,
2646,38842300,Application area,761,771,depressed ,0.5697981119155884,biomedbert-abstract_ner_bio_20250221,,,,,,,,
2647,38849859,Application area,169,172,POD,0.6663740277290344,biomedbert-abstract_ner_bio_20250221,,,,,,,,
2648,38849859,Application area,466,470,POD ,0.650263786315918,biomedbert-abstract_ner_bio_20250221,,,,,,,,
2649,38850581,Application area,65,75,depression,0.9316525459289551,biomedbert-abstract_ner_bio_20250221,,,,,,,,
2650,38850581,Application area,188,198,depression,0.8774501085281372,biomedbert-abstract_ner_bio_20250221,,,,,,,,
2651,38850581,Application area,516,527,depression ,0.8060652017593384,biomedbert-abstract_ner_bio_20250221,,,,,,,,
2652,38850581,Application area,531,540,distress ,0.5535100102424622,biomedbert-abstract_ner_bio_20250221,,,,,,,,
2653,38858391,Application area,46,64,suicidal ideation ,0.9623531401157379,biomedbert-abstract_ner_bio_20250221,,,,,,,,
2654,38858391,Application area,67,78,depression ,0.9386600852012634,biomedbert-abstract_ner_bio_20250221,,,,,,,,
2655,38858391,Application area,107,125,suicidal ideation ,0.9589882493019104,biomedbert-abstract_ner_bio_20250221,,,,,,,,
2656,38858391,Application area,142,153,depression ,0.9444471597671509,biomedbert-abstract_ner_bio_20250221,,,,,,,,
2657,38858391,Application area,317,335,suicidal ideation ,0.9073306024074554,biomedbert-abstract_ner_bio_20250221,,,,,,,,
2658,38862674,Dosage,678,688,0.2 mg/kg ,0.9826320012410482,biomedbert-abstract_ner_bio_20250221,0.2 mg/kg,0.2,0.2,mg,kg,1.0,,relative_weight
2659,38863284,Application area,79,99,alcohol problems..^ ,0.9554642736911774,biomedbert-abstract_ner_bio_20250221,,,,,,,,
2660,38863284,Application area,111,132,Alcohol use disorder ,0.941078782081604,biomedbert-abstract_ner_bio_20250221,,,,,,,,
2661,38863284,Application area,133,136,AUD,0.9629647135734558,biomedbert-abstract_ner_bio_20250221,,,,,,,,
2662,38863284,Application area,341,344,AUD,0.8836246728897095,biomedbert-abstract_ner_bio_20250221,,,,,,,,
2663,38863284,Application area,619,643,alcohol misuse problems ,0.8014726837476095,biomedbert-abstract_ner_bio_20250221,,,,,,,,
2664,38863284,Dosage,853,857,115.,0.6914046108722687,biomedbert-abstract_ner_bio_20250221,115.,115.0,115.0,,,,,absolute
2665,38865906,Application area,46,70,major depressive episode,0.9765532414118449,biomedbert-abstract_ner_bio_20250221,,,,,,,,
2666,38865906,Application area,306,332,major depressive episodes ,0.9616889754931132,biomedbert-abstract_ner_bio_20250221,,,,,,,,
2667,38865906,Application area,333,337,MDEs,0.9731734395027161,biomedbert-abstract_ner_bio_20250221,,,,,,,,
2668,38865906,Application area,486,489,MDE,0.5181158781051636,biomedbert-abstract_ner_bio_20250221,,,,,,,,
2669,38883812,Dosage,739,745,20 mg ,0.9282972812652588,biomedbert-abstract_ner_bio_20250221,20 mg,20.0,20.0,mg,,,,absolute
2670,38896930,Application area,72,101,posttraumatic stress disorder,0.9606632788976034,biomedbert-abstract_ner_bio_20250221,,,,,,,,
2671,38896930,Application area,369,399,posttraumatic stress disorder ,0.9106016159057617,biomedbert-abstract_ner_bio_20250221,,,,,,,,
2672,38896930,Application area,400,404,PTSD,0.9647549390792847,biomedbert-abstract_ner_bio_20250221,,,,,,,,
2673,38896930,Application area,639,643,PTSD,0.9463405013084412,biomedbert-abstract_ner_bio_20250221,,,,,,,,
2674,38901389,Application area,61,72,suicidality,0.8826125860214233,biomedbert-abstract_ner_bio_20250221,,,,,,,,
2675,38901389,Application area,111,145,treatment-resistant depression..^ ,0.9243408203125,biomedbert-abstract_ner_bio_20250221,,,,,,,,
2676,38901389,Application area,162,170,suicide ,0.8449718952178955,biomedbert-abstract_ner_bio_20250221,,,,,,,,
2677,38901389,Application area,254,285,treatment-resistant depressive ,0.6581454873085022,biomedbert-abstract_ner_bio_20250221,,,,,,,,
2678,38901389,Application area,349,360,suicidality,0.682811439037323,biomedbert-abstract_ner_bio_20250221,,,,,,,,
2679,38914860,Application area,38,68,treatment-resistant depression,0.9636982083320618,biomedbert-abstract_ner_bio_20250221,,,,,,,,
2680,38914860,Application area,185,222,treatment-resistant major depression ,0.9669362783432007,biomedbert-abstract_ner_bio_20250221,,,,,,,,
2681,38914860,Application area,223,226,TRD,0.9814622402191162,biomedbert-abstract_ner_bio_20250221,,,,,,,,
2682,38914860,Dosage,578,585,120 mg ,0.8386163115501404,biomedbert-abstract_ner_bio_20250221,120 mg,120.0,120.0,mg,,,,absolute
2683,38914860,Dosage,786,807,"30, 60, 120 or 180 mg",0.8612736463546753,biomedbert-abstract_ner_bio_20250221,"30, 60, 120 or 180 mg",30.0,180.0,mg,,,,absolute
2684,38914860,Dosage,1037,1044,180 mg ,0.8963838815689087,biomedbert-abstract_ner_bio_20250221,180 mg,180.0,180.0,mg,,,,absolute
2685,38914860,Dosage,1391,1398,180 mg ,0.7790364027023315,biomedbert-abstract_ner_bio_20250221,180 mg,180.0,180.0,mg,,,,absolute
2686,38914860,Dosage,1598,1604,180 mg,0.890043169260025,biomedbert-abstract_ner_bio_20250221,180 mg,180.0,180.0,mg,,,,absolute
2687,38916891,Application area,247,250,TRD,0.6555154919624329,biomedbert-abstract_ner_bio_20250221,,,,,,,,
2688,38916891,Application area,463,466,TRD,0.5238844156265259,biomedbert-abstract_ner_bio_20250221,,,,,,,,
2689,38916891,Application area,3438,3441,TRD,0.5685835480690002,biomedbert-abstract_ner_bio_20250221,,,,,,,,
2690,38917771,Application area,23,33,anhedonia ,0.9555544257164001,biomedbert-abstract_ner_bio_20250221,,,,,,,,
2691,38917771,Application area,36,67,unipolar and bipolar depression,0.9460629373788834,biomedbert-abstract_ner_bio_20250221,,,,,,,,
2692,38917771,Application area,211,232,unipolar and bipolar ,0.5691591103871664,biomedbert-abstract_ner_bio_20250221,,,,,,,,
2693,38917771,Application area,303,313,depressed ,0.8471746444702148,biomedbert-abstract_ner_bio_20250221,,,,,,,,
2694,38917771,Application area,344,353,anhedonia,0.8609218597412109,biomedbert-abstract_ner_bio_20250221,,,,,,,,
2695,38917771,Application area,503,512,anhedonia,0.802017092704773,biomedbert-abstract_ner_bio_20250221,,,,,,,,
2696,38922637,Application area,34,55,Ketamine Use Disorder,0.8318012952804565,biomedbert-abstract_ner_bio_20250221,,,,,,,,
2697,38922637,Application area,157,178,ketamine use disorder,0.7777551611264547,biomedbert-abstract_ner_bio_20250221,,,,,,,,
2698,38922637,Application area,314,335,ketamine use disorder,0.8063541452089945,biomedbert-abstract_ner_bio_20250221,,,,,,,,
2699,38925307,Application area,58,80,postpartum depression ,0.9261448085308075,biomedbert-abstract_ner_bio_20250221,,,,,,,,
2700,38925307,Application area,161,183,Postpartum Depression ,0.9159117639064789,biomedbert-abstract_ner_bio_20250221,,,,,,,,
2701,38925307,Application area,184,187,PPD,0.9403572082519531,biomedbert-abstract_ner_bio_20250221,,,,,,,,
2702,38925307,Application area,438,442,PPD ,0.7966625690460205,biomedbert-abstract_ner_bio_20250221,,,,,,,,
2703,38956594,Application area,151,165,depression..^ ,0.9602381388346354,biomedbert-abstract_ner_bio_20250221,,,,,,,,
2704,38956594,Application area,177,203,Major depressive disorder ,0.9542521635691324,biomedbert-abstract_ner_bio_20250221,,,,,,,,
2705,38956594,Application area,204,207,MDD,0.9618712663650513,biomedbert-abstract_ner_bio_20250221,,,,,,,,
2706,38956594,Application area,371,382,depression ,0.9431914687156677,biomedbert-abstract_ner_bio_20250221,,,,,,,,
2707,38956594,Application area,1090,1100,depression,0.8650879263877869,biomedbert-abstract_ner_bio_20250221,,,,,,,,
2708,38956594,Dosage,1353,1359,25 mg ,0.9702983796596527,biomedbert-abstract_ner_bio_20250221,25 mg,25.0,25.0,mg,,,,absolute
2709,38956594,Dosage,1518,1524,25 mg ,0.9728899896144867,biomedbert-abstract_ner_bio_20250221,25 mg,25.0,25.0,mg,,,,absolute
2710,38969374,Application area,59,77,suicidal ideation ,0.952836275100708,biomedbert-abstract_ner_bio_20250221,,,,,,,,
2711,38969374,Application area,220,238,Suicidal ideation ,0.9561850130558014,biomedbert-abstract_ner_bio_20250221,,,,,,,,
2712,38969374,Application area,239,241,SI,0.9279240369796753,biomedbert-abstract_ner_bio_20250221,,,,,,,,
2713,38969374,Application area,423,425,SI,0.835956871509552,biomedbert-abstract_ner_bio_20250221,,,,,,,,
2714,38969374,Application area,511,514,SI ,0.8448782563209534,biomedbert-abstract_ner_bio_20250221,,,,,,,,
2715,38969374,Application area,675,678,SI ,0.8789894580841064,biomedbert-abstract_ner_bio_20250221,,,,,,,,
2716,38969374,Application area,880,883,SI ,0.5517685413360596,biomedbert-abstract_ner_bio_20250221,,,,,,,,
2717,38969374,Dosage,949,959,0.5 mg/kg ,0.9860786100228628,biomedbert-abstract_ner_bio_20250221,0.5 mg/kg,0.5,0.5,mg,kg,1.0,,relative_weight
2718,38969374,Dosage,976,981,50 mg,0.8807917833328247,biomedbert-abstract_ner_bio_20250221,50 mg,50.0,50.0,mg,,,,absolute
2719,38971895,Application area,140,174,treatment-resistant depression..^ ,0.9740956028302511,biomedbert-abstract_ner_bio_20250221,,,,,,,,
2720,38971895,Application area,265,296,treatment-resistant depression ,0.9599848240613937,biomedbert-abstract_ner_bio_20250221,,,,,,,,
2721,38971895,Application area,297,300,TRD,0.9765764474868774,biomedbert-abstract_ner_bio_20250221,,,,,,,,
2722,38971895,Application area,411,415,TRD ,0.9727986454963684,biomedbert-abstract_ner_bio_20250221,,,,,,,,
2723,38971895,Application area,795,813,suicidal ideation ,0.619377613067627,biomedbert-abstract_ner_bio_20250221,,,,,,,,
2724,38982828,Dosage,459,469,0.5 mg/kg ,0.9770478705565134,biomedbert-abstract_ner_bio_20250221,0.5 mg/kg,0.5,0.5,mg,kg,1.0,,relative_weight
2725,38988455,Application area,36,52,Anorexia Nervosa,0.9374815821647644,biomedbert-abstract_ner_bio_20250221,,,,,,,,
2726,38988455,Application area,97,114,Anorexia nervosa ,0.9376069903373718,biomedbert-abstract_ner_bio_20250221,,,,,,,,
2727,38988455,Application area,115,117,AN,0.9444524645805359,biomedbert-abstract_ner_bio_20250221,,,,,,,,
2728,38988455,Dosage,676,682,25-mg ,0.9372830192248026,biomedbert-abstract_ner_bio_20250221,25 mg,25.0,25.0,mg,,,,absolute
2729,38994348,Application area,62,66,PTSD,0.9737006425857544,biomedbert-abstract_ner_bio_20250221,,,,,,,,
2730,38994348,Application area,116,146,Posttraumatic Stress Disorder ,0.9399250547091166,biomedbert-abstract_ner_bio_20250221,,,,,,,,
2731,38994348,Application area,147,151,PTSD,0.9650503993034363,biomedbert-abstract_ner_bio_20250221,,,,,,,,
2732,38994348,Application area,678,683,PTSD ,0.7992278933525085,biomedbert-abstract_ner_bio_20250221,,,,,,,,
2733,39009578,Dosage,640,646,15 mcg,0.9685169458389282,biomedbert-abstract_ner_bio_20250221,15 µg,15.0,15.0,µg,,,,absolute
2734,39018703,Application area,73,111,treatment-resistant bipolar depression,0.9647523641586304,biomedbert-abstract_ner_bio_20250221,,,,,,,,
2735,39018703,Application area,223,242,bipolar depression ,0.8037163317203522,biomedbert-abstract_ner_bio_20250221,,,,,,,,
2736,39018703,Application area,480,519,treatment-resistant bipolar depression ,0.7671863079071045,biomedbert-abstract_ner_bio_20250221,,,,,,,,
2737,39020167,Dosage,685,690,25 mg,0.9141634404659271,biomedbert-abstract_ner_bio_20250221,25 mg,25.0,25.0,mg,,,,absolute
2738,39026266,Application area,86,120,treatment-resistant depression..^ ,0.953300933043162,biomedbert-abstract_ner_bio_20250221,,,,,,,,
2739,39026266,Application area,202,213,depressive ,0.6065547466278076,biomedbert-abstract_ner_bio_20250221,,,,,,,,
2740,39026266,Application area,330,360,treatment-resistant depression,0.9420041292905807,biomedbert-abstract_ner_bio_20250221,,,,,,,,
2741,39028544,Application area,95,104,Suicidal ,0.6000413298606873,biomedbert-abstract_ner_bio_20250221,,,,,,,,
2742,39028544,Application area,224,255,treatment-resistant depression ,0.95986607670784,biomedbert-abstract_ner_bio_20250221,,,,,,,,
2743,39028544,Application area,256,259,TRD,0.9635977745056152,biomedbert-abstract_ner_bio_20250221,,,,,,,,
2744,39028544,Application area,265,289,strong suicidal ideation,0.7968066136042277,biomedbert-abstract_ner_bio_20250221,,,,,,,,
2745,39028544,Application area,358,369,suicidality,0.5795674324035645,biomedbert-abstract_ner_bio_20250221,,,,,,,,
2746,39028544,Dosage,761,771,0.5 mg/kg ,0.9873688817024231,biomedbert-abstract_ner_bio_20250221,0.5 mg/kg,0.5,0.5,mg,kg,1.0,,relative_weight
2747,39054328,Application area,90,95,ADNP ,0.575437605381012,biomedbert-abstract_ner_bio_20250221,,,,,,,,
2748,39054328,Dosage,839,848,0.5 mg/kg,0.9807579616705576,biomedbert-abstract_ner_bio_20250221,0.5 mg/kg,0.5,0.5,mg,kg,1.0,,relative_weight
2749,39068714,Application area,89,123,treatment-resistant depression..^ ,0.9728639821211497,biomedbert-abstract_ner_bio_20250221,,,,,,,,
2750,39068714,Application area,139,149,depression,0.8504571318626404,biomedbert-abstract_ner_bio_20250221,,,,,,,,
2751,39068714,Application area,443,474,treatment-resistant depression ,0.9531301409006119,biomedbert-abstract_ner_bio_20250221,,,,,,,,
2752,39068714,Application area,475,478,TRD,0.9788675308227539,biomedbert-abstract_ner_bio_20250221,,,,,,,,
2753,39068714,Dosage,587,594,150 mg ,0.9652610123157501,biomedbert-abstract_ner_bio_20250221,150 mg,150.0,150.0,mg,,,,absolute
2754,39068714,Dosage,660,669,0.5 mg/kg,0.9696598450342814,biomedbert-abstract_ner_bio_20250221,0.5 mg/kg,0.5,0.5,mg,kg,1.0,,relative_weight
2755,39071471,Application area,56,72,advanced cancer ,0.653674304485321,biomedbert-abstract_ner_bio_20250221,,,,,,,,
2756,39078038,Application area,38,45,anxiety,0.9550232291221619,biomedbert-abstract_ner_bio_20250221,,,,,,,,
2757,39078038,Application area,104,122,Anxiety disorders ,0.8286326229572296,biomedbert-abstract_ner_bio_20250221,,,,,,,,
2758,39078038,Application area,313,321,anxiety ,0.9225429892539978,biomedbert-abstract_ner_bio_20250221,,,,,,,,
2759,39078038,Dosage,602,608,200 μg,0.9149060547351837,biomedbert-abstract_ner_bio_20250221,200 μg,200.0,200.0,μg,,,,absolute
2760,39086732,Application area,152,182,difficult-to-treat depression ,0.9130469163258871,biomedbert-abstract_ner_bio_20250221,,,,,,,,
2761,39086732,Application area,183,186,DTD,0.9660248160362244,biomedbert-abstract_ner_bio_20250221,,,,,,,,
2762,39107286,Application area,91,101,depression,0.9558296799659729,biomedbert-abstract_ner_bio_20250221,,,,,,,,
2763,39107286,Application area,163,198,unipolar and bipolar depression..^ ,0.9331518312295278,biomedbert-abstract_ner_bio_20250221,,,,,,,,
2764,39107286,Application area,302,312,depression,0.9472818374633789,biomedbert-abstract_ner_bio_20250221,,,,,,,,
2765,39107286,Application area,456,467,depression ,0.8911644816398621,biomedbert-abstract_ner_bio_20250221,,,,,,,,
2766,39116153,Application area,45,76,treatment-resistant depression ,0.9693779498338699,biomedbert-abstract_ner_bio_20250221,,,,,,,,
2767,39116153,Application area,236,261,major depressive disorder,0.7944577733675638,biomedbert-abstract_ner_bio_20250221,,,,,,,,
2768,39116153,Application area,273,304,treatment-resistant depression ,0.9633288979530334,biomedbert-abstract_ner_bio_20250221,,,,,,,,
2769,39116153,Application area,305,308,TRD,0.976780354976654,biomedbert-abstract_ner_bio_20250221,,,,,,,,
2770,39116153,Application area,360,370,depression,0.8044556975364685,biomedbert-abstract_ner_bio_20250221,,,,,,,,
2771,39128167,Application area,147,181,treatment-resistant depression..^ ,0.9747387965520223,biomedbert-abstract_ner_bio_20250221,,,,,,,,
2772,39128167,Application area,268,332,treatment resistant depression within major depressive disorder ,0.8864121437072754,biomedbert-abstract_ner_bio_20250221,,,,,,,,
2773,39128167,Application area,333,340,MDD-TRD,0.9181715448697408,biomedbert-abstract_ner_bio_20250221,,,,,,,,
2774,39128167,Application area,493,500,MDD-TRD,0.8039745291074117,biomedbert-abstract_ner_bio_20250221,,,,,,,,
2775,39156335,Application area,65,95,Treatment-Resistant Depression,0.9627460241317749,biomedbert-abstract_ner_bio_20250221,,,,,,,,
2776,39156335,Application area,120,151,Treatment-resistant depression ,0.969944953918457,biomedbert-abstract_ner_bio_20250221,,,,,,,,
2777,39156335,Application area,152,155,TRD,0.9823325276374817,biomedbert-abstract_ner_bio_20250221,,,,,,,,
2778,39156335,Application area,261,287,major depressive disorder ,0.9366462032000223,biomedbert-abstract_ner_bio_20250221,,,,,,,,
2779,39156335,Application area,288,291,MDD,0.9677547216415405,biomedbert-abstract_ner_bio_20250221,,,,,,,,
2780,39156335,Application area,518,521,TRD,0.968718945980072,biomedbert-abstract_ner_bio_20250221,,,,,,,,
2781,39156335,Application area,662,665,TRD,0.9623462557792664,biomedbert-abstract_ner_bio_20250221,,,,,,,,
2782,39160473,Application area,65,86,postpartum depression,0.8663009405136108,biomedbert-abstract_ner_bio_20250221,,,,,,,,
2783,39160473,Application area,152,174,postpartum depression ,0.7505753934383392,biomedbert-abstract_ner_bio_20250221,,,,,,,,
2784,39160473,Application area,613,635,postpartum depression ,0.8666026294231415,biomedbert-abstract_ner_bio_20250221,,,,,,,,
2785,39160473,Dosage,871,883,0. 25 mg/kg ,0.9656026164690653,biomedbert-abstract_ner_bio_20250221,0. 25 mg/kg,0.0,0.0,mg,kg,1.0,,relative_weight
2786,39168500,Application area,139,158,depressive symptoms,0.5508067309856415,biomedbert-abstract_ner_bio_20250221,,,,,,,,
2787,39182140,Application area,155,184,major depressive disorder..^ ,0.9788840532302856,biomedbert-abstract_ner_bio_20250221,,,,,,,,
2788,39182140,Application area,196,222,Major depressive disorder ,0.9726168711980184,biomedbert-abstract_ner_bio_20250221,,,,,,,,
2789,39182140,Application area,223,226,MDD,0.9739402532577515,biomedbert-abstract_ner_bio_20250221,,,,,,,,
2790,39182140,Application area,627,638,depression ,0.9039160013198853,biomedbert-abstract_ner_bio_20250221,,,,,,,,
2791,39182140,Application area,779,790,depression ,0.8251579999923706,biomedbert-abstract_ner_bio_20250221,,,,,,,,
2792,39182140,Dosage,1471,1482,4 to 20 μg ,0.9445976167917252,biomedbert-abstract_ner_bio_20250221,4-20 μg,4.0,20.0,μg,,,,absolute
2793,39184713,Application area,49,61,Early-Onset ,0.7317661841710409,biomedbert-abstract_ner_bio_20250221,,,,,,,,
2794,39193583,Application area,108,136,clinical depressive symptoms,0.7729982932408651,biomedbert-abstract_ner_bio_20250221,,,,,,,,
2795,39193583,Application area,488,507,depressive symptoms,0.8719424605369568,biomedbert-abstract_ner_bio_20250221,,,,,,,,
2796,39199520,Application area,90,106,Major Depression,0.9562188684940338,biomedbert-abstract_ner_bio_20250221,,,,,,,,
2797,39199520,Application area,215,241,major depressive disorder ,0.9302572011947632,biomedbert-abstract_ner_bio_20250221,,,,,,,,
2798,39199520,Application area,242,245,MDD,0.9557967185974121,biomedbert-abstract_ner_bio_20250221,,,,,,,,
2799,39199520,Application area,350,381,treatment-resistant depression ,0.9440641552209854,biomedbert-abstract_ner_bio_20250221,,,,,,,,
2800,39199520,Application area,382,385,TRD,0.9624145030975342,biomedbert-abstract_ner_bio_20250221,,,,,,,,
2801,39207673,Application area,21,52,treatment-resistant depression ,0.9440597593784332,biomedbert-abstract_ner_bio_20250221,,,,,,,,
2802,39207673,Application area,161,192,treatment-resistant depression ,0.9537915885448456,biomedbert-abstract_ner_bio_20250221,,,,,,,,
2803,39207673,Application area,193,196,TRD,0.9796552658081055,biomedbert-abstract_ner_bio_20250221,,,,,,,,
2804,39210712,Application area,80,110,treatment-resistant depression,0.9741123169660568,biomedbert-abstract_ner_bio_20250221,,,,,,,,
2805,39210712,Application area,223,254,treatment-resistant depression ,0.9733688086271286,biomedbert-abstract_ner_bio_20250221,,,,,,,,
2806,39210712,Application area,255,258,TRD,0.9771002531051636,biomedbert-abstract_ner_bio_20250221,,,,,,,,
2807,39210712,Application area,473,476,TRD,0.9759560823440552,biomedbert-abstract_ner_bio_20250221,,,,,,,,
2808,39210712,Dosage,631,640,0.5 mg/kg,0.9808679421742758,biomedbert-abstract_ner_bio_20250221,0.5 mg/kg,0.5,0.5,mg,kg,1.0,,relative_weight
2809,39214377,Application area,55,63,fatigue ,0.9005653858184814,biomedbert-abstract_ner_bio_20250221,,,,,,,,
2810,39214377,Application area,66,99,severe major depressive disorder ,0.8713312298059464,biomedbert-abstract_ner_bio_20250221,,,,,,,,
2811,39214377,Application area,102,121,bipolar depression ,0.9039042294025421,biomedbert-abstract_ner_bio_20250221,,,,,,,,
2812,39214377,Application area,250,258,Fatigue ,0.8935432434082031,biomedbert-abstract_ner_bio_20250221,,,,,,,,
2813,39214377,Application area,312,322,depression,0.8608044981956482,biomedbert-abstract_ner_bio_20250221,,,,,,,,
2814,39214377,Application area,351,359,fatigue ,0.7774824500083923,biomedbert-abstract_ner_bio_20250221,,,,,,,,
2815,39214377,Application area,680,687,fatigue,0.8120928406715393,biomedbert-abstract_ner_bio_20250221,,,,,,,,
2816,39214377,Dosage,756,762,50 mg ,0.8523673117160797,biomedbert-abstract_ner_bio_20250221,50 mg,50.0,50.0,mg,,,,absolute
2817,39214377,Application area,829,832,MDD,0.5224307775497437,biomedbert-abstract_ner_bio_20250221,,,,,,,,
2818,39214377,Application area,837,856,bipolar depression ,0.6094083189964294,biomedbert-abstract_ner_bio_20250221,,,,,,,,
2819,39214377,Application area,857,861,BDep,0.7883557081222534,biomedbert-abstract_ner_bio_20250221,,,,,,,,
2820,39218315,Application area,47,67,depressive disorders,0.8942252397537231,biomedbert-abstract_ner_bio_20250221,,,,,,,,
2821,39218315,Application area,117,143,Major Depressive Disorder ,0.9505311449368795,biomedbert-abstract_ner_bio_20250221,,,,,,,,
2822,39218315,Application area,144,147,MDD,0.9713683724403381,biomedbert-abstract_ner_bio_20250221,,,,,,,,
2823,39218315,Application area,158,189,treatment-resistant depression ,0.9686354696750641,biomedbert-abstract_ner_bio_20250221,,,,,,,,
2824,39218315,Application area,190,193,TRD,0.9760746359825134,biomedbert-abstract_ner_bio_20250221,,,,,,,,
2825,39218315,Application area,348,351,MDD,0.9613679051399231,biomedbert-abstract_ner_bio_20250221,,,,,,,,
2826,39218315,Application area,361,364,TRD,0.9765531420707703,biomedbert-abstract_ner_bio_20250221,,,,,,,,
2827,39222174,Application area,49,98,treatment-resistant major depressive disorder..^ ,0.9649014100432396,biomedbert-abstract_ner_bio_20250221,,,,,,,,
2828,39222174,Application area,189,240,treatment-resistant unipolar and bipolar depression,0.8442322526659284,biomedbert-abstract_ner_bio_20250221,,,,,,,,
2829,39222174,Dosage,351,355,0.5-,0.9720707386732101,biomedbert-abstract_ner_bio_20250221,0.5,0.5,0.5,,,,,absolute
2830,39222174,Dosage,355,365,1.0 mg/kg ,0.9030506014823914,biomedbert-abstract_ner_bio_20250221,1.0 mg/kg,1.0,1.0,mg,kg,1.0,,relative_weight
2831,39222174,Dosage,1334,1343,0.5 mg/kg,0.9774240752061208,biomedbert-abstract_ner_bio_20250221,0.5 mg/kg,0.5,0.5,mg,kg,1.0,,relative_weight
2832,39222174,Dosage,1542,1552,0.5 mg/kg ,0.9746146698792776,biomedbert-abstract_ner_bio_20250221,0.5 mg/kg,0.5,0.5,mg,kg,1.0,,relative_weight
2833,39223855,Application area,62,93,treatment-resistant depression ,0.7444494366645813,biomedbert-abstract_ner_bio_20250221,,,,,,,,
2834,39223855,Application area,243,246,TRD,0.7009033560752869,biomedbert-abstract_ner_bio_20250221,,,,,,,,
2835,39223855,Application area,2773,2777,TRD ,0.7708210349082947,biomedbert-abstract_ner_bio_20250221,,,,,,,,
2836,39226935,Application area,29,60,treatment resistant depression ,0.8419788877169291,biomedbert-abstract_ner_bio_20250221,,,,,,,,
2837,39226935,Application area,61,64,DTR,0.7350877523422241,biomedbert-abstract_ner_bio_20250221,,,,,,,,
2838,39226935,Application area,148,174,Major depressive disorder ,0.7899341781934103,biomedbert-abstract_ner_bio_20250221,,,,,,,,
2839,39226935,Application area,175,178,MDD,0.6639342904090881,biomedbert-abstract_ner_bio_20250221,,,,,,,,
2840,39226935,Application area,417,420,TRD,0.6839367151260376,biomedbert-abstract_ner_bio_20250221,,,,,,,,
2841,39226935,Application area,586,589,TRD,0.6029272079467773,biomedbert-abstract_ner_bio_20250221,,,,,,,,
2842,39226935,Application area,806,810,TRD ,0.6874268651008606,biomedbert-abstract_ner_bio_20250221,,,,,,,,
2843,39226935,Application area,2641,2652,depression ,0.676872730255127,biomedbert-abstract_ner_bio_20250221,,,,,,,,
2844,39226935,Application area,2772,2803,treatment-resistant depression ,0.8028724044561386,biomedbert-abstract_ner_bio_20250221,,,,,,,,
2845,39231959,Dosage,645,655,25-200 µg ,0.9216165095567703,biomedbert-abstract_ner_bio_20250221,25-200 µg,25.0,200.0,µg,,,,absolute
2846,39235512,Dosage,634,640,10 µg ,0.9294815957546234,biomedbert-abstract_ner_bio_20250221,10 µg,10.0,10.0,µg,,,,absolute
2847,39262902,Application area,96,127,post-traumatic stress disorder ,0.9711852550506592,biomedbert-abstract_ner_bio_20250221,,,,,,,,
2848,39262902,Application area,131,151,alcohol use disorder,0.9592921336491903,biomedbert-abstract_ner_bio_20250221,,,,,,,,
2849,39262902,Application area,217,247,Posttraumatic stress disorder ,0.9635518193244934,biomedbert-abstract_ner_bio_20250221,,,,,,,,
2850,39262902,Application area,248,252,PTSD,0.9774155020713806,biomedbert-abstract_ner_bio_20250221,,,,,,,,
2851,39262902,Application area,258,279,alcohol use disorder ,0.9494636456171671,biomedbert-abstract_ner_bio_20250221,,,,,,,,
2852,39262902,Application area,280,283,AUD,0.9664788246154785,biomedbert-abstract_ner_bio_20250221,,,,,,,,
2853,39262902,Application area,685,690,PTSD ,0.9126800298690796,biomedbert-abstract_ner_bio_20250221,,,,,,,,
2854,39289250,Application area,42,62,tobacco use disorder,0.9019510348637899,biomedbert-abstract_ner_bio_20250221,,,,,,,,
2855,39289250,Application area,131,152,tobacco use disorder ,0.824329654375712,biomedbert-abstract_ner_bio_20250221,,,,,,,,
2856,39301810,Application area,207,212,SUNHA,0.6772635579109192,biomedbert-abstract_ner_bio_20250221,,,,,,,,
2857,39311825,Application area,145,179,treatment-resistant depression..^ ,0.9682327409585317,biomedbert-abstract_ner_bio_20250221,,,,,,,,
2858,39311825,Application area,239,250,depression ,0.9514715671539307,biomedbert-abstract_ner_bio_20250221,,,,,,,,
2859,39311825,Application area,267,298,treatment-resistant depression ,0.9635979384183884,biomedbert-abstract_ner_bio_20250221,,,,,,,,
2860,39311825,Application area,299,302,TRD,0.9746392369270325,biomedbert-abstract_ner_bio_20250221,,,,,,,,
2861,39311825,Application area,341,344,TRD,0.966608464717865,biomedbert-abstract_ner_bio_20250221,,,,,,,,
2862,39311825,Application area,480,491,depression ,0.8783336281776428,biomedbert-abstract_ner_bio_20250221,,,,,,,,
2863,39311825,Application area,760,764,TRD ,0.8333569169044495,biomedbert-abstract_ner_bio_20250221,,,,,,,,
2864,39318021,Application area,111,139,Major Depressive Episode..^ ,0.9733831286430359,biomedbert-abstract_ner_bio_20250221,,,,,,,,
2865,39318021,Application area,234,245,depression ,0.8918471336364746,biomedbert-abstract_ner_bio_20250221,,,,,,,,
2866,39318021,Application area,400,410,depressed ,0.6619753241539001,biomedbert-abstract_ner_bio_20250221,,,,,,,,
2867,39318021,Application area,552,555,MDE,0.607902467250824,biomedbert-abstract_ner_bio_20250221,,,,,,,,
2868,39318021,Dosage,711,721,0.5 mg/kg ,0.9834909836451212,biomedbert-abstract_ner_bio_20250221,0.5 mg/kg,0.5,0.5,mg,kg,1.0,,relative_weight
2869,39326589,Application area,99,109,depression,0.9493302702903748,biomedbert-abstract_ner_bio_20250221,,,,,,,,
2870,39326589,Application area,433,443,depression,0.9203419089317322,biomedbert-abstract_ner_bio_20250221,,,,,,,,
2871,39326589,Dosage,542,551,0.4 mg/kg,0.9815073907375336,biomedbert-abstract_ner_bio_20250221,0.4 mg/kg,0.4,0.4,mg,kg,1.0,,relative_weight
2872,39332580,Application area,60,78,suicidal ideation ,0.9047554731369019,biomedbert-abstract_ner_bio_20250221,,,,,,,,
2873,39332580,Application area,199,217,suicidal ideation ,0.6974208652973175,biomedbert-abstract_ner_bio_20250221,,,,,,,,
2874,39332580,Application area,300,318,suicidal thoughts ,0.5913920402526855,biomedbert-abstract_ner_bio_20250221,,,,,,,,
2875,39332580,Application area,435,444,suicidal ,0.5355494618415833,biomedbert-abstract_ner_bio_20250221,,,,,,,,
2876,39340637,Application area,65,96,treatment-resistant depression ,0.9622640311717987,biomedbert-abstract_ner_bio_20250221,,,,,,,,
2877,39340637,Application area,247,279,treatment- resistant depression ,0.9483103007078171,biomedbert-abstract_ner_bio_20250221,,,,,,,,
2878,39340637,Application area,280,283,TRD,0.9742785096168518,biomedbert-abstract_ner_bio_20250221,,,,,,,,
2879,39340637,Application area,446,450,TRD ,0.9623122811317444,biomedbert-abstract_ner_bio_20250221,,,,,,,,
2880,39341294,Application area,36,66,treatment-resistant depression,0.972617894411087,biomedbert-abstract_ner_bio_20250221,,,,,,,,
2881,39341294,Application area,201,241,unipolar treatment-resistant depression ,0.9106296300888062,biomedbert-abstract_ner_bio_20250221,,,,,,,,
2882,39341294,Application area,242,245,TRD,0.9597374200820923,biomedbert-abstract_ner_bio_20250221,,,,,,,,
2883,39342105,Application area,36,47,depression ,0.6922039985656738,biomedbert-abstract_ner_bio_20250221,,,,,,,,
2884,39342105,Application area,145,156,Depression ,0.4845561385154724,biomedbert-abstract_ner_bio_20250221,,,,,,,,
2885,39342105,Application area,351,371,depressive symptoms ,0.5901046693325043,biomedbert-abstract_ner_bio_20250221,,,,,,,,
2886,39342105,Application area,552,572,depressive symptoms ,0.6840961575508118,biomedbert-abstract_ner_bio_20250221,,,,,,,,
2887,39342105,Dosage,1028,1038,0.5 mg/kg ,0.9695503910382589,biomedbert-abstract_ner_bio_20250221,0.5 mg/kg,0.5,0.5,mg,kg,1.0,,relative_weight
2888,39343309,Application area,55,93,severe treatment-resistant depression ,0.9483055830001831,biomedbert-abstract_ner_bio_20250221,,,,,,,,
2889,39343309,Application area,388,426,severe treatment-resistant depression ,0.9084015130996704,biomedbert-abstract_ner_bio_20250221,,,,,,,,
2890,39343309,Application area,427,430,TRD,0.802060604095459,biomedbert-abstract_ner_bio_20250221,,,,,,,,
2891,39343309,Dosage,563,569,25 mg ,0.9724947214126587,biomedbert-abstract_ner_bio_20250221,25 mg,25.0,25.0,mg,,,,absolute
2892,39349427,Dosage,531,556,"100, 200, 400, and 800 mg",0.882678747177124,biomedbert-abstract_ner_bio_20250221,"100, 200, 400, and 800 mg",100.0,800.0,mg,,,,absolute
2893,39349427,Dosage,563,567,800 ,0.6059954762458801,biomedbert-abstract_ner_bio_20250221,800,800.0,800.0,,,,,absolute
2894,39349427,Dosage,1392,1399,800 mg ,0.6043525040149689,biomedbert-abstract_ner_bio_20250221,800 mg,800.0,800.0,mg,,,,absolute
2895,39349427,Dosage,1479,1486,800 mg ,0.5911690294742584,biomedbert-abstract_ner_bio_20250221,800 mg,800.0,800.0,mg,,,,absolute
2896,39354706,Dosage,643,652,45 μg/kg ,0.9511225670576096,biomedbert-abstract_ner_bio_20250221,45 μg/kg,45.0,45.0,μg,kg,1.0,,relative_weight
2897,39354706,Dosage,655,666,30 mg/70 kg,0.9410479307174683,biomedbert-abstract_ner_bio_20250221,30 mg/70 kg,30.0,30.0,mg,kg,70.0,,relative_weight
2898,39365203,Application area,59,78,Depressive Symptoms,0.8154882788658142,biomedbert-abstract_ner_bio_20250221,,,,,,,,
2899,39365203,Application area,112,123,Depression ,0.8184722661972046,biomedbert-abstract_ner_bio_20250221,,,,,,,,
2900,39365203,Application area,250,270,Depressive symptoms ,0.7651702463626862,biomedbert-abstract_ner_bio_20250221,,,,,,,,
2901,39365203,Application area,616,636,depressive symptoms ,0.7709024846553802,biomedbert-abstract_ner_bio_20250221,,,,,,,,
2902,39365203,Dosage,1134,1147,0.1 mg/kg to ,0.916254060609,biomedbert-abstract_ner_bio_20250221,0.1 mg/kg-,0.1,0.1,mg,kg,1.0,,relative_weight
2903,39365203,Dosage,1147,1155,1 mg/kg ,0.9702573269605637,biomedbert-abstract_ner_bio_20250221,1 mg/kg,1.0,1.0,mg,kg,1.0,,relative_weight
2904,39372842,Application area,76,109,functional neurological disorder ,0.7158681750297546,biomedbert-abstract_ner_bio_20250221,,,,,,,,
2905,39372842,Application area,150,183,Functional neurological disorder ,0.8634124398231506,biomedbert-abstract_ner_bio_20250221,,,,,,,,
2906,39372842,Application area,184,187,FND,0.8962574005126953,biomedbert-abstract_ner_bio_20250221,,,,,,,,
2907,39372842,Application area,443,447,FND ,0.7978852391242981,biomedbert-abstract_ner_bio_20250221,,,,,,,,
2908,39372842,Application area,614,617,FND,0.8146761059761047,biomedbert-abstract_ner_bio_20250221,,,,,,,,
2909,39372842,Dosage,938,943,25mg ,0.9672092795372009,biomedbert-abstract_ner_bio_20250221,25 mg,25.0,25.0,mg,,,,absolute
2910,39376971,Application area,15,40,major depressive disorder,0.9630608757336935,biomedbert-abstract_ner_bio_20250221,,,,,,,,
2911,39376971,Application area,284,310,major depressive disorder ,0.9426189859708151,biomedbert-abstract_ner_bio_20250221,,,,,,,,
2912,39376971,Application area,311,314,MDD,0.9487915635108948,biomedbert-abstract_ner_bio_20250221,,,,,,,,
2913,39381877,Application area,49,53,PTSD,0.979460597038269,biomedbert-abstract_ner_bio_20250221,,,,,,,,
2914,39381877,Application area,147,178,Post-traumatic stress disorder ,0.9735236525535583,biomedbert-abstract_ner_bio_20250221,,,,,,,,
2915,39381877,Application area,179,183,PTSD,0.98041832447052,biomedbert-abstract_ner_bio_20250221,,,,,,,,
2916,39381877,Dosage,1155,1163,25-40 mg,0.9507177174091339,biomedbert-abstract_ner_bio_20250221,25-40 mg,25.0,40.0,mg,,,,absolute
2917,39382685,Application area,68,86,suicidal ideation ,0.9587152302265167,biomedbert-abstract_ner_bio_20250221,,,,,,,,
2918,39382685,Application area,89,115,uni- or bipolar depression,0.9380190372467041,biomedbert-abstract_ner_bio_20250221,,,,,,,,
2919,39382685,Application area,263,281,suicidal ideation ,0.9414733648300171,biomedbert-abstract_ner_bio_20250221,,,,,,,,
2920,39382685,Application area,301,327,uni- or bipolar depression,0.8085065603256225,biomedbert-abstract_ner_bio_20250221,,,,,,,,
2921,39382685,Application area,525,543,suicidal ideation ,0.9076379537582397,biomedbert-abstract_ner_bio_20250221,,,,,,,,
2922,39382685,Application area,544,546,SI,0.786009669303894,biomedbert-abstract_ner_bio_20250221,,,,,,,,
2923,39427449,Application area,84,118,treatment-resistant depression..^ ,0.8867516418298086,biomedbert-abstract_ner_bio_20250221,,,,,,,,
2924,39427449,Dosage,531,536,25 mg,0.9668905138969421,biomedbert-abstract_ner_bio_20250221,25 mg,25.0,25.0,mg,,,,absolute
2925,39427449,Dosage,538,543,10 mg,0.96976238489151,biomedbert-abstract_ner_bio_20250221,10 mg,10.0,10.0,mg,,,,absolute
2926,39427449,Dosage,548,553,1 mg ,0.9614506661891937,biomedbert-abstract_ner_bio_20250221,1 mg,1.0,1.0,mg,,,,absolute
2927,39467856,Application area,477,480,MDD,0.6231687664985657,biomedbert-abstract_ner_bio_20250221,,,,,,,,
2928,39467856,Application area,483,487,MDD ,0.5182517170906067,biomedbert-abstract_ner_bio_20250221,,,,,,,,
2929,39467856,Application area,588,602,substance use ,0.6601338088512421,biomedbert-abstract_ner_bio_20250221,,,,,,,,
2930,39467856,Application area,612,615,SUD,0.6180285811424255,biomedbert-abstract_ner_bio_20250221,,,,,,,,
2931,39467856,Application area,637,661,social anxiety disorder ,0.7963571747144064,biomedbert-abstract_ner_bio_20250221,,,,,,,,
2932,39467856,Application area,662,665,SAD,0.6287965774536133,biomedbert-abstract_ner_bio_20250221,,,,,,,,
2933,39468512,Application area,13,51,chronic treatment-resistant depression,0.9667353749275207,biomedbert-abstract_ner_bio_20250221,,,,,,,,
2934,39468512,Application area,106,145,Chronic treatment-resistant depression ,0.972222113609314,biomedbert-abstract_ner_bio_20250221,,,,,,,,
2935,39468512,Application area,146,149,TRD,0.8887029886245728,biomedbert-abstract_ner_bio_20250221,,,,,,,,
2936,39468512,Application area,285,289,TRD ,0.8443475365638733,biomedbert-abstract_ner_bio_20250221,,,,,,,,
2937,39468512,Application area,457,469,chronic TRD ,0.9551527500152588,biomedbert-abstract_ner_bio_20250221,,,,,,,,
2938,39468512,Dosage,659,669,0.5 mg/kg ,0.9783777097860972,biomedbert-abstract_ner_bio_20250221,0.5 mg/kg,0.5,0.5,mg,kg,1.0,,relative_weight
2939,39480198,Application area,15,40,major depressive disorder,0.9725875457127889,biomedbert-abstract_ner_bio_20250221,,,,,,,,
2940,39480198,Application area,413,424,depression ,0.6658830046653748,biomedbert-abstract_ner_bio_20250221,,,,,,,,
2941,39480198,Application area,588,598,depression,0.8744508624076843,biomedbert-abstract_ner_bio_20250221,,,,,,,,
2942,39499526,Dosage,832,838,25 mg ,0.9436517357826233,biomedbert-abstract_ner_bio_20250221,25 mg,25.0,25.0,mg,,,,absolute
2943,39514643,Application area,63,93,Treatment-Resistant Depression,0.9715044647455215,biomedbert-abstract_ner_bio_20250221,,,,,,,,
2944,39514643,Application area,177,208,treatment-resistant depression ,0.970589891076088,biomedbert-abstract_ner_bio_20250221,,,,,,,,
2945,39514643,Application area,209,212,TRD,0.9761555194854736,biomedbert-abstract_ner_bio_20250221,,,,,,,,
2946,39514643,Application area,567,570,TRD,0.9715399146080017,biomedbert-abstract_ner_bio_20250221,,,,,,,,
2947,39514643,Dosage,699,707,56/84 mg,0.8196403086185455,biomedbert-abstract_ner_bio_20250221,,,,,,,,
2948,39514643,Dosage,714,725,28/56/84 mg,0.7706045508384705,biomedbert-abstract_ner_bio_20250221,,,,,,,,
2949,39522447,Application area,40,65,major depressive disorder,0.981236457824707,biomedbert-abstract_ner_bio_20250221,,,,,,,,
2950,39522447,Application area,156,182,Major Depressive Disorder ,0.9592485229174296,biomedbert-abstract_ner_bio_20250221,,,,,,,,
2951,39522447,Application area,183,186,MDD,0.9732507467269897,biomedbert-abstract_ner_bio_20250221,,,,,,,,
2952,39522447,Application area,492,496,MDD ,0.95533287525177,biomedbert-abstract_ner_bio_20250221,,,,,,,,
2953,39522447,Application area,500,531,Treatment-Resistant Depression ,0.9458520412445068,biomedbert-abstract_ner_bio_20250221,,,,,,,,
2954,39522447,Application area,532,535,TRD,0.9733777046203613,biomedbert-abstract_ner_bio_20250221,,,,,,,,
2955,39522447,Dosage,1048,1059,28 to 84 mg,0.9175323247909546,biomedbert-abstract_ner_bio_20250221,28-84 mg,28.0,84.0,mg,,,,absolute
2956,39522447,Dosage,1310,1316,84 mg ,0.9565691947937012,biomedbert-abstract_ner_bio_20250221,84 mg,84.0,84.0,mg,,,,absolute
2957,39529994,Application area,306,330,chronic neuropathic pain,0.828732430934906,biomedbert-abstract_ner_bio_20250221,,,,,,,,
2958,39531488,Application area,67,130,chronic and treatment-resistant post-traumatic stress disorder ,0.8886604309082031,biomedbert-abstract_ner_bio_20250221,,,,,,,,
2959,39531488,Application area,466,474,chronic ,0.6184552311897278,biomedbert-abstract_ner_bio_20250221,,,,,,,,
2960,39531488,Application area,474,479,PTSD ,0.39150315523147583,biomedbert-abstract_ner_bio_20250221,,,,,,,,
2961,39532819,Application area,211,221,depression,0.6217151284217834,biomedbert-abstract_ner_bio_20250221,,,,,,,,
2962,39546312,Dosage,1126,1141,100- or 125-mg ,0.868832012017568,biomedbert-abstract_ner_bio_20250221,100 or 125 mg,100.0,125.0,mg,,,,absolute
2963,39546312,Dosage,1670,1677,100-mg ,0.8670491377512614,biomedbert-abstract_ner_bio_20250221,100 mg,100.0,100.0,mg,,,,absolute
2964,39546312,Dosage,1715,1722,125-mg ,0.7983867128690084,biomedbert-abstract_ner_bio_20250221,125 mg,125.0,125.0,mg,,,,absolute
2965,39549887,Application area,58,105,major depressive disorder or bipolar depression,0.851766566435496,biomedbert-abstract_ner_bio_20250221,,,,,,,,
2966,39549887,Application area,271,297,major depressive disorder ,0.7707204421361288,biomedbert-abstract_ner_bio_20250221,,,,,,,,
2967,39549887,Application area,298,301,MDD,0.5753317475318909,biomedbert-abstract_ner_bio_20250221,,,,,,,,
2968,39549887,Application area,326,328,BD,0.49712884426116943,biomedbert-abstract_ner_bio_20250221,,,,,,,,
2969,39549887,Application area,530,539,MDD or BD,0.698198397954305,biomedbert-abstract_ner_bio_20250221,,,,,,,,
2970,39549887,Application area,902,906,MDD ,0.7471686005592346,biomedbert-abstract_ner_bio_20250221,,,,,,,,
2971,39549887,Application area,909,912,BD ,0.7311223149299622,biomedbert-abstract_ner_bio_20250221,,,,,,,,
2972,39556562,Application area,82,112,postpartum depression symptoms,0.9373950958251953,biomedbert-abstract_ner_bio_20250221,,,,,,,,
2973,39556562,Application area,161,183,Postpartum depression ,0.9642002284526825,biomedbert-abstract_ner_bio_20250221,,,,,,,,
2974,39556562,Application area,184,187,PPD,0.959881603717804,biomedbert-abstract_ner_bio_20250221,,,,,,,,
2975,39556562,Application area,368,371,PPD,0.9259385466575623,biomedbert-abstract_ner_bio_20250221,,,,,,,,
2976,39556562,Dosage,1466,1470,0.5 ,0.6909032265345255,biomedbert-abstract_ner_bio_20250221,0.5,0.5,0.5,,,,,absolute
2977,39564613,Application area,286,317,treatment-resistant depression ,0.9524389058351517,biomedbert-abstract_ner_bio_20250221,,,,,,,,
2978,39564613,Application area,318,321,TRD,0.9590097665786743,biomedbert-abstract_ner_bio_20250221,,,,,,,,
2979,39576028,Application area,238,249,depression ,0.903940737247467,biomedbert-abstract_ner_bio_20250221,,,,,,,,
2980,39576028,Application area,674,684,depression,0.7101730108261108,biomedbert-abstract_ner_bio_20250221,,,,,,,,
2981,39576028,Dosage,1135,1146,1.13 mg/kg ,0.960815022389094,biomedbert-abstract_ner_bio_20250221,1.13 mg/kg,1.13,1.13,mg,kg,1.0,,relative_weight
2982,39581291,Application area,503,514,depression ,0.6502979397773743,biomedbert-abstract_ner_bio_20250221,,,,,,,,
2983,39581291,Dosage,993,1003,0.5 mg/kg ,0.9777228832244873,biomedbert-abstract_ner_bio_20250221,0.5 mg/kg,0.5,0.5,mg,kg,1.0,,relative_weight
2984,39587436,Dosage,473,484,100-800 mg ,0.9437486678361893,biomedbert-abstract_ner_bio_20250221,100-800 mg,100.0,800.0,mg,,,,absolute
2985,39587436,Dosage,1201,1236,"100, 200, 300, 400, 500 and 800 mg ",0.9131347189346949,biomedbert-abstract_ner_bio_20250221,"100, 200, 300, 400, 500 and 800 mg",100.0,800.0,mg,,,,absolute
2986,39587436,Dosage,1523,1530,800 mg ,0.8312940895557404,biomedbert-abstract_ner_bio_20250221,800 mg,800.0,800.0,mg,,,,absolute
2987,39592887,Dosage,1090,1105,120 and 180 mg ,0.8485910594463348,biomedbert-abstract_ner_bio_20250221,120 and 180 mg,120.0,180.0,mg,,,,absolute
2988,39608193,Application area,34,46,suicidality ,0.9477800726890564,biomedbert-abstract_ner_bio_20250221,,,,,,,,
2989,39608193,Application area,61,91,treatment-resistant depression,0.9699142724275589,biomedbert-abstract_ner_bio_20250221,,,,,,,,
2990,39608193,Application area,129,147,Suicidal ideation ,0.9273804128170013,biomedbert-abstract_ner_bio_20250221,,,,,,,,
2991,39608193,Application area,188,193,mood ,0.579348623752594,biomedbert-abstract_ner_bio_20250221,,,,,,,,
2992,39608193,Application area,416,427,suicidality,0.9303722381591797,biomedbert-abstract_ner_bio_20250221,,,,,,,,
2993,39608193,Application area,470,474,TRD ,0.8209751844406128,biomedbert-abstract_ner_bio_20250221,,,,,,,,
2994,39609659,Application area,13,62,treatment-resistant obsessive-compulsive disorder,0.9759217074939183,biomedbert-abstract_ner_bio_20250221,,,,,,,,
2995,39609659,Application area,126,156,Obsessive-Compulsive Disorder ,0.9824441075325012,biomedbert-abstract_ner_bio_20250221,,,,,,,,
2996,39609659,Application area,157,160,OCD,0.9782044887542725,biomedbert-abstract_ner_bio_20250221,,,,,,,,
2997,39609659,Application area,252,277,treatment-refractory OCD ,0.7725484818220139,biomedbert-abstract_ner_bio_20250221,,,,,,,,
2998,39609659,Dosage,445,454,0.5 mg/kg,0.9805861314137777,biomedbert-abstract_ner_bio_20250221,0.5 mg/kg,0.5,0.5,mg,kg,1.0,,relative_weight
2999,39609659,Dosage,456,466,1.0 mg/kg ,0.9761760731538137,biomedbert-abstract_ner_bio_20250221,1.0 mg/kg,1.0,1.0,mg,kg,1.0,,relative_weight
3000,39611487,Application area,233,264,treatment-resistant depression ,0.8059911727905273,biomedbert-abstract_ner_bio_20250221,,,,,,,,
3001,39614620,Dosage,1097,1098,3,0.637569785118103,biomedbert-abstract_ner_bio_20250221,3,3.0,3.0,,,,,absolute
3002,39614620,Dosage,1106,1116,170.64 mg ,0.6580983251333237,biomedbert-abstract_ner_bio_20250221,170.64 mg,170.64,170.64,mg,,,,absolute
3003,39627679,Application area,80,105,Major Depressive Disorder,0.8316985964775085,biomedbert-abstract_ner_bio_20250221,,,,,,,,
3004,39627679,Application area,239,265,major depressive disorder ,0.8004226088523865,biomedbert-abstract_ner_bio_20250221,,,,,,,,
3005,39627679,Application area,266,269,MDD,0.686057984828949,biomedbert-abstract_ner_bio_20250221,,,,,,,,
3006,39627679,Application area,282,312,treatment-resistant depression,0.7625075280666351,biomedbert-abstract_ner_bio_20250221,,,,,,,,
3007,39627679,Application area,463,466,MDD,0.5352290272712708,biomedbert-abstract_ner_bio_20250221,,,,,,,,
3008,39631703,Application area,95,111,major depression,0.9648649096488953,biomedbert-abstract_ner_bio_20250221,,,,,,,,
3009,39631703,Application area,237,263,major depressive disorder ,0.9739197293917338,biomedbert-abstract_ner_bio_20250221,,,,,,,,
3010,39631703,Application area,264,267,MDD,0.9720065593719482,biomedbert-abstract_ner_bio_20250221,,,,,,,,
3011,39631703,Dosage,518,529,0.25 mg/kg ,0.9823442796866099,biomedbert-abstract_ner_bio_20250221,0.25 mg/kg,0.25,0.25,mg,kg,1.0,,relative_weight
3012,39636638,Dosage,1319,1324,25 mg,0.6960578262805939,biomedbert-abstract_ner_bio_20250221,25 mg,25.0,25.0,mg,,,,absolute
3013,39641126,Application area,122,147,major depressive disorder,0.9593205253283182,biomedbert-abstract_ner_bio_20250221,,,,,,,,
3014,39641126,Application area,353,379,major depressive disorder ,0.9108576575915018,biomedbert-abstract_ner_bio_20250221,,,,,,,,
3015,39642450,Application area,33,54,posttraumatic stress ,0.6459046304225922,biomedbert-abstract_ner_bio_20250221,,,,,,,,
3016,39642450,Application area,0,0,,0.9496556605611529,biomedbert-abstract_ner_bio_20250221,,,,,,,,
3017,39642450,Application area,33,63,posttraumatic stress disorder ,0.8601640065511068,biomedbert-abstract_ner_bio_20250221,,,,,,,,
3018,39642450,Application area,195,199,PTSD,0.9106458425521851,biomedbert-abstract_ner_bio_20250221,,,,,,,,
3019,39642450,Application area,360,391,treatment-resistant depression ,0.963060587644577,biomedbert-abstract_ner_bio_20250221,,,,,,,,
3020,39642450,Application area,392,395,TRD,0.9783601760864258,biomedbert-abstract_ner_bio_20250221,,,,,,,,
3021,39642450,Application area,442,447,PTSD ,0.8079939484596252,biomedbert-abstract_ner_bio_20250221,,,,,,,,
3022,39642450,Dosage,647,661,0.5-0.75 mg/kg,0.9769640386104583,biomedbert-abstract_ner_bio_20250221,0.5-0.75 mg/kg,0.5,0.75,mg,kg,1.0,,relative_weight
3023,39642450,Application area,687,698,depression ,0.7570952773094177,biomedbert-abstract_ner_bio_20250221,,,,,,,,
3024,39642450,Application area,702,707,PTSD ,0.772736668586731,biomedbert-abstract_ner_bio_20250221,,,,,,,,
3025,39642450,Application area,710,714,TRD ,0.7076358199119568,biomedbert-abstract_ner_bio_20250221,,,,,,,,
3026,39653344,Application area,58,72,Depression..^ ,0.7323525349299113,biomedbert-abstract_ner_bio_20250221,,,,,,,,
3027,39654264,Application area,10,28,suicidal ideation ,0.5834239423274994,biomedbert-abstract_ner_bio_20250221,,,,,,,,
3028,39654264,Application area,281,311,treatment-resistant depression,0.6737370640039444,biomedbert-abstract_ner_bio_20250221,,,,,,,,
3029,39655749,Application area,75,86,terminally ,0.5003175139427185,biomedbert-abstract_ner_bio_20250221,,,,,,,,
3030,39655749,Application area,260,269,terminal ,0.4900364279747009,biomedbert-abstract_ner_bio_20250221,,,,,,,,
3031,39669539,Dosage,1066,1077,5 and 20 mg,0.949954628944397,biomedbert-abstract_ner_bio_20250221,5 and 20 mg,5.0,20.0,mg,,,,absolute
3032,39670342,Application area,193,224,treatment-resistant depression ,0.9184622466564178,biomedbert-abstract_ner_bio_20250221,,,,,,,,
3033,39672260,Application area,50,62,suicidality ,0.8107914328575134,biomedbert-abstract_ner_bio_20250221,,,,,,,,
3034,39672260,Application area,157,165,Suicide ,0.5727517604827881,biomedbert-abstract_ner_bio_20250221,,,,,,,,
3035,39672260,Application area,451,460,suicidal ,0.5283785462379456,biomedbert-abstract_ner_bio_20250221,,,,,,,,
3036,39672260,Application area,654,666,suicidality ,0.6079258918762207,biomedbert-abstract_ner_bio_20250221,,,,,,,,
3037,39674325,Application area,286,296,depression,0.7668445706367493,biomedbert-abstract_ner_bio_20250221,,,,,,,,
3038,39675677,Application area,20,28,bipolar ,0.6380107998847961,biomedbert-abstract_ner_bio_20250221,,,,,,,,
3039,39675677,Application area,308,325,bipolar disorder ,0.607647031545639,biomedbert-abstract_ner_bio_20250221,,,,,,,,
3040,39675677,Application area,326,328,BD,0.8316439390182495,biomedbert-abstract_ner_bio_20250221,,,,,,,,
3041,39675677,Application area,533,535,BD,0.6444247961044312,biomedbert-abstract_ner_bio_20250221,,,,,,,,
3042,39688236,Application area,65,75,depression,0.9565402269363403,biomedbert-abstract_ner_bio_20250221,,,,,,,,
3043,39688236,Application area,208,218,depression,0.9138257503509521,biomedbert-abstract_ner_bio_20250221,,,,,,,,
3044,39688236,Application area,234,254,treatment-resistant ,0.7154644131660461,biomedbert-abstract_ner_bio_20250221,,,,,,,,
3045,39688236,Application area,342,353,depression ,0.8908683657646179,biomedbert-abstract_ner_bio_20250221,,,,,,,,
3046,39688236,Application area,499,509,depression,0.9239910244941711,biomedbert-abstract_ner_bio_20250221,,,,,,,,
3047,39695323,Application area,56,76,major depression..^ ,0.8510746359825134,biomedbert-abstract_ner_bio_20250221,,,,,,,,
3048,39695323,Application area,219,235,major depression,0.5392709970474243,biomedbert-abstract_ner_bio_20250221,,,,,,,,
3049,39695323,Application area,284,294,depression,0.711414098739624,biomedbert-abstract_ner_bio_20250221,,,,,,,,
3050,39695323,Application area,573,583,depressed ,0.8201125264167786,biomedbert-abstract_ner_bio_20250221,,,,,,,,
3051,39695323,Dosage,731,742,0215 mg/kg ,0.9400288462638855,biomedbert-abstract_ner_bio_20250221,0215 mg/kg,215.0,215.0,mg,kg,1.0,,relative_weight
3052,39702577,Dosage,706,709,0.6,0.8686825235684713,biomedbert-abstract_ner_bio_20250221,0.6,0.6,0.6,,,,,absolute
3053,39702577,Dosage,711,714,1.2,0.8139316439628601,biomedbert-abstract_ner_bio_20250221,1.2,1.2,1.2,,,,,absolute
3054,39702577,Dosage,716,719,1.8,0.8305930495262146,biomedbert-abstract_ner_bio_20250221,1.8,1.8,1.8,,,,,absolute
3055,39702577,Dosage,725,735,2.4 mg/min,0.8552036633094152,biomedbert-abstract_ner_bio_20250221,2.4 mg/min,2.4,2.4,mg,,,min,relative_time
3056,39702577,Dosage,1336,1346,1.8 mg/min,0.9402163227399191,biomedbert-abstract_ner_bio_20250221,1.8 mg/min,1.8,1.8,mg,,,min,relative_time
3057,39702577,Dosage,1352,1363,2.4 mg/min ,0.9505720535914103,biomedbert-abstract_ner_bio_20250221,2.4 mg/min,2.4,2.4,mg,,,min,relative_time
3058,39702577,Dosage,1424,1435,1.8 mg/min ,0.9632930854956309,biomedbert-abstract_ner_bio_20250221,1.8 mg/min,1.8,1.8,mg,,,min,relative_time
3059,39702577,Dosage,1693,1704,1.8 mg/min ,0.9655837118625641,biomedbert-abstract_ner_bio_20250221,1.8 mg/min,1.8,1.8,mg,,,min,relative_time
3060,39706223,Application area,93,124,Treatment-Resistant Depression ,0.9531705975532532,biomedbert-abstract_ner_bio_20250221,,,,,,,,
3061,39706223,Application area,348,379,treatment-resistant depression ,0.9444328546524048,biomedbert-abstract_ner_bio_20250221,,,,,,,,
3062,39706223,Application area,380,383,TRD,0.9717901349067688,biomedbert-abstract_ner_bio_20250221,,,,,,,,
3063,39706482,Application area,67,101,treatment-resistant depression..^ ,0.8800556361675262,biomedbert-abstract_ner_bio_20250221,,,,,,,,
3064,39706482,Application area,220,250,treatment-resistant depression,0.8677675724029541,biomedbert-abstract_ner_bio_20250221,,,,,,,,
3065,39706482,Dosage,340,344,"25, ",0.8828946352005005,biomedbert-abstract_ner_bio_20250221,25,25.0,25.0,,,,,absolute
3066,39706482,Dosage,344,356,"10, or 1 mg ",0.7816321611404419,biomedbert-abstract_ner_bio_20250221,"10, or 1 mg",1.0,10.0,mg,,,,absolute
3067,39706482,Dosage,1132,1138,25 mg ,0.9355654120445251,biomedbert-abstract_ner_bio_20250221,25 mg,25.0,25.0,mg,,,,absolute
3068,39719633,Application area,0,10,Depression,0.9452434182167053,biomedbert-abstract_ner_bio_20250221,,,,,,,,
3069,39719633,Application area,12,42,post-traumatic stress disorder,0.9375046372413636,biomedbert-abstract_ner_bio_20250221,,,,,,,,
3070,39719633,Application area,44,62,suicidal ideation ,0.9372643530368805,biomedbert-abstract_ner_bio_20250221,,,,,,,,
3071,39719633,Application area,196,221,major depressive disorder,0.9091912508010864,biomedbert-abstract_ner_bio_20250221,,,,,,,,
3072,39719633,Application area,223,240,suicidal ideation,0.933864563703537,biomedbert-abstract_ner_bio_20250221,,,,,,,,
3073,39719633,Application area,246,275,posttraumatic stress disorder,0.9196533958117167,biomedbert-abstract_ner_bio_20250221,,,,,,,,
3074,39741440,Application area,27,38,Depression ,0.9208623170852661,biomedbert-abstract_ner_bio_20250221,,,,,,,,
3075,39741440,Application area,43,70,Severe Treatment Resistance,0.8467943072319031,biomedbert-abstract_ner_bio_20250221,,,,,,,,
3076,39741440,Application area,106,117,Depression ,0.7787579298019409,biomedbert-abstract_ner_bio_20250221,,,,,,,,
3077,39741440,Application area,256,296,severely treatment-resistant depression ,0.8922531366348266,biomedbert-abstract_ner_bio_20250221,,,,,,,,
3078,39741440,Application area,297,300,TRD,0.781406044960022,biomedbert-abstract_ner_bio_20250221,,,,,,,,
3079,39741440,Application area,402,412,severe TRD,0.8090337812900543,biomedbert-abstract_ner_bio_20250221,,,,,,,,
3080,39741440,Dosage,700,705,25 mg,0.9654187262058258,biomedbert-abstract_ner_bio_20250221,25 mg,25.0,25.0,mg,,,,absolute
3081,39741446,Application area,92,112,Alcohol Use Disorder,0.9455331961313883,biomedbert-abstract_ner_bio_20250221,,,,,,,,
3082,39741446,Application area,365,374,addiction,0.572323203086853,biomedbert-abstract_ner_bio_20250221,,,,,,,,
3083,39741446,Application area,521,542,alcohol use disorder ,0.8814391096433004,biomedbert-abstract_ner_bio_20250221,,,,,,,,
3084,39741446,Application area,543,546,AUD,0.9484795331954956,biomedbert-abstract_ner_bio_20250221,,,,,,,,
3085,39741446,Application area,617,621,AUD ,0.8805992603302002,biomedbert-abstract_ner_bio_20250221,,,,,,,,
3086,39754904,Application area,54,80,Major Depressive Disorder ,0.962343672911326,biomedbert-abstract_ner_bio_20250221,,,,,,,,
3087,39754904,Application area,81,84,MDD,0.9709271788597107,biomedbert-abstract_ner_bio_20250221,,,,,,,,
3088,39754904,Application area,231,257,Major Depressive Disorder ,0.8889322280883789,biomedbert-abstract_ner_bio_20250221,,,,,,,,
3089,39754904,Application area,258,261,MDD,0.9606764912605286,biomedbert-abstract_ner_bio_20250221,,,,,,,,
3090,39754904,Application area,267,298,Treatment-Resistant Depression ,0.9553371220827103,biomedbert-abstract_ner_bio_20250221,,,,,,,,
3091,39754904,Application area,299,302,TRD,0.9806002974510193,biomedbert-abstract_ner_bio_20250221,,,,,,,,
3092,39754904,Application area,439,443,MDD ,0.9557204842567444,biomedbert-abstract_ner_bio_20250221,,,,,,,,
3093,39754904,Dosage,1359,1365,25 mg ,0.9695202112197876,biomedbert-abstract_ner_bio_20250221,25 mg,25.0,25.0,mg,,,,absolute
3094,39754904,Dosage,1446,1458,0.215 mg/kg ,0.9802783926328024,biomedbert-abstract_ner_bio_20250221,0.215 mg/kg,0.215,0.215,mg,kg,1.0,,relative_weight
3095,39754904,Dosage,1462,1467,10 mg,0.9744879901409149,biomedbert-abstract_ner_bio_20250221,10 mg,10.0,10.0,mg,,,,absolute
3096,39754904,Dosage,1671,1677,25 mg ,0.9689147770404816,biomedbert-abstract_ner_bio_20250221,25 mg,25.0,25.0,mg,,,,absolute
3097,39763417,Application area,22,29,anxiety,0.9654560089111328,biomedbert-abstract_ner_bio_20250221,,,,,,,,
3098,39763417,Application area,100,118,Anxiety disorders ,0.830790251493454,biomedbert-abstract_ner_bio_20250221,,,,,,,,
3099,39763417,Application area,122,168,treatment-resistant major depressive disorder ,0.9685693085193634,biomedbert-abstract_ner_bio_20250221,,,,,,,,
3100,39763417,Application area,169,172,TRD,0.9780340790748596,biomedbert-abstract_ner_bio_20250221,,,,,,,,
3101,39763417,Application area,364,372,anxiety ,0.9391427636146545,biomedbert-abstract_ner_bio_20250221,,,,,,,,
3102,39763417,Application area,387,390,TRD,0.9777539968490601,biomedbert-abstract_ner_bio_20250221,,,,,,,,
3103,39763417,Dosage,576,585,0.5 mg/kg,0.9834852715333303,biomedbert-abstract_ner_bio_20250221,0.5 mg/kg,0.5,0.5,mg,kg,1.0,,relative_weight
3104,39763417,Dosage,660,673,0.5-0.9 mg/kg,0.9729016125202179,biomedbert-abstract_ner_bio_20250221,0.5-0.9 mg/kg,0.5,0.9,mg,kg,1.0,,relative_weight
3105,39764567,Application area,44,55,depression ,0.5241695642471313,biomedbert-abstract_ner_bio_20250221,,,,,,,,
3106,39764567,Application area,319,345,major depressive disorder ,0.8899207909901937,biomedbert-abstract_ner_bio_20250221,,,,,,,,
3107,39764567,Application area,346,349,MDD,0.7818920612335205,biomedbert-abstract_ner_bio_20250221,,,,,,,,
3108,39764567,Application area,448,452,MDD ,0.667128324508667,biomedbert-abstract_ner_bio_20250221,,,,,,,,
3109,39764567,Dosage,1038,1044,25 mg ,0.798754870891571,biomedbert-abstract_ner_bio_20250221,25 mg,25.0,25.0,mg,,,,absolute
3110,39773202,Application area,66,96,treatment-resistant depression,0.9644234925508499,biomedbert-abstract_ner_bio_20250221,,,,,,,,
3111,39773202,Application area,182,213,treatment-resistant depression ,0.9111690074205399,biomedbert-abstract_ner_bio_20250221,,,,,,,,
3112,39773202,Application area,373,404,treatment-resistant depression ,0.8754806220531464,biomedbert-abstract_ner_bio_20250221,,,,,,,,
3113,39773202,Dosage,1427,1434,220 mg ,0.9480474889278412,biomedbert-abstract_ner_bio_20250221,220 mg,220.0,220.0,mg,,,,absolute
3114,39773202,Dosage,1435,1448,100 to 400 mg,0.9147732853889465,biomedbert-abstract_ner_bio_20250221,100-400 mg,100.0,400.0,mg,,,,absolute
3115,39774840,Dosage,1167,1171,100 ,0.5360845327377319,biomedbert-abstract_ner_bio_20250221,100,100.0,100.0,,,,,absolute
3116,39774840,Dosage,1318,1321,10 ,0.6642362475395203,biomedbert-abstract_ner_bio_20250221,10,10.0,10.0,,,,,absolute
3117,39775022,Application area,380,387,anxiety,0.5206392407417297,biomedbert-abstract_ner_bio_20250221,,,,,,,,
3118,39775022,Application area,389,394,PTSD ,0.6056522130966187,biomedbert-abstract_ner_bio_20250221,,,,,,,,
3119,39788410,Application area,186,212,major depressive disorder ,0.9166916012763977,biomedbert-abstract_ner_bio_20250221,,,,,,,,
3120,39788410,Application area,213,216,MDD,0.9574974179267883,biomedbert-abstract_ner_bio_20250221,,,,,,,,
3121,39788410,Application area,369,373,MDD ,0.912039577960968,biomedbert-abstract_ner_bio_20250221,,,,,,,,
3122,39788410,Application area,591,595,MDD ,0.6768103837966919,biomedbert-abstract_ner_bio_20250221,,,,,,,,
3123,39792340,Application area,56,86,major depressive disorders..^ ,0.9809040069580078,biomedbert-abstract_ner_bio_20250221,,,,,,,,
3124,39792340,Application area,98,124,Major depressive disorder ,0.9810352722803751,biomedbert-abstract_ner_bio_20250221,,,,,,,,
3125,39792340,Application area,125,128,MDD,0.9761505126953125,biomedbert-abstract_ner_bio_20250221,,,,,,,,
3126,39792340,Application area,242,246,MDD ,0.9529215097427368,biomedbert-abstract_ner_bio_20250221,,,,,,,,
3127,39792340,Application area,552,555,MDD,0.9599273204803467,biomedbert-abstract_ner_bio_20250221,,,,,,,,
3128,39802794,Application area,135,146,Depression ,0.6895941495895386,biomedbert-abstract_ner_bio_20250221,,,,,,,,
3129,39802794,Application area,150,157,Burnout,0.5735374689102173,biomedbert-abstract_ner_bio_20250221,,,,,,,,
3130,39802794,Application area,351,362,depression ,0.8177374005317688,biomedbert-abstract_ner_bio_20250221,,,,,,,,
3131,39802794,Application area,366,374,burnout ,0.63751620054245,biomedbert-abstract_ner_bio_20250221,,,,,,,,
3132,39802794,Dosage,761,766,25mg ,0.9368804097175598,biomedbert-abstract_ner_bio_20250221,25 mg,25.0,25.0,mg,,,,absolute
3133,39810448,Application area,49,80,Treatment-Resistant Depression ,0.9733360558748245,biomedbert-abstract_ner_bio_20250221,,,,,,,,
3134,39810448,Application area,260,291,treatment resistant depression ,0.9677059849103292,biomedbert-abstract_ner_bio_20250221,,,,,,,,
3135,39810448,Application area,292,295,TRD,0.9830127358436584,biomedbert-abstract_ner_bio_20250221,,,,,,,,
3136,39821493,Application area,514,534,opioid use disorder ,0.9382330179214478,biomedbert-abstract_ner_bio_20250221,,,,,,,,
3137,39821493,Application area,535,538,OUD,0.9431115984916687,biomedbert-abstract_ner_bio_20250221,,,,,,,,
3138,39823496,Application area,60,97,chronic posttraumatic stress disorder,0.9798848032951355,biomedbert-abstract_ner_bio_20250221,,,,,,,,
3139,39823496,Application area,165,195,Posttraumatic stress disorder ,0.9847709139188131,biomedbert-abstract_ner_bio_20250221,,,,,,,,
3140,39823496,Application area,196,200,PTSD,0.9879157543182373,biomedbert-abstract_ner_bio_20250221,,,,,,,,
3141,39823496,Application area,328,340,chronic PTSD,0.8496054112911224,biomedbert-abstract_ner_bio_20250221,,,,,,,,
3142,39823496,Application area,402,407,PTSD ,0.8139515519142151,biomedbert-abstract_ner_bio_20250221,,,,,,,,
3143,39823496,Application area,579,584,PTSD ,0.955142080783844,biomedbert-abstract_ner_bio_20250221,,,,,,,,
3144,39823496,Dosage,712,718,25 mg ,0.9670828282833099,biomedbert-abstract_ner_bio_20250221,25 mg,25.0,25.0,mg,,,,absolute
3145,39823496,Application area,789,797,chronic ,0.7496502995491028,biomedbert-abstract_ner_bio_20250221,,,,,,,,
3146,39823496,Application area,797,801,PTSD,0.6796316504478455,biomedbert-abstract_ner_bio_20250221,,,,,,,,
3147,39834135,Application area,49,69,tobacco use disorder,0.8376173973083496,biomedbert-abstract_ner_bio_20250221,,,,,,,,
3148,39834135,Application area,302,314,tobacco use ,0.6564033627510071,biomedbert-abstract_ner_bio_20250221,,,,,,,,
3149,39834135,Dosage,655,664,0.5 mg/kg,0.9809893369674683,biomedbert-abstract_ner_bio_20250221,0.5 mg/kg,0.5,0.5,mg,kg,1.0,,relative_weight
3150,39839135,Application area,54,59,grief,0.9029420614242554,biomedbert-abstract_ner_bio_20250221,,,,,,,,
3151,39839135,Application area,135,160,Prolonged Grief Disorder ,0.9097742636998495,biomedbert-abstract_ner_bio_20250221,,,,,,,,
3152,39839135,Application area,161,164,PGD,0.9335488080978394,biomedbert-abstract_ner_bio_20250221,,,,,,,,
3153,39839135,Application area,331,335,PGD ,0.8210577964782715,biomedbert-abstract_ner_bio_20250221,,,,,,,,
3154,39853300,Application area,90,120,Treatment-Resistant Depression,0.9645828455686569,biomedbert-abstract_ner_bio_20250221,,,,,,,,
3155,39853300,Application area,300,331,treatment-resistant depression ,0.9452794045209885,biomedbert-abstract_ner_bio_20250221,,,,,,,,
3156,39853300,Application area,332,335,TRD,0.970517098903656,biomedbert-abstract_ner_bio_20250221,,,,,,,,
3157,39853300,Dosage,402,419,0.5 or 1.0 mg/kg ,0.9774428546428681,biomedbert-abstract_ner_bio_20250221,0.5 or 1.0 mg/kg,0.5,1.0,mg,kg,1.0,,relative_weight
3158,39853300,Dosage,435,445,3.0 mg/kg ,0.9760120113690695,biomedbert-abstract_ner_bio_20250221,3.0 mg/kg,3.0,3.0,mg,kg,1.0,,relative_weight
3159,39876682,Application area,25,36,Depression ,0.9493497014045715,biomedbert-abstract_ner_bio_20250221,,,,,,,,
3160,39876682,Application area,175,221,treatment-resistant major depressive disorder ,0.915738175312678,biomedbert-abstract_ner_bio_20250221,,,,,,,,
3161,39876682,Application area,232,250,suicidal ideation ,0.8345432877540588,biomedbert-abstract_ner_bio_20250221,,,,,,,,
3162,39876682,Application area,370,381,depression ,0.8872663974761963,biomedbert-abstract_ner_bio_20250221,,,,,,,,
3163,39876682,Application area,385,397,suicidality ,0.7711467742919922,biomedbert-abstract_ner_bio_20250221,,,,,,,,
3164,39878430,Dosage,285,295,0.5 mg/kg ,0.9711073338985443,biomedbert-abstract_ner_bio_20250221,0.5 mg/kg,0.5,0.5,mg,kg,1.0,,relative_weight
3165,39878430,Dosage,299,306,1 mg/kg,0.9666156321763992,biomedbert-abstract_ner_bio_20250221,1 mg/kg,1.0,1.0,mg,kg,1.0,,relative_weight
3166,39878430,Dosage,622,632,0.5 mg/kg ,0.9782257974147797,biomedbert-abstract_ner_bio_20250221,0.5 mg/kg,0.5,0.5,mg,kg,1.0,,relative_weight
3167,39878430,Dosage,646,654,1 mg/kg ,0.9745659828186035,biomedbert-abstract_ner_bio_20250221,1 mg/kg,1.0,1.0,mg,kg,1.0,,relative_weight
3168,39878430,Dosage,1897,1905,0.5 and ,0.9763179123401642,biomedbert-abstract_ner_bio_20250221,0.5 and,0.5,0.5,and,,,,absolute
3169,39878430,Dosage,1905,1913,1 mg/kg ,0.9246184974908829,biomedbert-abstract_ner_bio_20250221,1 mg/kg,1.0,1.0,mg,kg,1.0,,relative_weight
3170,39882198,Application area,197,227,Obsessive-compulsive disorder ,0.8359564393758774,biomedbert-abstract_ner_bio_20250221,,,,,,,,
3171,39882198,Application area,228,231,OCD,0.6330667734146118,biomedbert-abstract_ner_bio_20250221,,,,,,,,
3172,39882198,Dosage,690,695,10 mg,0.8204056024551392,biomedbert-abstract_ner_bio_20250221,10 mg,10.0,10.0,mg,,,,absolute
3173,39882198,Dosage,1045,1050,1 mg ,0.9104815125465393,biomedbert-abstract_ner_bio_20250221,1 mg,1.0,1.0,mg,,,,absolute
3174,39882198,Dosage,1081,1087,10 mg ,0.8598543107509613,biomedbert-abstract_ner_bio_20250221,10 mg,10.0,10.0,mg,,,,absolute
3175,39882198,Dosage,1510,1515,1 mg ,0.8443443477153778,biomedbert-abstract_ner_bio_20250221,1 mg,1.0,1.0,mg,,,,absolute
3176,39882198,Dosage,1519,1525,10 mg ,0.7070637941360474,biomedbert-abstract_ner_bio_20250221,10 mg,10.0,10.0,mg,,,,absolute
3177,39886463,Application area,44,54,disorders ,0.8045770525932312,biomedbert-abstract_ner_bio_20250221,,,,,,,,
3178,39886463,Application area,74,79,Post-,0.5667546987533569,biomedbert-abstract_ner_bio_20250221,,,,,,,,
3179,39886463,Application area,88,115,disorders of consciousness ,0.8152472178141276,biomedbert-abstract_ner_bio_20250221,,,,,,,,
3180,39886463,Application area,116,119,DoC,0.9233836531639099,biomedbert-abstract_ner_bio_20250221,,,,,,,,
3181,39886463,Application area,316,320,DoC ,0.736526370048523,biomedbert-abstract_ner_bio_20250221,,,,,,,,
3182,39886463,Application area,475,479,DoC ,0.7003412246704102,biomedbert-abstract_ner_bio_20250221,,,,,,,,
3183,39887551,Application area,35,57,substance use disorder,0.7879006067911783,biomedbert-abstract_ner_bio_20250221,,,,,,,,
3184,39887551,Application area,222,243,alcohol use disorder ,0.6613951325416565,biomedbert-abstract_ner_bio_20250221,,,,,,,,
3185,39887551,Application area,244,247,AUD,0.5391104817390442,biomedbert-abstract_ner_bio_20250221,,,,,,,,
3186,39887551,Application area,250,271,tobacco use disorder ,0.7723830938339233,biomedbert-abstract_ner_bio_20250221,,,,,,,,
3187,39887551,Application area,272,275,TUD,0.49187710881233215,biomedbert-abstract_ner_bio_20250221,,,,,,,,
3188,39887551,Application area,404,407,AUD,0.467409610748291,biomedbert-abstract_ner_bio_20250221,,,,,,,,
3189,39887551,Application area,409,412,TUD,0.45266368985176086,biomedbert-abstract_ner_bio_20250221,,,,,,,,
3190,39889566,Application area,71,102,treatment-resistant depression ,0.9429579377174377,biomedbert-abstract_ner_bio_20250221,,,,,,,,
3191,39889566,Application area,106,127,suicidal ideation..^ ,0.9379662126302719,biomedbert-abstract_ner_bio_20250221,,,,,,,,
3192,39889566,Application area,197,207,depression,0.6943674087524414,biomedbert-abstract_ner_bio_20250221,,,,,,,,
3193,39889566,Dosage,608,618,0.5 mg/kg ,0.9870432217915853,biomedbert-abstract_ner_bio_20250221,0.5 mg/kg,0.5,0.5,mg,kg,1.0,,relative_weight
3194,39891564,Application area,37,46,addiction,0.7235262393951416,biomedbert-abstract_ner_bio_20250221,,,,,,,,
3195,39891564,Application area,144,167,substance use disorders,0.6472547849019369,biomedbert-abstract_ner_bio_20250221,,,,,,,,
3196,39895858,Application area,68,76,PTSD..^ ,0.9321690003077189,biomedbert-abstract_ner_bio_20250221,,,,,,,,
3197,39895858,Dosage,183,190,100 mg ,0.9670832455158234,biomedbert-abstract_ner_bio_20250221,100 mg,100.0,100.0,mg,,,,absolute
3198,39895858,Application area,243,247,PTSD,0.9207051396369934,biomedbert-abstract_ner_bio_20250221,,,,,,,,
3199,39895858,Application area,384,389,PTSD ,0.6488808989524841,biomedbert-abstract_ner_bio_20250221,,,,,,,,
3200,39899368,Application area,33,53,Refractory Obsessive,0.9329736232757568,biomedbert-abstract_ner_bio_20250221,,,,,,,,
3201,39899368,Application area,217,247,obsessive-compulsive disorder ,0.9709570705890656,biomedbert-abstract_ner_bio_20250221,,,,,,,,
3202,39899368,Application area,248,251,OCD,0.9612915515899658,biomedbert-abstract_ner_bio_20250221,,,,,,,,
3203,39899368,Application area,407,411,OCD ,0.9583682417869568,biomedbert-abstract_ner_bio_20250221,,,,,,,,
3204,39899368,Application area,587,602,refractory OCD ,0.5329885184764862,biomedbert-abstract_ner_bio_20250221,,,,,,,,
3205,39899368,Dosage,1138,1148,0.5 mg/kg ,0.9846747517585754,biomedbert-abstract_ner_bio_20250221,0.5 mg/kg,0.5,0.5,mg,kg,1.0,,relative_weight
3206,39912430,Application area,108,119,Depression ,0.7947282791137695,biomedbert-abstract_ner_bio_20250221,,,,,,,,
3207,39912430,Application area,343,374,treatment-resistant depression ,0.9731857031583786,biomedbert-abstract_ner_bio_20250221,,,,,,,,
3208,39912430,Application area,375,378,TRD,0.9720988273620605,biomedbert-abstract_ner_bio_20250221,,,,,,,,
3209,39915491,Application area,41,59,suicidal ideation ,0.7845823764801025,biomedbert-abstract_ner_bio_20250221,,,,,,,,
3210,39915491,Application area,135,143,Suicide ,0.7291650772094727,biomedbert-abstract_ner_bio_20250221,,,,,,,,
3211,39915491,Application area,370,379,suicidal ,0.672032356262207,biomedbert-abstract_ner_bio_20250221,,,,,,,,
3212,39915701,Application area,76,97,postpartum depression,0.8277814984321594,biomedbert-abstract_ner_bio_20250221,,,,,,,,
3213,39915701,Application area,161,183,Postpartum depression ,0.7897871434688568,biomedbert-abstract_ner_bio_20250221,,,,,,,,
3214,39915701,Application area,184,187,PPD,0.6794247031211853,biomedbert-abstract_ner_bio_20250221,,,,,,,,
3215,39915701,Application area,489,492,PPD,0.4687504470348358,biomedbert-abstract_ner_bio_20250221,,,,,,,,
3216,39915701,Application area,631,635,PPD ,0.6157189607620239,biomedbert-abstract_ner_bio_20250221,,,,,,,,
3217,39915701,Dosage,2390,2397,0.5 mg ,0.9362646043300629,biomedbert-abstract_ner_bio_20250221,0.5 mg,0.5,0.5,mg,,,,absolute
3218,39923404,Dosage,1229,1238,0-120 mg ,0.8274044096469879,biomedbert-abstract_ner_bio_20250221,0-120 mg,0.0,120.0,mg,,,,absolute
3219,39923404,Dosage,1243,1245,0-,0.6312258243560791,biomedbert-abstract_ner_bio_20250221,0,0.0,0.0,,,,,absolute
3220,39929500,Application area,100,129,methamphetamine use disorder ,0.8964124123255411,biomedbert-abstract_ner_bio_20250221,,,,,,,,
3221,39929500,Application area,164,193,Methamphetamine use disorder ,0.8622853557268778,biomedbert-abstract_ner_bio_20250221,,,,,,,,
3222,39929500,Application area,290,318,methamphetamine use disorder,0.8830610315004984,biomedbert-abstract_ner_bio_20250221,,,,,,,,
3223,39929500,Application area,802,830,methamphetamine use disorder,0.8332026998202006,biomedbert-abstract_ner_bio_20250221,,,,,,,,
3224,39929500,Application area,1403,1431,methamphetamine use disorder,0.6977588931719462,biomedbert-abstract_ner_bio_20250221,,,,,,,,
3225,39929500,Dosage,1960,1971,0.75 mg/kg ,0.9819135467211405,biomedbert-abstract_ner_bio_20250221,0.75 mg/kg,0.75,0.75,mg,kg,1.0,,relative_weight
3226,39929500,Dosage,1974,1983,0.9 mg/kg,0.9832648833592733,biomedbert-abstract_ner_bio_20250221,0.9 mg/kg,0.9,0.9,mg,kg,1.0,,relative_weight
3227,39935253,Application area,87,95,PTSD..^ ,0.9641574223836263,biomedbert-abstract_ner_bio_20250221,,,,,,,,
3228,39935253,Application area,182,186,PTSD,0.9689003229141235,biomedbert-abstract_ner_bio_20250221,,,,,,,,
3229,39935253,Application area,604,613,treatment,0.6878024935722351,biomedbert-abstract_ner_bio_20250221,,,,,,,,
3230,39935253,Application area,624,628,PTSD,0.7017208337783813,biomedbert-abstract_ner_bio_20250221,,,,,,,,
3231,39940002,Application area,47,71,acute suicidal ideation ,0.8359382549921671,biomedbert-abstract_ner_bio_20250221,,,,,,,,
3232,39940002,Application area,273,297,severe suicidal ideation,0.7572749853134155,biomedbert-abstract_ner_bio_20250221,,,,,,,,
3233,39940002,Application area,343,366,acute suicidal thoughts,0.7883710265159607,biomedbert-abstract_ner_bio_20250221,,,,,,,,
3234,39940002,Dosage,637,646,0.5 mg/kg,0.9839934706687927,biomedbert-abstract_ner_bio_20250221,0.5 mg/kg,0.5,0.5,mg,kg,1.0,,relative_weight
3235,39946130,Application area,30,52,Postpartum Depression ,0.8332925736904144,biomedbert-abstract_ner_bio_20250221,,,,,,,,
3236,39946130,Application area,184,206,postpartum depression ,0.862888365983963,biomedbert-abstract_ner_bio_20250221,,,,,,,,
3237,39946130,Application area,207,210,PPD,0.8597425818443298,biomedbert-abstract_ner_bio_20250221,,,,,,,,
3238,39946130,Application area,464,468,PPD ,0.7948766350746155,biomedbert-abstract_ner_bio_20250221,,,,,,,,
3239,39946130,Dosage,1106,1117,0.25 mg/kg ,0.9842332800229391,biomedbert-abstract_ner_bio_20250221,0.25 mg/kg,0.25,0.25,mg,kg,1.0,,relative_weight
3240,39955416,Application area,83,117,treatment-resistant depression..^ ,0.9607689142227173,biomedbert-abstract_ner_bio_20250221,,,,,,,,
3241,39955416,Application area,206,232,major depressive disorder ,0.9544058044751486,biomedbert-abstract_ner_bio_20250221,,,,,,,,
3242,39955416,Application area,233,236,MDD,0.9655431509017944,biomedbert-abstract_ner_bio_20250221,,,,,,,,
3243,39955416,Application area,308,339,treatment-resistant depression ,0.9512690603733063,biomedbert-abstract_ner_bio_20250221,,,,,,,,
3244,39955416,Application area,340,343,TRD,0.9821676015853882,biomedbert-abstract_ner_bio_20250221,,,,,,,,
3245,39955416,Application area,349,352,MDD,0.9208455085754395,biomedbert-abstract_ner_bio_20250221,,,,,,,,
3246,39955416,Application area,565,575,depression,0.632651686668396,biomedbert-abstract_ner_bio_20250221,,,,,,,,
3247,39955416,Application area,653,657,TRD ,0.7614664435386658,biomedbert-abstract_ner_bio_20250221,,,,,,,,
3248,39970619,Application area,31,53,postpartum depression ,0.9276334345340729,biomedbert-abstract_ner_bio_20250221,,,,,,,,
3249,39970619,Application area,144,166,Postpartum depression ,0.9392025768756866,biomedbert-abstract_ner_bio_20250221,,,,,,,,
3250,39970619,Application area,167,170,PPD,0.9495111107826233,biomedbert-abstract_ner_bio_20250221,,,,,,,,
3251,39970619,Application area,359,363,PPD ,0.8806957602500916,biomedbert-abstract_ner_bio_20250221,,,,,,,,
3252,39971922,Application area,49,69,Treatment-Resistant ,0.824302613735199,biomedbert-abstract_ner_bio_20250221,,,,,,,,
3253,39973494,Application area,38,58,Parkinson's disease ,0.939661055803299,biomedbert-abstract_ner_bio_20250221,,,,,,,,
3254,39973494,Application area,66,76,depression,0.8292350172996521,biomedbert-abstract_ner_bio_20250221,,,,,,,,
3255,39973494,Application area,158,188,treatment-resistant depression,0.8612163364887238,biomedbert-abstract_ner_bio_20250221,,,,,,,,
3256,39973494,Application area,208,228,Parkinson's disease ,0.7785127311944962,biomedbert-abstract_ner_bio_20250221,,,,,,,,
3257,39973494,Application area,229,231,PD,0.7416210174560547,biomedbert-abstract_ner_bio_20250221,,,,,,,,
3258,39973494,Application area,455,485,treatment-resistant depression,0.8480678796768188,biomedbert-abstract_ner_bio_20250221,,,,,,,,
3259,39973494,Application area,554,557,PD ,0.6446599364280701,biomedbert-abstract_ner_bio_20250221,,,,,,,,
3260,39979849,Application area,86,116,post-traumatic stress disorder,0.9597141742706299,biomedbert-abstract_ner_bio_20250221,,,,,,,,
3261,39979849,Application area,357,387,post-traumatic stress disorder,0.9183371186256408,biomedbert-abstract_ner_bio_20250221,,,,,,,,
3262,39979849,Dosage,948,958,50-125 mg ,0.9647364467382431,biomedbert-abstract_ner_bio_20250221,50-125 mg,50.0,125.0,mg,,,,absolute
3263,39979849,Dosage,1037,1046,25-40 mg ,0.9588078111410141,biomedbert-abstract_ner_bio_20250221,25-40 mg,25.0,40.0,mg,,,,absolute
3264,40005395,Application area,54,77,Substance Use Disorders,0.8821690877278646,biomedbert-abstract_ner_bio_20250221,,,,,,,,
3265,40005395,Application area,137,161,Substance use disorders ,0.8695703148841858,biomedbert-abstract_ner_bio_20250221,,,,,,,,
3266,40005395,Application area,162,166,SUDs,0.7555640935897827,biomedbert-abstract_ner_bio_20250221,,,,,,,,
3267,40012166,Application area,140,169,major depressive disorder..^ ,0.9810020089149475,biomedbert-abstract_ner_bio_20250221,,,,,,,,
3268,40012166,Application area,311,357,treatment-resistant major depressive disorder ,0.9461233019828796,biomedbert-abstract_ner_bio_20250221,,,,,,,,
3269,40012166,Application area,358,361,MDD,0.9729241132736206,biomedbert-abstract_ner_bio_20250221,,,,,,,,
3270,40012166,Application area,690,709,depressive symptoms,0.7654533684253693,biomedbert-abstract_ner_bio_20250221,,,,,,,,
3271,40012166,Dosage,907,916,0.5 mg/kg,0.9860728085041046,biomedbert-abstract_ner_bio_20250221,0.5 mg/kg,0.5,0.5,mg,kg,1.0,,relative_weight
3272,40015180,Application area,37,55,suicidal ideation ,0.9622943997383118,biomedbert-abstract_ner_bio_20250221,,,,,,,,
3273,40015180,Application area,58,83,major depressive disorder,0.9709835449854533,biomedbert-abstract_ner_bio_20250221,,,,,,,,
3274,40015180,Application area,213,223,depressed ,0.928769588470459,biomedbert-abstract_ner_bio_20250221,,,,,,,,
3275,40015180,Application area,227,236,suicidal ,0.9221019744873047,biomedbert-abstract_ner_bio_20250221,,,,,,,,
3276,40015180,Application area,407,425,suicidal ideation ,0.9401260912418365,biomedbert-abstract_ner_bio_20250221,,,,,,,,
3277,40015180,Application area,441,451,depression,0.9434792399406433,biomedbert-abstract_ner_bio_20250221,,,,,,,,
3278,40015180,Dosage,610,617,3 mg/kg,0.9770186692476273,biomedbert-abstract_ner_bio_20250221,3 mg/kg,3.0,3.0,mg,kg,1.0,,relative_weight
3279,40015180,Dosage,924,931,180 mg ,0.8281034529209137,biomedbert-abstract_ner_bio_20250221,180 mg,180.0,180.0,mg,,,,absolute
3280,40018886,Application area,35,55,alcohol use disorder,0.9109654625256857,biomedbert-abstract_ner_bio_20250221,,,,,,,,
3281,40018886,Application area,258,279,alcohol use disorder ,0.8679085373878479,biomedbert-abstract_ner_bio_20250221,,,,,,,,
3282,40018886,Application area,280,283,AUD,0.9565900564193726,biomedbert-abstract_ner_bio_20250221,,,,,,,,
3283,40018886,Application area,507,510,AUD,0.9057039022445679,biomedbert-abstract_ner_bio_20250221,,,,,,,,
3284,40018886,Dosage,771,776,25 mg,0.9718897938728333,biomedbert-abstract_ner_bio_20250221,25 mg,25.0,25.0,mg,,,,absolute
3285,40018886,Dosage,1564,1570,25 mg ,0.9682767689228058,biomedbert-abstract_ner_bio_20250221,25 mg,25.0,25.0,mg,,,,absolute
3286,40020133,Application area,39,69,treatment-resistant depression,0.9357310384511948,biomedbert-abstract_ner_bio_20250221,,,,,,,,
3287,40020133,Application area,178,209,treatment-resistant depression ,0.9128261059522629,biomedbert-abstract_ner_bio_20250221,,,,,,,,
3288,40020133,Application area,364,394,treatment-resistant depression,0.925590842962265,biomedbert-abstract_ner_bio_20250221,,,,,,,,
3289,40022427,Dosage,470,476,100 μg,0.8610019981861115,biomedbert-abstract_ner_bio_20250221,100 μg,100.0,100.0,μg,,,,absolute
3290,40032553,Application area,75,106,treatment-resistant depression ,0.964992105960846,biomedbert-abstract_ner_bio_20250221,,,,,,,,
3291,40032553,Application area,178,189,Depression ,0.9122227430343628,biomedbert-abstract_ner_bio_20250221,,,,,,,,
3292,40032553,Application area,271,302,treatment-resistant depression ,0.9657245576381683,biomedbert-abstract_ner_bio_20250221,,,,,,,,
3293,40032553,Application area,303,306,TRD,0.9778698086738586,biomedbert-abstract_ner_bio_20250221,,,,,,,,
3294,40032553,Application area,487,491,TRD ,0.9752900004386902,biomedbert-abstract_ner_bio_20250221,,,,,,,,
3295,40046861,Application area,65,90,Major Depressive Disorder,0.933660606543223,biomedbert-abstract_ner_bio_20250221,,,,,,,,
3296,40046861,Application area,262,287,major depressive disorder,0.7346571286519369,biomedbert-abstract_ner_bio_20250221,,,,,,,,
3297,40046861,Dosage,1320,1327,10 and ,0.9463940858840942,biomedbert-abstract_ner_bio_20250221,10 and,10.0,10.0,and,,,,absolute
3298,40046861,Dosage,1327,1332,25 mg,0.8786601722240448,biomedbert-abstract_ner_bio_20250221,25 mg,25.0,25.0,mg,,,,absolute
3299,40047545,Dosage,440,446,10 mg ,0.7659300565719604,biomedbert-abstract_ner_bio_20250221,10 mg,10.0,10.0,mg,,,,absolute
3300,40047545,Dosage,450,455,1 mg ,0.7267872095108032,biomedbert-abstract_ner_bio_20250221,1 mg,1.0,1.0,mg,,,,absolute
3301,40047545,Dosage,1154,1160,10 mg ,0.5614669322967529,biomedbert-abstract_ner_bio_20250221,10 mg,10.0,10.0,mg,,,,absolute
3302,40047545,Dosage,1174,1179,1 mg ,0.6016843616962433,biomedbert-abstract_ner_bio_20250221,1 mg,1.0,1.0,mg,,,,absolute
3303,40047545,Dosage,1303,1308,1 mg ,0.5648927688598633,biomedbert-abstract_ner_bio_20250221,1 mg,1.0,1.0,mg,,,,absolute
3304,40047545,Dosage,1442,1448,25 mg ,0.7348538637161255,biomedbert-abstract_ner_bio_20250221,25 mg,25.0,25.0,mg,,,,absolute
3305,40047545,Dosage,1480,1486,10 mg ,0.7913787364959717,biomedbert-abstract_ner_bio_20250221,10 mg,10.0,10.0,mg,,,,absolute
3306,40047545,Dosage,1500,1505,1 mg ,0.8006619811058044,biomedbert-abstract_ner_bio_20250221,1 mg,1.0,1.0,mg,,,,absolute
3307,40047545,Dosage,1599,1605,25 mg ,0.7308018207550049,biomedbert-abstract_ner_bio_20250221,25 mg,25.0,25.0,mg,,,,absolute
3308,40047545,Dosage,1808,1813,10 mg,0.6696797013282776,biomedbert-abstract_ner_bio_20250221,10 mg,10.0,10.0,mg,,,,absolute
3309,40047545,Dosage,1824,1828,1 mg,0.5731258988380432,biomedbert-abstract_ner_bio_20250221,1 mg,1.0,1.0,mg,,,,absolute
3310,40047545,Dosage,1927,1933,25 mg ,0.6962036788463593,biomedbert-abstract_ner_bio_20250221,25 mg,25.0,25.0,mg,,,,absolute
3311,40047545,Dosage,1940,1946,10 mg ,0.7222088575363159,biomedbert-abstract_ner_bio_20250221,10 mg,10.0,10.0,mg,,,,absolute
3312,40047545,Dosage,1953,1958,1 mg ,0.70147505402565,biomedbert-abstract_ner_bio_20250221,1 mg,1.0,1.0,mg,,,,absolute
3313,40047545,Dosage,2026,2031,1 mg ,0.7999734580516815,biomedbert-abstract_ner_bio_20250221,1 mg,1.0,1.0,mg,,,,absolute
3314,40047545,Dosage,2114,2119,10 mg,0.7804095447063446,biomedbert-abstract_ner_bio_20250221,10 mg,10.0,10.0,mg,,,,absolute
3315,40047545,Dosage,2128,2133,25 mg,0.7480099499225616,biomedbert-abstract_ner_bio_20250221,25 mg,25.0,25.0,mg,,,,absolute
3316,40047545,Dosage,2320,2325,1 mg ,0.9428608119487762,biomedbert-abstract_ner_bio_20250221,1 mg,1.0,1.0,mg,,,,absolute
3317,40047545,Dosage,2329,2334,10 mg,0.9303091466426849,biomedbert-abstract_ner_bio_20250221,10 mg,10.0,10.0,mg,,,,absolute
3318,40049091,Application area,121,151,treatment resistant depression,0.9649379650751749,biomedbert-abstract_ner_bio_20250221,,,,,,,,
3319,40051483,Dosage,354,359,26 µg,0.9431113302707672,biomedbert-abstract_ner_bio_20250221,26 µg,26.0,26.0,µg,,,,absolute
3320,40051483,Dosage,742,748,26 µg ,0.876505583524704,biomedbert-abstract_ner_bio_20250221,26 µg,26.0,26.0,µg,,,,absolute
3321,40051584,Application area,104,128,Alcohol Use Disorder..^ ,0.9755123853683472,biomedbert-abstract_ner_bio_20250221,,,,,,,,
3322,40051584,Application area,142,163,Alcohol use disorder ,0.9627086520195007,biomedbert-abstract_ner_bio_20250221,,,,,,,,
3323,40051584,Application area,164,167,AUD,0.9688855409622192,biomedbert-abstract_ner_bio_20250221,,,,,,,,
3324,40051584,Application area,605,609,AUD ,0.9202741384506226,biomedbert-abstract_ner_bio_20250221,,,,,,,,
3325,40051760,Application area,265,295,treatment-resistant depression,0.8588545322418213,biomedbert-abstract_ner_bio_20250221,,,,,,,,
3326,40058488,Application area,24,44,Depressive Symptoms ,0.6061363518238068,biomedbert-abstract_ner_bio_20250221,,,,,,,,
3327,40058488,Application area,64,90,Major Depressive Disorder ,0.838672935962677,biomedbert-abstract_ner_bio_20250221,,,,,,,,
3328,40058488,Application area,351,377,major depressive disorder ,0.8176203966140747,biomedbert-abstract_ner_bio_20250221,,,,,,,,
3329,40058488,Dosage,1165,1177,56 and 84 mg,0.7589549496769905,biomedbert-abstract_ner_bio_20250221,56 and 84 mg,56.0,84.0,mg,,,,absolute
3330,40058488,Dosage,1420,1426,84 mg ,0.7166191041469574,biomedbert-abstract_ner_bio_20250221,84 mg,84.0,84.0,mg,,,,absolute
3331,40058488,Dosage,1803,1820,"28, 56, and 84 mg",0.8545647093227932,biomedbert-abstract_ner_bio_20250221,"28, 56, and 84 mg",28.0,84.0,mg,,,,absolute
3332,40058488,Dosage,2150,2162,56 and 84 mg,0.8945794254541397,biomedbert-abstract_ner_bio_20250221,56 and 84 mg,56.0,84.0,mg,,,,absolute
3333,40058488,Application area,2244,2264,depressive symptoms ,0.6149107217788696,biomedbert-abstract_ner_bio_20250221,,,,,,,,
3334,40058488,Application area,2303,2310,suicide,0.6605237722396851,biomedbert-abstract_ner_bio_20250221,,,,,,,,
3335,40058488,Dosage,2439,2455,"28, 56, or 84 mg",0.8948016933032444,biomedbert-abstract_ner_bio_20250221,"28, 56, or 84 mg",28.0,84.0,mg,,,,absolute
3336,40058488,Dosage,2753,2767,56- and 84-mg ,0.8322641948858897,biomedbert-abstract_ner_bio_20250221,56 and 84 mg,56.0,84.0,mg,,,,absolute
3337,40059071,Application area,83,93,Depression,0.9437017440795898,biomedbert-abstract_ner_bio_20250221,,,,,,,,
3338,40059071,Application area,181,207,major depressive disorder ,0.961924135684967,biomedbert-abstract_ner_bio_20250221,,,,,,,,
3339,40059071,Application area,208,211,MDD,0.959605872631073,biomedbert-abstract_ner_bio_20250221,,,,,,,,
3340,40087993,Application area,96,107,depression ,0.5771418809890747,biomedbert-abstract_ner_bio_20250221,,,,,,,,
3341,40094838,Application area,89,97,Suicide ,0.5650882720947266,biomedbert-abstract_ner_bio_20250221,,,,,,,,
3342,40094838,Application area,190,198,suicide ,0.5620766282081604,biomedbert-abstract_ner_bio_20250221,,,,,,,,
3343,40097854,Application area,90,98,PTSD..^ ,0.9712610642115275,biomedbert-abstract_ner_bio_20250221,,,,,,,,
3344,40097854,Application area,243,274,post-traumatic stress disorder ,0.9447587370872498,biomedbert-abstract_ner_bio_20250221,,,,,,,,
3345,40097854,Application area,275,279,PTSD,0.9696210622787476,biomedbert-abstract_ner_bio_20250221,,,,,,,,
3346,40097854,Application area,541,545,PTSD,0.9562134146690369,biomedbert-abstract_ner_bio_20250221,,,,,,,,
3347,40105807,Application area,49,54,ADHD ,0.8376113176345825,biomedbert-abstract_ner_bio_20250221,,,,,,,,
3348,40105807,Application area,280,289,attention,0.7276813387870789,biomedbert-abstract_ner_bio_20250221,,,,,,,,
3349,40105807,Application area,322,326,ADHD,0.6418331861495972,biomedbert-abstract_ner_bio_20250221,,,,,,,,
3350,40105807,Application area,365,370,ADHD ,0.7829235792160034,biomedbert-abstract_ner_bio_20250221,,,,,,,,
3351,40105807,Application area,485,490,ADHD ,0.7505654096603394,biomedbert-abstract_ner_bio_20250221,,,,,,,,
3352,40105807,Dosage,1357,1362,20 μg,0.9267035722732544,biomedbert-abstract_ner_bio_20250221,20 μg,20.0,20.0,μg,,,,absolute
3353,40129096,Application area,114,148,treatment-resistant depression..^ ,0.9772244393825531,biomedbert-abstract_ner_bio_20250221,,,,,,,,
3354,40129096,Application area,279,310,treatment-resistant depression ,0.9684167504310608,biomedbert-abstract_ner_bio_20250221,,,,,,,,
3355,40129096,Application area,311,314,TRD,0.980140745639801,biomedbert-abstract_ner_bio_20250221,,,,,,,,
3356,40129096,Dosage,649,659,0.5 mg/kg ,0.9871479868888855,biomedbert-abstract_ner_bio_20250221,0.5 mg/kg,0.5,0.5,mg,kg,1.0,,relative_weight
3357,40129096,Dosage,681,691,0.2 mg/kg ,0.9865069687366486,biomedbert-abstract_ner_bio_20250221,0.2 mg/kg,0.2,0.2,mg,kg,1.0,,relative_weight
3358,40129307,Dosage,522,528,25 mg ,0.7191899120807648,biomedbert-abstract_ner_bio_20250221,25 mg,25.0,25.0,mg,,,,absolute
3359,40129307,Application area,560,591,treatment-resistant depression ,0.7432655245065689,biomedbert-abstract_ner_bio_20250221,,,,,,,,
3360,40129307,Dosage,2789,2795,25 mg ,0.8066712319850922,biomedbert-abstract_ner_bio_20250221,25 mg,25.0,25.0,mg,,,,absolute
3361,40138527,Application area,63,70,cancer ,0.7219611406326294,biomedbert-abstract_ner_bio_20250221,,,,,,,,
3362,40138527,Application area,131,136,Mood ,0.6411901712417603,biomedbert-abstract_ner_bio_20250221,,,,,,,,
3363,40138527,Application area,189,196,cancer ,0.5989259481430054,biomedbert-abstract_ner_bio_20250221,,,,,,,,
3364,40138527,Application area,591,598,anxiety,0.8363767862319946,biomedbert-abstract_ner_bio_20250221,,,,,,,,
3365,40138527,Application area,600,610,depression,0.7469913363456726,biomedbert-abstract_ner_bio_20250221,,,,,,,,
3366,40144690,Application area,54,74,alcohol use disorder,0.8290157119433085,biomedbert-abstract_ner_bio_20250221,,,,,,,,
3367,40144690,Application area,250,271,alcohol use disorder ,0.8994704484939575,biomedbert-abstract_ner_bio_20250221,,,,,,,,
3368,40144690,Application area,272,275,AUD,0.8452335000038147,biomedbert-abstract_ner_bio_20250221,,,,,,,,
3369,40144690,Application area,436,440,AUD ,0.8669467568397522,biomedbert-abstract_ner_bio_20250221,,,,,,,,
3370,40144690,Dosage,786,791,25 mg,0.777503252029419,biomedbert-abstract_ner_bio_20250221,25 mg,25.0,25.0,mg,,,,absolute
3371,40144690,Application area,2250,2254,AUD ,0.6114657521247864,biomedbert-abstract_ner_bio_20250221,,,,,,,,
3372,40147181,Application area,15,25,disorders ,0.7265354990959167,biomedbert-abstract_ner_bio_20250221,,,,,,,,
3373,40147181,Application area,127,154,disorders of consciousness ,0.7947127421696981,biomedbert-abstract_ner_bio_20250221,,,,,,,,
3374,40147181,Application area,155,158,DoC,0.8967410326004028,biomedbert-abstract_ner_bio_20250221,,,,,,,,
3375,40147181,Application area,396,400,DoC ,0.7358033061027527,biomedbert-abstract_ner_bio_20250221,,,,,,,,
3376,40147181,Application area,575,578,DoC,0.7228986620903015,biomedbert-abstract_ner_bio_20250221,,,,,,,,
3377,40153893,Application area,24,49,postoperative depression ,0.6057461202144623,biomedbert-abstract_ner_bio_20250221,,,,,,,,
3378,40153893,Application area,229,240,depression ,0.5190755724906921,biomedbert-abstract_ner_bio_20250221,,,,,,,,
3379,40170626,Application area,108,138,treatment-resistant depression,0.9739672094583511,biomedbert-abstract_ner_bio_20250221,,,,,,,,
3380,40170626,Application area,392,423,treatment-resistant depression ,0.9645260572433472,biomedbert-abstract_ner_bio_20250221,,,,,,,,
3381,40170626,Application area,424,427,TRD,0.9740067720413208,biomedbert-abstract_ner_bio_20250221,,,,,,,,
3382,40170626,Dosage,1049,1060,0.05 mg/kg ,0.9877679447333018,biomedbert-abstract_ner_bio_20250221,0.05 mg/kg,0.05,0.05,mg,kg,1.0,,relative_weight
3383,40171515,Application area,83,95,fibromyalgia,0.961908757686615,biomedbert-abstract_ner_bio_20250221,,,,,,,,
3384,40171515,Application area,149,162,Fibromyalgia ,0.9658914804458618,biomedbert-abstract_ner_bio_20250221,,,,,,,,
3385,40171515,Application area,163,165,FM,0.9615262746810913,biomedbert-abstract_ner_bio_20250221,,,,,,,,
3386,40171515,Application area,372,375,FM ,0.8979188799858093,biomedbert-abstract_ner_bio_20250221,,,,,,,,
3387,40171515,Application area,519,521,FM,0.9500308632850647,biomedbert-abstract_ner_bio_20250221,,,,,,,,
3388,40171515,Application area,609,612,FM ,0.5830285549163818,biomedbert-abstract_ner_bio_20250221,,,,,,,,
3389,40171515,Dosage,753,759,15 mg ,0.9769194722175598,biomedbert-abstract_ner_bio_20250221,15 mg,15.0,15.0,mg,,,,absolute
3390,40171515,Dosage,763,768,25 mg,0.969622790813446,biomedbert-abstract_ner_bio_20250221,25 mg,25.0,25.0,mg,,,,absolute
3391,40176400,Application area,88,118,Treatment-Resistant Depression,0.9698411971330643,biomedbert-abstract_ner_bio_20250221,,,,,,,,
3392,40176400,Application area,158,189,Treatment-resistant depression ,0.9694080948829651,biomedbert-abstract_ner_bio_20250221,,,,,,,,
3393,40176400,Application area,190,193,TRD,0.9822468161582947,biomedbert-abstract_ner_bio_20250221,,,,,,,,
3394,40176400,Application area,615,618,TRD,0.9662396907806396,biomedbert-abstract_ner_bio_20250221,,,,,,,,
3395,40176400,Application area,791,794,TRD,0.9336469769477844,biomedbert-abstract_ner_bio_20250221,,,,,,,,
3396,40188855,Application area,147,176,major depressive disorder..^ ,0.9801078200340271,biomedbert-abstract_ner_bio_20250221,,,,,,,,
3397,40188855,Application area,229,260,treatment-resistant depression ,0.9813348650932312,biomedbert-abstract_ner_bio_20250221,,,,,,,,
3398,40188855,Application area,261,264,TRD,0.9799386262893677,biomedbert-abstract_ner_bio_20250221,,,,,,,,
3399,40188855,Dosage,681,690,0.5 mg/kg,0.9752733806769053,biomedbert-abstract_ner_bio_20250221,0.5 mg/kg,0.5,0.5,mg,kg,1.0,,relative_weight
3400,40205013,Application area,43,62,Parkinson's disease,0.7737827599048615,biomedbert-abstract_ner_bio_20250221,,,,,,,,
3401,40205013,Dosage,706,712,10 mg ,0.6929263174533844,biomedbert-abstract_ner_bio_20250221,10 mg,10.0,10.0,mg,,,,absolute
3402,40209095,Dosage,908,914,100 mg,0.747583270072937,biomedbert-abstract_ner_bio_20250221,100 mg,100.0,100.0,mg,,,,absolute
3403,40215385,Application area,62,74,Chronic PTSD,0.9493324756622314,biomedbert-abstract_ner_bio_20250221,,,,,,,,
3404,40215385,Application area,327,365,chronic posttraumatic stress disorder ,0.9735895842313766,biomedbert-abstract_ner_bio_20250221,,,,,,,,
3405,40215385,Application area,366,370,PTSD,0.9844226241111755,biomedbert-abstract_ner_bio_20250221,,,,,,,,
3406,40215385,Dosage,555,564,0.5 mg/kg,0.9725100994110107,biomedbert-abstract_ner_bio_20250221,0.5 mg/kg,0.5,0.5,mg,kg,1.0,,relative_weight
3407,40224581,Application area,76,110,Treatment-Resistant Depression..^ ,0.9363315304120382,biomedbert-abstract_ner_bio_20250221,,,,,,,,
3408,40224581,Application area,192,223,treatment-resistant depression ,0.8472603559494019,biomedbert-abstract_ner_bio_20250221,,,,,,,,
3409,40226655,Application area,285,288,TRD,0.5758993029594421,biomedbert-abstract_ner_bio_20250221,,,,,,,,
3410,40226655,Application area,398,402,TRD ,0.4750746488571167,biomedbert-abstract_ner_bio_20250221,,,,,,,,
3411,40226655,Application area,2180,2183,TRD,0.7733102440834045,biomedbert-abstract_ner_bio_20250221,,,,,,,,
3412,40233965,Application area,65,81,prolonged Grief ,0.8729031980037689,biomedbert-abstract_ner_bio_20250221,,,,,,,,
3413,40233965,Application area,185,210,Prolonged grief disorder ,0.9507658084233602,biomedbert-abstract_ner_bio_20250221,,,,,,,,
3414,40233965,Application area,211,214,PGD,0.9225121736526489,biomedbert-abstract_ner_bio_20250221,,,,,,,,
3415,40233965,Application area,433,436,PGD,0.7145346999168396,biomedbert-abstract_ner_bio_20250221,,,,,,,,
3416,40233965,Application area,584,600,prolonged Grief ,0.7707297503948212,biomedbert-abstract_ner_bio_20250221,,,,,,,,
3417,40233965,Application area,710,725,prolonged grief,0.8418701887130737,biomedbert-abstract_ner_bio_20250221,,,,,,,,
3418,40233965,Dosage,1125,1130,25 mg,0.9802496433258057,biomedbert-abstract_ner_bio_20250221,25 mg,25.0,25.0,mg,,,,absolute
3419,40245934,Application area,54,80,Major Depressive Disorder ,0.8865551749865214,biomedbert-abstract_ner_bio_20250221,,,,,,,,
3420,40245934,Application area,348,374,major depressive disorder ,0.6579477985699972,biomedbert-abstract_ner_bio_20250221,,,,,,,,
3421,40245934,Application area,375,378,MDD,0.891299307346344,biomedbert-abstract_ner_bio_20250221,,,,,,,,
3422,40245934,Application area,384,415,treatment-resistant depression ,0.8929444998502731,biomedbert-abstract_ner_bio_20250221,,,,,,,,
3423,40245934,Application area,416,419,TRD,0.9134666323661804,biomedbert-abstract_ner_bio_20250221,,,,,,,,
3424,40245934,Dosage,993,998,25 mg,0.9637331366539001,biomedbert-abstract_ner_bio_20250221,25 mg,25.0,25.0,mg,,,,absolute
3425,40245969,Application area,55,78,substance use disorders,0.6530831456184387,biomedbert-abstract_ner_bio_20250221,,,,,,,,
3426,40245969,Application area,177,201,Substance Use Disorders ,0.6667506297429403,biomedbert-abstract_ner_bio_20250221,,,,,,,,
3427,40245969,Application area,202,206,SUDs,0.6583355665206909,biomedbert-abstract_ner_bio_20250221,,,,,,,,
3428,40245969,Dosage,1134,1148,20-40 mg/70 kg,0.9261342968259539,biomedbert-abstract_ner_bio_20250221,20-40 mg/70 kg,20.0,40.0,mg,kg,70.0,,relative_weight
3429,40247293,Application area,54,80,major depressive disorder ,0.9680445392926534,biomedbert-abstract_ner_bio_20250221,,,,,,,,
3430,40247293,Application area,84,103,opioid use disorder,0.9645009438196818,biomedbert-abstract_ner_bio_20250221,,,,,,,,
3431,40247293,Application area,157,165,anxiety ,0.5609629154205322,biomedbert-abstract_ner_bio_20250221,,,,,,,,
3432,40247293,Application area,247,273,major depressive disorder ,0.9577091932296753,biomedbert-abstract_ner_bio_20250221,,,,,,,,
3433,40247293,Application area,274,277,MDD,0.969819188117981,biomedbert-abstract_ner_bio_20250221,,,,,,,,
3434,40247293,Application area,283,303,opioid use disorder ,0.9595992763837179,biomedbert-abstract_ner_bio_20250221,,,,,,,,
3435,40247293,Application area,304,307,OUD,0.9707555174827576,biomedbert-abstract_ner_bio_20250221,,,,,,,,
3436,40247293,Application area,542,550,anxiety ,0.7335931062698364,biomedbert-abstract_ner_bio_20250221,,,,,,,,
3437,40247293,Application area,622,626,MDD ,0.9639838933944702,biomedbert-abstract_ner_bio_20250221,,,,,,,,
3438,40247293,Application area,630,633,OUD,0.9474181532859802,biomedbert-abstract_ner_bio_20250221,,,,,,,,
3439,40251723,Application area,204,207,SUD,0.5962241291999817,biomedbert-abstract_ner_bio_20250221,,,,,,,,
3440,40251818,Dosage,593,599,10 µg ,0.9128718674182892,biomedbert-abstract_ner_bio_20250221,10 µg,10.0,10.0,µg,,,,absolute
3441,40258990,Application area,0,0,,0.9456015740122113,biomedbert-abstract_ner_bio_20250221,,,,,,,,
3442,40258990,Application area,240,271,treatment-resistant depression ,0.944035530090332,biomedbert-abstract_ner_bio_20250221,,,,,,,,
3443,40258990,Application area,272,275,TRD,0.9742975234985352,biomedbert-abstract_ner_bio_20250221,,,,,,,,
3444,40258990,Dosage,1231,1237,15 mg ,0.9622265100479126,biomedbert-abstract_ner_bio_20250221,15 mg,15.0,15.0,mg,,,,absolute
3445,40258990,Dosage,1241,1246,60 mg,0.9526726007461548,biomedbert-abstract_ner_bio_20250221,60 mg,60.0,60.0,mg,,,,absolute
3446,40259688,Application area,73,80,cancer ,0.6595540642738342,biomedbert-abstract_ner_bio_20250221,,,,,,,,
3447,40259688,Application area,454,460,cancer,0.8128304481506348,biomedbert-abstract_ner_bio_20250221,,,,,,,,
3448,40274117,Application area,86,98,lung cancer ,0.685728132724762,biomedbert-abstract_ner_bio_20250221,,,,,,,,
3449,40274117,Application area,102,127,major depression disorder,0.9067230621973673,biomedbert-abstract_ner_bio_20250221,,,,,,,,
3450,40279353,Application area,66,81,cancer-related ,0.8795516888300577,biomedbert-abstract_ner_bio_20250221,,,,,,,,
3451,40279353,Application area,81,103,depression and anxiety,0.4945820967356364,biomedbert-abstract_ner_bio_20250221,,,,,,,,
3452,40279353,Application area,201,233,depressive and anxiety symptoms ,0.7420559376478195,biomedbert-abstract_ner_bio_20250221,,,,,,,,
3453,40279353,Application area,236,243,cancer ,0.8738116025924683,biomedbert-abstract_ner_bio_20250221,,,,,,,,
3454,40279353,Dosage,1087,1096,0.3 mg/kg,0.9794288078943888,biomedbert-abstract_ner_bio_20250221,0.3 mg/kg,0.3,0.3,mg,kg,1.0,,relative_weight
3455,40281226,Application area,55,66,depression ,0.9119961261749268,biomedbert-abstract_ner_bio_20250221,,,,,,,,
3456,40281226,Application area,173,199,Major Depressive Disorder ,0.7550755143165588,biomedbert-abstract_ner_bio_20250221,,,,,,,,
3457,40281226,Application area,200,203,MDD,0.9453985095024109,biomedbert-abstract_ner_bio_20250221,,,,,,,,
3458,40281226,Application area,617,621,MDD ,0.8116362690925598,biomedbert-abstract_ner_bio_20250221,,,,,,,,
3459,40285334,Application area,34,71,severe treatment-resistant depression,0.9653856039047242,biomedbert-abstract_ner_bio_20250221,,,,,,,,
3460,40285334,Application area,205,236,treatment-resistant depression ,0.9714337289333344,biomedbert-abstract_ner_bio_20250221,,,,,,,,
3461,40285334,Application area,237,240,TRD,0.9744815230369568,biomedbert-abstract_ner_bio_20250221,,,,,,,,
3462,40285334,Application area,560,563,TRD,0.9692725539207458,biomedbert-abstract_ner_bio_20250221,,,,,,,,
3463,40285334,Dosage,831,845,0.5 to 3 mg/kg,0.9821437895298004,biomedbert-abstract_ner_bio_20250221,0.5-3 mg/kg,0.5,3.0,mg,kg,1.0,,relative_weight
3464,40287566,Application area,87,117,Posttraumatic Stress Disorder ,0.9708177447319031,biomedbert-abstract_ner_bio_20250221,,,,,,,,
3465,40287566,Application area,121,131,Depression,0.9687979221343994,biomedbert-abstract_ner_bio_20250221,,,,,,,,
3466,40287566,Application area,273,304,treatment-resistant depression ,0.9498585015535355,biomedbert-abstract_ner_bio_20250221,,,,,,,,
3467,40287566,Application area,351,381,posttraumatic stress disorder ,0.9288356304168701,biomedbert-abstract_ner_bio_20250221,,,,,,,,
3468,40287566,Application area,382,386,PTSD,0.9654764533042908,biomedbert-abstract_ner_bio_20250221,,,,,,,,
3469,40288458,Application area,86,120,treatment-resistant depression..^ ,0.966720292965571,biomedbert-abstract_ner_bio_20250221,,,,,,,,
3470,40288458,Application area,168,179,depression ,0.7320667505264282,biomedbert-abstract_ner_bio_20250221,,,,,,,,
3471,40288458,Application area,393,424,treatment-resistant depression ,0.9537758082151413,biomedbert-abstract_ner_bio_20250221,,,,,,,,
3472,40288458,Application area,425,428,TRD,0.9779776334762573,biomedbert-abstract_ner_bio_20250221,,,,,,,,
3473,40305000,Application area,44,78,treatment-resistant depression..^ ,0.9668483436107635,biomedbert-abstract_ner_bio_20250221,,,,,,,,
3474,40305000,Application area,167,198,treatment-resistant depression ,0.9537715464830399,biomedbert-abstract_ner_bio_20250221,,,,,,,,
3475,40305000,Application area,199,202,TRD,0.97420334815979,biomedbert-abstract_ner_bio_20250221,,,,,,,,
3476,40305000,Application area,421,425,TRD ,0.9575631022453308,biomedbert-abstract_ner_bio_20250221,,,,,,,,
3477,40305000,Dosage,804,814,"0,5 mg/kg ",0.962312658627828,biomedbert-abstract_ner_bio_20250221,"0,5 mg/kg",0.0,5.0,mg,kg,1.0,,relative_weight
3478,40305000,Dosage,826,842,2.0 or 2.5 mg/kg,0.9467375099658966,biomedbert-abstract_ner_bio_20250221,2.0 or 2.5 mg/kg,2.0,2.5,mg,kg,1.0,,relative_weight
3479,40305021,Dosage,2255,2262,120 mg ,0.7805915772914886,biomedbert-abstract_ner_bio_20250221,120 mg,120.0,120.0,mg,,,,absolute
3480,40305021,Dosage,2823,2830,120 mg ,0.9540824592113495,biomedbert-abstract_ner_bio_20250221,120 mg,120.0,120.0,mg,,,,absolute
3481,40311814,Application area,78,108,treatment-resistant depression,0.9678265154361725,biomedbert-abstract_ner_bio_20250221,,,,,,,,
3482,40311814,Application area,216,247,treatment-resistant depression ,0.9640516936779022,biomedbert-abstract_ner_bio_20250221,,,,,,,,
3483,40311814,Application area,248,251,TRD,0.975621223449707,biomedbert-abstract_ner_bio_20250221,,,,,,,,
3484,40311814,Application area,668,671,TRD,0.969660222530365,biomedbert-abstract_ner_bio_20250221,,,,,,,,
3485,40319349,Application area,196,199,TRD,0.5112464427947998,biomedbert-abstract_ner_bio_20250221,,,,,,,,
3486,40319349,Application area,280,284,TRD ,0.4173904359340668,biomedbert-abstract_ner_bio_20250221,,,,,,,,
3487,40319349,Application area,490,493,TRD,0.5928583145141602,biomedbert-abstract_ner_bio_20250221,,,,,,,,
3488,40320049,Application area,37,60,substance use disorders,0.7607121666272482,biomedbert-abstract_ner_bio_20250221,,,,,,,,
3489,40320049,Application area,106,130,Substance Use Disorders ,0.6213251352310181,biomedbert-abstract_ner_bio_20250221,,,,,,,,
3490,40320049,Application area,131,135,SUDs,0.6367725133895874,biomedbert-abstract_ner_bio_20250221,,,,,,,,
3491,40320049,Dosage,842,853,0.11 mg/kg ,0.9765322009722391,biomedbert-abstract_ner_bio_20250221,0.11 mg/kg,0.11,0.11,mg,kg,1.0,,relative_weight
3492,40320049,Dosage,856,866,2.0 mg/kg ,0.954099694887797,biomedbert-abstract_ner_bio_20250221,2.0 mg/kg,2.0,2.0,mg,kg,1.0,,relative_weight
3493,40320348,Application area,279,293,postoperative ,0.4964906573295593,biomedbert-abstract_ner_bio_20250221,,,,,,,,
3494,40320348,Application area,303,306,POD,0.7273430824279785,biomedbert-abstract_ner_bio_20250221,,,,,,,,
3495,40320348,Dosage,668,680,0.25 mg/kg/h,0.9843885228037834,biomedbert-abstract_ner_bio_20250221,0.25 mg/kg/h,0.25,0.25,mg,kg,1.0,h,relative_weight_time
3496,40324271,Application area,28,50,postoperative anxiety ,0.6670106500387192,biomedbert-abstract_ner_bio_20250221,,,,,,,,
3497,40324271,Application area,54,65,depression ,0.5348290205001831,biomedbert-abstract_ner_bio_20250221,,,,,,,,
3498,40324271,Application area,82,96,thyroid cancer,0.8824388980865479,biomedbert-abstract_ner_bio_20250221,,,,,,,,
3499,40324271,Application area,303,317,postoperative ,0.8517571091651917,biomedbert-abstract_ner_bio_20250221,,,,,,,,
3500,40324271,Application area,317,325,anxiety ,0.6071469187736511,biomedbert-abstract_ner_bio_20250221,,,,,,,,
3501,40324271,Application area,329,340,depression ,0.4896121323108673,biomedbert-abstract_ner_bio_20250221,,,,,,,,
3502,40324271,Application area,357,371,thyroid cancer,0.8743294477462769,biomedbert-abstract_ner_bio_20250221,,,,,,,,
3503,40324271,Dosage,802,811,0.5 mg/kg,0.9777717490990957,biomedbert-abstract_ner_bio_20250221,0.5 mg/kg,0.5,0.5,mg,kg,1.0,,relative_weight
3504,40324271,Dosage,1912,1922,0.5 mg/kg ,0.9788864056269327,biomedbert-abstract_ner_bio_20250221,0.5 mg/kg,0.5,0.5,mg,kg,1.0,,relative_weight
3505,40328099,Application area,235,265,treatment-resistant depression,0.8797300904989243,biomedbert-abstract_ner_bio_20250221,,,,,,,,
3506,40329640,Application area,99,113,Depression..^ ,0.9219410022099813,biomedbert-abstract_ner_bio_20250221,,,,,,,,
3507,40329640,Application area,167,178,depression ,0.6703760027885437,biomedbert-abstract_ner_bio_20250221,,,,,,,,
3508,40329640,Dosage,620,626,25 mg ,0.9803193509578705,biomedbert-abstract_ner_bio_20250221,25 mg,25.0,25.0,mg,,,,absolute
3509,40329640,Dosage,821,826,1 mg ,0.9802212715148926,biomedbert-abstract_ner_bio_20250221,1 mg,1.0,1.0,mg,,,,absolute
3510,40331914,Application area,72,105,posttraumatic stress disorder..^ ,0.9324810028076171,biomedbert-abstract_ner_bio_20250221,,,,,,,,
3511,40331914,Application area,117,147,Posttraumatic stress disorder ,0.874630888303121,biomedbert-abstract_ner_bio_20250221,,,,,,,,
3512,40331914,Application area,148,152,PTSD,0.8359211087226868,biomedbert-abstract_ner_bio_20250221,,,,,,,,
3513,40337752,Application area,77,101,Alcohol Use Disorder..^ ,0.8251127362251282,biomedbert-abstract_ner_bio_20250221,,,,,,,,
3514,40337752,Application area,475,479,AUD ,0.5163482427597046,biomedbert-abstract_ner_bio_20250221,,,,,,,,
3515,40337754,Application area,93,127,Treatment-Resistant Depression..^ ,0.9553118149439493,biomedbert-abstract_ner_bio_20250221,,,,,,,,
3516,40337754,Application area,390,421,treatment-resistant depression ,0.9391520917415619,biomedbert-abstract_ner_bio_20250221,,,,,,,,
3517,40337754,Application area,422,425,TRD,0.9758894443511963,biomedbert-abstract_ner_bio_20250221,,,,,,,,
3518,40337754,Dosage,540,545,15 mg,0.9705244898796082,biomedbert-abstract_ner_bio_20250221,15 mg,15.0,15.0,mg,,,,absolute
3519,40337754,Dosage,566,571,60 mg,0.9656066298484802,biomedbert-abstract_ner_bio_20250221,60 mg,60.0,60.0,mg,,,,absolute
3520,40356576,Dosage,900,907,1.5 mg ,0.7640821188688278,biomedbert-abstract_ner_bio_20250221,1.5 mg,1.5,1.5,mg,,,,absolute
3521,40381857,Application area,88,104,major depression,0.945903092622757,biomedbert-abstract_ner_bio_20250221,,,,,,,,
3522,40381857,Application area,450,481,treatment resistant depression ,0.9507382909456888,biomedbert-abstract_ner_bio_20250221,,,,,,,,
3523,40381857,Application area,482,485,TRD,0.9765979051589966,biomedbert-abstract_ner_bio_20250221,,,,,,,,
3524,40385821,Application area,82,112,Treatment-Resistant Depression,0.9643397480249405,biomedbert-abstract_ner_bio_20250221,,,,,,,,
3525,40385821,Application area,299,330,treatment-resistant depression ,0.9558820426464081,biomedbert-abstract_ner_bio_20250221,,,,,,,,
3526,40385821,Application area,331,334,TRD,0.9804665446281433,biomedbert-abstract_ner_bio_20250221,,,,,,,,
3527,40400347,Application area,51,85,treatment-resistant depression..^ ,0.9696843326091766,biomedbert-abstract_ner_bio_20250221,,,,,,,,
3528,40400347,Application area,281,312,treatment-resistant depression ,0.9630443751811981,biomedbert-abstract_ner_bio_20250221,,,,,,,,
3529,40400347,Application area,313,316,TRD,0.9717328548431396,biomedbert-abstract_ner_bio_20250221,,,,,,,,
3530,40400347,Application area,322,351,moderate-to-severe depression,0.8401956955591837,biomedbert-abstract_ner_bio_20250221,,,,,,,,
3531,40411824,Dosage,946,952,56 mg ,0.9602611362934113,biomedbert-abstract_ner_bio_20250221,56 mg,56.0,56.0,mg,,,,absolute
3532,40413068,Application area,30,69,treatment-resistant unipolar depression,0.7687266767024994,biomedbert-abstract_ner_bio_20250221,,,,,,,,
3533,40418105,Dosage,640,646,80 μg ,0.8039253056049347,biomedbert-abstract_ner_bio_20250221,80 μg,80.0,80.0,μg,,,,absolute
3534,40419149,Application area,98,112,depression..^ ,0.9782781402269999,biomedbert-abstract_ner_bio_20250221,,,,,,,,
3535,40419149,Application area,112,137,Major depressive disorder,0.8158953686555227,biomedbert-abstract_ner_bio_20250221,,,,,,,,
3536,40419149,Application area,156,181,treatment-resistant form ,0.9044937342405319,biomedbert-abstract_ner_bio_20250221,,,,,,,,
3537,40419149,Application area,182,185,TRD,0.9705871343612671,biomedbert-abstract_ner_bio_20250221,,,,,,,,
3538,40419149,Application area,324,335,depressive ,0.7702875137329102,biomedbert-abstract_ner_bio_20250221,,,,,,,,
3539,40419149,Application area,599,603,MDD ,0.8291057348251343,biomedbert-abstract_ner_bio_20250221,,,,,,,,
3540,40419149,Application area,628,631,TRD,0.6920609474182129,biomedbert-abstract_ner_bio_20250221,,,,,,,,
3541,40435790,Application area,71,87,eating disorders,0.9282019138336182,biomedbert-abstract_ner_bio_20250221,,,,,,,,
3542,40435790,Application area,153,170,Eating disorders ,0.906431257724762,biomedbert-abstract_ner_bio_20250221,,,,,,,,
3543,40435790,Application area,405,416,depression ,0.6598451137542725,biomedbert-abstract_ner_bio_20250221,,,,,,,,
3544,40435790,Application area,562,593,treatment-resistant depression ,0.8128843456506729,biomedbert-abstract_ner_bio_20250221,,,,,,,,
3545,40435790,Application area,700,731,treatment-resistant depression ,0.7798090577125549,biomedbert-abstract_ner_bio_20250221,,,,,,,,
3546,40435790,Application area,800,807,eating ,0.5596602559089661,biomedbert-abstract_ner_bio_20250221,,,,,,,,
3547,40440674,Application area,125,154,Major Depressive Disorder..^ ,0.9217940211296082,biomedbert-abstract_ner_bio_20250221,,,,,,,,
3548,40440674,Application area,294,319,major depressive disorder,0.7074004809061686,biomedbert-abstract_ner_bio_20250221,,,,,,,,
3549,40440674,Dosage,431,443,10 and 25 mg,0.8036630749702454,biomedbert-abstract_ner_bio_20250221,10 and 25 mg,10.0,25.0,mg,,,,absolute
3550,40440859,Application area,267,298,treatment-resistant depression ,0.9644575417041779,biomedbert-abstract_ner_bio_20250221,,,,,,,,
3551,40440859,Application area,299,302,TRD,0.9751678109169006,biomedbert-abstract_ner_bio_20250221,,,,,,,,
3552,40441625,Application area,60,90,treatment resistant depression,0.9716715017954508,biomedbert-abstract_ner_bio_20250221,,,,,,,,
3553,40441625,Application area,202,233,treatment resistant depression ,0.9717795650164286,biomedbert-abstract_ner_bio_20250221,,,,,,,,
3554,40441625,Application area,234,237,TRD,0.9820711016654968,biomedbert-abstract_ner_bio_20250221,,,,,,,,
3555,40441625,Application area,359,363,TRD ,0.9782811403274536,biomedbert-abstract_ner_bio_20250221,,,,,,,,
3556,40446631,Application area,65,96,treatment-resistant depression ,0.9534353464841843,biomedbert-abstract_ner_bio_20250221,,,,,,,,
3557,40446631,Application area,144,175,Treatment-resistant depression ,0.9584930092096329,biomedbert-abstract_ner_bio_20250221,,,,,,,,
3558,40446631,Application area,176,179,TRD,0.9759908318519592,biomedbert-abstract_ner_bio_20250221,,,,,,,,
3559,40446631,Application area,674,680,major ,0.4970952272415161,biomedbert-abstract_ner_bio_20250221,,,,,,,,
3560,40446631,Application area,732,736,TRD ,0.7880034446716309,biomedbert-abstract_ner_bio_20250221,,,,,,,,
3561,40446631,Dosage,1284,1291,240 mg ,0.9521706998348236,biomedbert-abstract_ner_bio_20250221,240 mg,240.0,240.0,mg,,,,absolute
3562,40446631,Dosage,1325,1332,240 mg ,0.9650741219520569,biomedbert-abstract_ner_bio_20250221,240 mg,240.0,240.0,mg,,,,absolute
3563,40457978,Application area,28,32,PTSD,0.9681061506271362,biomedbert-abstract_ner_bio_20250221,,,,,,,,
3564,40457978,Application area,34,41,Anxiety,0.9519526958465576,biomedbert-abstract_ner_bio_20250221,,,,,,,,
3565,40457978,Application area,47,57,Depression,0.871548593044281,biomedbert-abstract_ner_bio_20250221,,,,,,,,
3566,40457978,Application area,169,200,post-traumatic stress disorder ,0.8228096842765809,biomedbert-abstract_ner_bio_20250221,,,,,,,,
3567,40457978,Application area,201,205,PTSD,0.9470057487487793,biomedbert-abstract_ner_bio_20250221,,,,,,,,
3568,40457978,Application area,208,215,anxiety,0.9251017570495605,biomedbert-abstract_ner_bio_20250221,,,,,,,,
3569,40457978,Application area,221,231,depression,0.8897215723991394,biomedbert-abstract_ner_bio_20250221,,,,,,,,
3570,40458078,Application area,81,109,body dysmorphic disorder..^ ,0.9065491676330566,biomedbert-abstract_ner_bio_20250221,,,,,,,,
3571,40458078,Application area,109,134,Body dysmorphic disorder ,0.9031204382578532,biomedbert-abstract_ner_bio_20250221,,,,,,,,
3572,40458078,Application area,135,138,BDD,0.9568079710006714,biomedbert-abstract_ner_bio_20250221,,,,,,,,
3573,40458078,Application area,418,429,depression ,0.5631063580513,biomedbert-abstract_ner_bio_20250221,,,,,,,,
3574,40458078,Application area,586,589,BDD,0.9217033982276917,biomedbert-abstract_ner_bio_20250221,,,,,,,,
3575,40458078,Dosage,678,684,25 mg ,0.9176963269710541,biomedbert-abstract_ner_bio_20250221,25 mg,25.0,25.0,mg,,,,absolute
3576,40459963,Dosage,637,643,100 mg,0.9743967354297638,biomedbert-abstract_ner_bio_20250221,100 mg,100.0,100.0,mg,,,,absolute
3577,40468911,Application area,53,83,treatment-resistant depression,0.9609748870134354,biomedbert-abstract_ner_bio_20250221,,,,,,,,
3578,40468911,Application area,85,115,post-traumatic stress disorder,0.9466122627258301,biomedbert-abstract_ner_bio_20250221,,,,,,,,
3579,40468911,Application area,120,153,obsessive-compulsive disorder..^ ,0.9619604249795278,biomedbert-abstract_ner_bio_20250221,,,,,,,,
3580,40468911,Application area,268,299,treatment-resistant depression ,0.9360809624195099,biomedbert-abstract_ner_bio_20250221,,,,,,,,
3581,40468911,Application area,300,304,TR-D,0.9452104369799296,biomedbert-abstract_ner_bio_20250221,,,,,,,,
3582,40468911,Application area,307,338,post-traumatic stress disorder ,0.9363088130950927,biomedbert-abstract_ner_bio_20250221,,,,,,,,
3583,40468911,Application area,339,346,TR-PTSD,0.9247276385625204,biomedbert-abstract_ner_bio_20250221,,,,,,,,
3584,40468911,Application area,352,382,obsessive-compulsive disorder ,0.9405630677938461,biomedbert-abstract_ner_bio_20250221,,,,,,,,
3585,40468911,Application area,383,389,TR-OCD,0.9439849853515625,biomedbert-abstract_ner_bio_20250221,,,,,,,,
3586,40482648,Application area,83,99,major depression,0.944910317659378,biomedbert-abstract_ner_bio_20250221,,,,,,,,
3587,40482648,Application area,245,289,moderate-to-severe major depressive disorder,0.7254146263003349,biomedbert-abstract_ner_bio_20250221,,,,,,,,
3588,40482648,Dosage,502,509,100 μg ,0.9750706553459167,biomedbert-abstract_ner_bio_20250221,100 μg,100.0,100.0,μg,,,,absolute
3589,40482648,Dosage,511,518,200 μg ,0.9492881000041962,biomedbert-abstract_ner_bio_20250221,200 μg,200.0,200.0,μg,,,,absolute
3590,40482648,Dosage,525,531,25 μg ,0.9765608012676239,biomedbert-abstract_ner_bio_20250221,25 μg,25.0,25.0,μg,,,,absolute
3591,40482648,Dosage,533,539,25 μg ,0.9681532979011536,biomedbert-abstract_ner_bio_20250221,25 μg,25.0,25.0,μg,,,,absolute
3592,40484114,Application area,81,107,Major Depressive Disorder ,0.908872127532959,biomedbert-abstract_ner_bio_20250221,,,,,,,,
3593,40484114,Application area,108,111,MDD,0.9438790678977966,biomedbert-abstract_ner_bio_20250221,,,,,,,,
3594,40484114,Application area,177,208,Treatment-resistant depression ,0.9699907451868057,biomedbert-abstract_ner_bio_20250221,,,,,,,,
3595,40484114,Application area,209,212,TRD,0.9812512397766113,biomedbert-abstract_ner_bio_20250221,,,,,,,,
3596,40492610,Application area,32,35,AUD,0.9113410115242004,biomedbert-abstract_ner_bio_20250221,,,,,,,,
3597,40492610,Application area,332,353,alcohol use disorder ,0.7635194261868795,biomedbert-abstract_ner_bio_20250221,,,,,,,,
3598,40499827,Application area,77,115,severe treatment-resistant depression ,0.9564868569374084,biomedbert-abstract_ner_bio_20250221,,,,,,,,
3599,40499827,Application area,204,230,major depressive disorder ,0.942372719446818,biomedbert-abstract_ner_bio_20250221,,,,,,,,
3600,40499827,Application area,242,273,treatment-resistant depression ,0.9676885902881622,biomedbert-abstract_ner_bio_20250221,,,,,,,,
3601,40499827,Application area,274,277,TRD,0.960915744304657,biomedbert-abstract_ner_bio_20250221,,,,,,,,
3602,40499827,Application area,370,380,severe TRD,0.9068425893783569,biomedbert-abstract_ner_bio_20250221,,,,,,,,
3603,40499827,Dosage,484,490,25 mg ,0.9739915132522583,biomedbert-abstract_ner_bio_20250221,25 mg,25.0,25.0,mg,,,,absolute
3604,40515538,Application area,32,55,post-partum depression ,0.905895859003067,biomedbert-abstract_ner_bio_20250221,,,,,,,,
3605,40515538,Application area,187,209,Postpartum depression ,0.9262447655200958,biomedbert-abstract_ner_bio_20250221,,,,,,,,
3606,40515538,Application area,210,213,PPD,0.9424467086791992,biomedbert-abstract_ner_bio_20250221,,,,,,,,
3607,40515538,Application area,371,374,PPD,0.9304796457290649,biomedbert-abstract_ner_bio_20250221,,,,,,,,
3608,40515538,Application area,634,656,postpartum depression ,0.8523960113525391,biomedbert-abstract_ner_bio_20250221,,,,,,,,
3609,40518804,Application area,48,58,depressed ,0.9090574979782104,biomedbert-abstract_ner_bio_20250221,,,,,,,,
3610,40518804,Application area,72,82,cancer..^ ,0.8194021781285604,biomedbert-abstract_ner_bio_20250221,,,,,,,,
3611,40518804,Application area,108,115,cancer ,0.7372747659683228,biomedbert-abstract_ner_bio_20250221,,,,,,,,
3612,40518804,Application area,135,145,depression,0.906787633895874,biomedbert-abstract_ner_bio_20250221,,,,,,,,
3613,40518804,Dosage,1082,1088,25 mg ,0.9648701846599579,biomedbert-abstract_ner_bio_20250221,25 mg,25.0,25.0,mg,,,,absolute
3614,40522607,Dosage,581,591,0.26 mg/kg,0.9796504179636637,biomedbert-abstract_ner_bio_20250221,0.26 mg/kg,0.26,0.26,mg,kg,1.0,,relative_weight
3615,40523785,Application area,59,82,postoperative delirium ,0.6466782689094543,biomedbert-abstract_ner_bio_20250221,,,,,,,,
3616,40523785,Application area,258,281,Postoperative delirium ,0.6510480791330338,biomedbert-abstract_ner_bio_20250221,,,,,,,,
3617,40523785,Application area,282,285,POD,0.8368133902549744,biomedbert-abstract_ner_bio_20250221,,,,,,,,
3618,40523785,Application area,502,506,POD ,0.7135060429573059,biomedbert-abstract_ner_bio_20250221,,,,,,,,
3619,40523785,Application area,752,756,POD ,0.7963266968727112,biomedbert-abstract_ner_bio_20250221,,,,,,,,
3620,40523785,Dosage,1235,1245,0.3 mg/kg ,0.9875546395778656,biomedbert-abstract_ner_bio_20250221,0.3 mg/kg,0.3,0.3,mg,kg,1.0,,relative_weight
3621,40523785,Dosage,1325,1338,0.15 mg/kg/h ,0.9687043055891991,biomedbert-abstract_ner_bio_20250221,0.15 mg/kg/h,0.15,0.15,mg,kg,1.0,h,relative_weight_time
3622,40528492,Application area,117,149,highly refractory depression..^ ,0.9779658913612366,biomedbert-abstract_ner_bio_20250221,,,,,,,,
3623,40528492,Application area,224,255,treatment-resistant depression ,0.9768805801868439,biomedbert-abstract_ner_bio_20250221,,,,,,,,
3624,40528492,Application area,256,259,TRD,0.9815055727958679,biomedbert-abstract_ner_bio_20250221,,,,,,,,
3625,40528492,Application area,410,414,TRD ,0.9682531952857971,biomedbert-abstract_ner_bio_20250221,,,,,,,,
3626,40528492,Application area,612,615,TRD,0.9538005590438843,biomedbert-abstract_ner_bio_20250221,,,,,,,,
3627,40528856,Dosage,736,751,"2, 6, 12, 18 mg",0.8650237247347832,biomedbert-abstract_ner_bio_20250221,"2, 6, 12, 18 mg",2.0,18.0,mg,,,,absolute
3628,40532423,Dosage,715,720,60 mg,0.9729271829128265,biomedbert-abstract_ner_bio_20250221,60 mg,60.0,60.0,mg,,,,absolute
3629,40532423,Dosage,741,748,0.6 mg ,0.9720264822244644,biomedbert-abstract_ner_bio_20250221,0.6 mg,0.6,0.6,mg,,,,absolute
3630,40541833,Application area,83,112,major depressive episodes..^ ,0.9718629956245423,biomedbert-abstract_ner_bio_20250221,,,,,,,,
3631,40541833,Application area,210,228,severe depression ,0.7499122619628906,biomedbert-abstract_ner_bio_20250221,,,,,,,,
3632,40541833,Application area,235,266,treatment-resistant depression ,0.9576129913330078,biomedbert-abstract_ner_bio_20250221,,,,,,,,
3633,40541833,Application area,267,270,TRD,0.9660861492156982,biomedbert-abstract_ner_bio_20250221,,,,,,,,
3634,40541833,Application area,332,349,severe depression,0.8689054846763611,biomedbert-abstract_ner_bio_20250221,,,,,,,,
3635,40541833,Application area,463,467,TRD ,0.9524542093276978,biomedbert-abstract_ner_bio_20250221,,,,,,,,
3636,40541833,Application area,673,679,major ,0.715728759765625,biomedbert-abstract_ner_bio_20250221,,,,,,,,
3637,40541833,Application area,700,704,MDEs,0.9225429892539978,biomedbert-abstract_ner_bio_20250221,,,,,,,,
3638,40554997,Application area,156,182,Major Depressive Disorder ,0.8233201305071512,biomedbert-abstract_ner_bio_20250221,,,,,,,,
3639,40554997,Application area,183,186,MDD,0.7262153029441833,biomedbert-abstract_ner_bio_20250221,,,,,,,,
3640,40563744,Application area,36,59,Traumatic Brain Injury ,0.7043195764223734,biomedbert-abstract_ner_bio_20250221,,,,,,,,
3641,40563744,Application area,201,217,traumatic brain ,0.6776290237903595,biomedbert-abstract_ner_bio_20250221,,,,,,,,
3642,40563744,Application area,225,228,TBI,0.6319311261177063,biomedbert-abstract_ner_bio_20250221,,,,,,,,
3643,40574079,Application area,217,225,alcohol ,0.5080063343048096,biomedbert-abstract_ner_bio_20250221,,,,,,,,
3644,40574079,Application area,239,242,AUD,0.6963755488395691,biomedbert-abstract_ner_bio_20250221,,,,,,,,
3645,40583492,Application area,204,234,treatment-resistant depression,0.9280663430690765,biomedbert-abstract_ner_bio_20250221,,,,,,,,
3646,40601310,Application area,210,241,treatment-resistant depression ,0.8119716197252274,biomedbert-abstract_ner_bio_20250221,,,,,,,,
3647,40601310,Application area,242,245,TRD,0.7514204382896423,biomedbert-abstract_ner_bio_20250221,,,,,,,,
3648,40601310,Application area,342,346,TRD ,0.6497103571891785,biomedbert-abstract_ner_bio_20250221,,,,,,,,
3649,40601310,Application area,514,517,TRD,0.618613600730896,biomedbert-abstract_ner_bio_20250221,,,,,,,,
3650,40601310,Dosage,1167,1173,56 mg ,0.8798030614852905,biomedbert-abstract_ner_bio_20250221,56 mg,56.0,56.0,mg,,,,absolute
3651,40601310,Dosage,1176,1181,84 mg,0.7562289535999298,biomedbert-abstract_ner_bio_20250221,84 mg,84.0,84.0,mg,,,,absolute
3652,40601310,Dosage,1710,1716,56 mg ,0.8377453684806824,biomedbert-abstract_ner_bio_20250221,56 mg,56.0,56.0,mg,,,,absolute
3653,40601310,Dosage,1738,1744,84 mg ,0.7531501352787018,biomedbert-abstract_ner_bio_20250221,84 mg,84.0,84.0,mg,,,,absolute
3654,40601310,Dosage,2060,2066,56-mg ,0.8784976601600647,biomedbert-abstract_ner_bio_20250221,56 mg,56.0,56.0,mg,,,,absolute
3655,40601310,Dosage,2120,2126,84-mg ,0.8439920743306478,biomedbert-abstract_ner_bio_20250221,84 mg,84.0,84.0,mg,,,,absolute
3656,40601310,Dosage,2210,2216,56-mg ,0.9288813670476278,biomedbert-abstract_ner_bio_20250221,56 mg,56.0,56.0,mg,,,,absolute
3657,40601310,Dosage,2220,2226,84-mg ,0.9003196358680725,biomedbert-abstract_ner_bio_20250221,84 mg,84.0,84.0,mg,,,,absolute
3658,40601310,Dosage,2435,2441,56 mg ,0.9336404204368591,biomedbert-abstract_ner_bio_20250221,56 mg,56.0,56.0,mg,,,,absolute
3659,40601310,Dosage,2504,2509,84 mg,0.910174548625946,biomedbert-abstract_ner_bio_20250221,84 mg,84.0,84.0,mg,,,,absolute
3660,40601310,Application area,2904,2908,TRD ,0.6051868200302124,biomedbert-abstract_ner_bio_20250221,,,,,,,,
3661,40607793,Application area,46,57,depression ,0.75081866979599,biomedbert-abstract_ner_bio_20250221,,,,,,,,
3662,40607793,Application area,154,176,postpartum depression ,0.8833745121955872,biomedbert-abstract_ner_bio_20250221,,,,,,,,
3663,40607793,Dosage,406,417,0.25 mg/kg ,0.9791488647460938,biomedbert-abstract_ner_bio_20250221,0.25 mg/kg,0.25,0.25,mg,kg,1.0,,relative_weight
3664,40607793,Dosage,477,488,0.25 mg/kg ,0.9809901316960653,biomedbert-abstract_ner_bio_20250221,0.25 mg/kg,0.25,0.25,mg,kg,1.0,,relative_weight
3665,40618640,Dosage,13,18,10 mg,0.6839669048786163,biomedbert-abstract_ner_bio_20250221,10 mg,10.0,10.0,mg,,,,absolute
3666,40618640,Application area,63,92,obsessive-compulsive disorder,0.9261545985937119,biomedbert-abstract_ner_bio_20250221,,,,,,,,
3667,40618640,Application area,143,173,Obsessive-compulsive disorder ,0.903153121471405,biomedbert-abstract_ner_bio_20250221,,,,,,,,
3668,40618640,Application area,174,177,OCD,0.824710488319397,biomedbert-abstract_ner_bio_20250221,,,,,,,,
3669,40618640,Application area,605,608,OCD,0.6685686111450195,biomedbert-abstract_ner_bio_20250221,,,,,,,,
3670,40618640,Dosage,783,788,1 mg ,0.8693926632404327,biomedbert-abstract_ner_bio_20250221,1 mg,1.0,1.0,mg,,,,absolute
3671,40618640,Dosage,800,805,10 mg,0.6214072108268738,biomedbert-abstract_ner_bio_20250221,10 mg,10.0,10.0,mg,,,,absolute
3672,40618640,Dosage,1632,1637,1 mg ,0.8514621555805206,biomedbert-abstract_ner_bio_20250221,1 mg,1.0,1.0,mg,,,,absolute
3673,40618640,Dosage,1641,1647,10 mg ,0.769792765378952,biomedbert-abstract_ner_bio_20250221,10 mg,10.0,10.0,mg,,,,absolute
3674,40618640,Dosage,1764,1770,10 mg ,0.7359525859355927,biomedbert-abstract_ner_bio_20250221,10 mg,10.0,10.0,mg,,,,absolute
3675,40618640,Dosage,2376,2382,10 mg ,0.9457995295524597,biomedbert-abstract_ner_bio_20250221,10 mg,10.0,10.0,mg,,,,absolute
3676,40618640,Application area,2482,2485,OCD,0.8312174081802368,biomedbert-abstract_ner_bio_20250221,,,,,,,,
3677,40618640,Dosage,2724,2730,10 mg ,0.9610148072242737,biomedbert-abstract_ner_bio_20250221,10 mg,10.0,10.0,mg,,,,absolute
3678,40619168,Dosage,3111,3119,0.35 mg ,0.7907386273145676,biomedbert-abstract_ner_bio_20250221,0.35 mg,0.35,0.35,mg,,,,absolute
3679,40619168,Dosage,3182,3197,0.35 mg per kg ,0.8044361472129822,biomedbert-abstract_ner_bio_20250221,0.35 mg/kg,0.35,0.35,mg,kg,1.0,,relative_weight
3680,40619168,Dosage,3280,3294,0.35 mg per kg,0.7541744510332743,biomedbert-abstract_ner_bio_20250221,0.35 mg/kg,0.35,0.35,mg,kg,1.0,,relative_weight
3681,40619168,Dosage,3384,3399,0.25 mg per kg ,0.9273627599080404,biomedbert-abstract_ner_bio_20250221,0.25 mg/kg,0.25,0.25,mg,kg,1.0,,relative_weight
3682,40619168,Dosage,3403,3417,0.34 mg per kg,0.8727047046025594,biomedbert-abstract_ner_bio_20250221,0.34 mg/kg,0.34,0.34,mg,kg,1.0,,relative_weight
3683,40623541,Application area,41,51,depression,0.8719075918197632,biomedbert-abstract_ner_bio_20250221,,,,,,,,
3684,40623541,Application area,169,179,depression,0.8225744962692261,biomedbert-abstract_ner_bio_20250221,,,,,,,,
3685,40623541,Application area,622,632,depression,0.808855414390564,biomedbert-abstract_ner_bio_20250221,,,,,,,,
3686,40637548,Application area,88,100,Suicidality ,0.617285966873169,biomedbert-abstract_ner_bio_20250221,,,,,,,,
3687,40637548,Application area,220,231,suicidality,0.5657776594161987,biomedbert-abstract_ner_bio_20250221,,,,,,,,
3688,40639043,Dosage,574,582,0-120 mg,0.9439825862646103,biomedbert-abstract_ner_bio_20250221,0-120 mg,0.0,120.0,mg,,,,absolute
3689,40641116,Application area,41,66,major depressive disorder,0.97001580397288,biomedbert-abstract_ner_bio_20250221,,,,,,,,
3690,40641116,Application area,238,268,post-traumatic stress disorder,0.6516938805580139,biomedbert-abstract_ner_bio_20250221,,,,,,,,
3691,40641116,Application area,327,353,major depressive disorder ,0.9066198070844015,biomedbert-abstract_ner_bio_20250221,,,,,,,,
3692,40641116,Application area,354,357,MDD,0.9574439525604248,biomedbert-abstract_ner_bio_20250221,,,,,,,,
3693,40641116,Application area,453,456,MDD,0.9208327531814575,biomedbert-abstract_ner_bio_20250221,,,,,,,,
3694,40654586,Dosage,391,396,25 mg,0.9797853529453278,biomedbert-abstract_ner_bio_20250221,25 mg,25.0,25.0,mg,,,,absolute
3695,40654586,Dosage,501,506,1 mg ,0.9679629504680634,biomedbert-abstract_ner_bio_20250221,1 mg,1.0,1.0,mg,,,,absolute
3696,40654586,Dosage,971,977,25 mg ,0.9735071361064911,biomedbert-abstract_ner_bio_20250221,25 mg,25.0,25.0,mg,,,,absolute
3697,40656108,Dosage,600,605,15 mg,0.9547088444232941,biomedbert-abstract_ner_bio_20250221,15 mg,15.0,15.0,mg,,,,absolute
3698,40656108,Dosage,607,612,20 mg,0.9349023699760437,biomedbert-abstract_ner_bio_20250221,20 mg,20.0,20.0,mg,,,,absolute
3699,40656108,Dosage,614,619,25 mg,0.9384073317050934,biomedbert-abstract_ner_bio_20250221,25 mg,25.0,25.0,mg,,,,absolute
3700,40656108,Dosage,625,631,30 mg ,0.9340150952339172,biomedbert-abstract_ner_bio_20250221,30 mg,30.0,30.0,mg,,,,absolute
3701,40656108,Dosage,1036,1049,25 and 30 mg ,0.8546312898397446,biomedbert-abstract_ner_bio_20250221,25 and 30 mg,25.0,30.0,mg,,,,absolute
3702,40656108,Dosage,1301,1323,"15, 20, 25, and 30 mg ",0.8903708193037245,biomedbert-abstract_ner_bio_20250221,"15, 20, 25, and 30 mg",15.0,30.0,mg,,,,absolute
3703,40656221,Application area,51,56,ADHD ,0.8588494062423706,biomedbert-abstract_ner_bio_20250221,,,,,,,,
3704,40656221,Application area,112,117,ADHD ,0.7610400319099426,biomedbert-abstract_ner_bio_20250221,,,,,,,,
3705,40656230,Application area,91,128,treatment-resistant major depression ,0.8462794303894043,biomedbert-abstract_ner_bio_20250221,,,,,,,,
3706,40658345,Dosage,425,435,100-800 mg,0.9395384341478348,biomedbert-abstract_ner_bio_20250221,100-800 mg,100.0,800.0,mg,,,,absolute
3707,40658345,Dosage,1277,1284,100 mg ,0.9494228363037109,biomedbert-abstract_ner_bio_20250221,100 mg,100.0,100.0,mg,,,,absolute
3708,40658345,Dosage,1303,1309,800 mg,0.8897430300712585,biomedbert-abstract_ner_bio_20250221,800 mg,800.0,800.0,mg,,,,absolute
3709,40659913,Application area,107,118,depression ,0.897626519203186,biomedbert-abstract_ner_bio_20250221,,,,,,,,
3710,40659913,Application area,125,132,anxiety,0.8596139550209045,biomedbert-abstract_ner_bio_20250221,,,,,,,,
3711,40659913,Application area,429,437,anxiety ,0.7857465147972107,biomedbert-abstract_ner_bio_20250221,,,,,,,,
3712,40659913,Application area,444,454,depression,0.6753844022750854,biomedbert-abstract_ner_bio_20250221,,,,,,,,
3713,40659913,Dosage,632,636,6 mg,0.9727809727191925,biomedbert-abstract_ner_bio_20250221,6 mg,6.0,6.0,mg,,,,absolute
3714,40659913,Dosage,638,642,9 mg,0.9615843296051025,biomedbert-abstract_ner_bio_20250221,9 mg,9.0,9.0,mg,,,,absolute
3715,40659913,Dosage,647,652,12 mg,0.9491763412952423,biomedbert-abstract_ner_bio_20250221,12 mg,12.0,12.0,mg,,,,absolute
3716,40662502,Application area,62,93,treatment-resistant depression ,0.9638670086860657,biomedbert-abstract_ner_bio_20250221,,,,,,,,
3717,40662502,Application area,261,292,treatment-resistant depression ,0.974084809422493,biomedbert-abstract_ner_bio_20250221,,,,,,,,
3718,40662502,Application area,293,296,TRD,0.9844207763671875,biomedbert-abstract_ner_bio_20250221,,,,,,,,
3719,40662502,Dosage,497,506,0.5 mg/kg,0.9728023211161295,biomedbert-abstract_ner_bio_20250221,0.5 mg/kg,0.5,0.5,mg,kg,1.0,,relative_weight
3720,40668854,Application area,56,144,"chronic, treatment-resistant, moderate or higher severity post-traumatic stress disorder",0.7321060299873352,biomedbert-abstract_ner_bio_20250221,,,,,,,,
3721,40668854,Application area,371,375,PTSD,0.7002342343330383,biomedbert-abstract_ner_bio_20250221,,,,,,,,
3722,40668854,Application area,478,482,PTSD,0.7227908372879028,biomedbert-abstract_ner_bio_20250221,,,,,,,,
3723,40668854,Application area,2654,2659,PTSD ,0.7085837721824646,biomedbert-abstract_ner_bio_20250221,,,,,,,,
3724,40683535,Application area,124,158,Post-traumatic Stress Disorder..^ ,0.9535552433558873,biomedbert-abstract_ner_bio_20250221,,,,,,,,
3725,40683535,Application area,448,479,Post-traumatic Stress Disorder ,0.9399177074432373,biomedbert-abstract_ner_bio_20250221,,,,,,,,
3726,40683535,Application area,480,484,PTSD,0.9704030156135559,biomedbert-abstract_ner_bio_20250221,,,,,,,,
3727,40683535,Application area,669,673,PTSD,0.9503860473632812,biomedbert-abstract_ner_bio_20250221,,,,,,,,
3728,40702912,Application area,14,35,alcohol use disorder ,0.7948347727457682,biomedbert-abstract_ner_bio_20250221,,,,,,,,
3729,40702912,Application area,198,219,alcohol use disorder ,0.8084787329037985,biomedbert-abstract_ner_bio_20250221,,,,,,,,
3730,40702912,Application area,220,223,AUD,0.7100172638893127,biomedbert-abstract_ner_bio_20250221,,,,,,,,
3731,40702912,Dosage,1182,1188,25 mg ,0.923224687576294,biomedbert-abstract_ner_bio_20250221,25 mg,25.0,25.0,mg,,,,absolute
3732,40702912,Dosage,1200,1205,1 mg ,0.9454802572727203,biomedbert-abstract_ner_bio_20250221,1 mg,1.0,1.0,mg,,,,absolute
3733,40702912,Dosage,1738,1744,25 mg ,0.8935698866844177,biomedbert-abstract_ner_bio_20250221,25 mg,25.0,25.0,mg,,,,absolute
3734,40702912,Dosage,2093,2099,25 mg ,0.9126130938529968,biomedbert-abstract_ner_bio_20250221,25 mg,25.0,25.0,mg,,,,absolute
3735,40702912,Dosage,2445,2448,25 ,0.9069453477859497,biomedbert-abstract_ner_bio_20250221,25,25.0,25.0,,,,,absolute
3736,40702912,Dosage,2451,2456,1 mg ,0.9204857051372528,biomedbert-abstract_ner_bio_20250221,1 mg,1.0,1.0,mg,,,,absolute
3737,40702912,Dosage,2511,2517,25 mg ,0.9007992446422577,biomedbert-abstract_ner_bio_20250221,25 mg,25.0,25.0,mg,,,,absolute
3738,40702912,Dosage,2832,2838,25 mg ,0.9143965244293213,biomedbert-abstract_ner_bio_20250221,25 mg,25.0,25.0,mg,,,,absolute
3739,40707608,Application area,93,103,depression,0.8800687193870544,biomedbert-abstract_ner_bio_20250221,,,,,,,,
3740,40707608,Application area,259,284,major depressive disorder,0.9162117838859558,biomedbert-abstract_ner_bio_20250221,,,,,,,,
3741,40707608,Dosage,460,474,0.5 mg per kg ,0.9794718523820242,biomedbert-abstract_ner_bio_20250221,0.5 mg/kg,0.5,0.5,mg,kg,1.0,,relative_weight
3742,40708053,Application area,43,60,eating disorders ,0.825461208820343,biomedbert-abstract_ner_bio_20250221,,,,,,,,
3743,40708053,Application area,63,80,disordered eating,0.8374250531196594,biomedbert-abstract_ner_bio_20250221,,,,,,,,
3744,40708053,Application area,183,200,eating disorders ,0.8882676959037781,biomedbert-abstract_ner_bio_20250221,,,,,,,,
3745,40708053,Application area,201,204,EDs,0.8326769471168518,biomedbert-abstract_ner_bio_20250221,,,,,,,,
3746,40708053,Application area,285,302,Eating Disorders ,0.5537663251161575,biomedbert-abstract_ner_bio_20250221,,,,,,,,
3747,40708053,Application area,370,374,EDs ,0.6425517797470093,biomedbert-abstract_ner_bio_20250221,,,,,,,,
3748,40708053,Application area,2611,2628,Eating disorders ,0.9482190907001495,biomedbert-abstract_ner_bio_20250221,,,,,,,,
3749,40708053,Application area,2629,2632,EDs,0.9406064748764038,biomedbert-abstract_ner_bio_20250221,,,,,,,,
3750,40708053,Application area,2860,2863,ED ,0.8544200658798218,biomedbert-abstract_ner_bio_20250221,,,,,,,,
3751,40710191,Application area,60,66,Cancer,0.7513711452484131,biomedbert-abstract_ner_bio_20250221,,,,,,,,
3752,40730892,Application area,31,47,eating disorders,0.9035682678222656,biomedbert-abstract_ner_bio_20250221,,,,,,,,
3753,40730892,Application area,200,215,Bulimia Nervosa,0.8882053792476654,biomedbert-abstract_ner_bio_20250221,,,,,,,,
3754,40730892,Application area,259,276,eating disorders ,0.9154990315437317,biomedbert-abstract_ner_bio_20250221,,,,,,,,
3755,40730892,Application area,277,280,EDs,0.9526050686836243,biomedbert-abstract_ner_bio_20250221,,,,,,,,
3756,40730892,Application area,341,345,EDs ,0.915030300617218,biomedbert-abstract_ner_bio_20250221,,,,,,,,
3757,40730892,Application area,641,644,EDs,0.8741206526756287,biomedbert-abstract_ner_bio_20250221,,,,,,,,
3758,40736734,Application area,73,83,Depression,0.5104840397834778,biomedbert-abstract_ner_bio_20250221,,,,,,,,
3759,40767760,Application area,31,47,Suicidal Crisis ,0.7691400051116943,biomedbert-abstract_ner_bio_20250221,,,,,,,,
3760,40767760,Application area,160,178,suicidal ideation ,0.9089705049991608,biomedbert-abstract_ner_bio_20250221,,,,,,,,
3761,40767760,Application area,179,181,SI,0.891694188117981,biomedbert-abstract_ner_bio_20250221,,,,,,,,
3762,40767760,Application area,202,211,suicidal ,0.7365080118179321,biomedbert-abstract_ner_bio_20250221,,,,,,,,
3763,40767760,Application area,290,293,SI ,0.8221798539161682,biomedbert-abstract_ner_bio_20250221,,,,,,,,
3764,40767760,Application area,364,366,SI,0.7480460405349731,biomedbert-abstract_ner_bio_20250221,,,,,,,,
3765,40767760,Dosage,552,561,0.5 mg/kg,0.9738268156846365,biomedbert-abstract_ner_bio_20250221,0.5 mg/kg,0.5,0.5,mg,kg,1.0,,relative_weight
3766,40767785,Application area,36,68,Treatment-Refractory Depression ,0.9670607596635818,biomedbert-abstract_ner_bio_20250221,,,,,,,,
3767,40767785,Application area,309,340,treatment-resistant depression ,0.9727427512407303,biomedbert-abstract_ner_bio_20250221,,,,,,,,
3768,40767785,Application area,341,344,TRD,0.9729886651039124,biomedbert-abstract_ner_bio_20250221,,,,,,,,
3769,40767785,Dosage,610,619,0.5 mg/kg,0.9757585724194845,biomedbert-abstract_ner_bio_20250221,0.5 mg/kg,0.5,0.5,mg,kg,1.0,,relative_weight
3770,40767785,Dosage,632,640,56/84 mg,0.8644968420267105,biomedbert-abstract_ner_bio_20250221,,,,,,,,
3771,40795937,Application area,56,73,major depression ,0.858326256275177,biomedbert-abstract_ner_bio_20250221,,,,,,,,
3772,40795937,Application area,87,107,alcohol use disorder,0.8419750332832336,biomedbert-abstract_ner_bio_20250221,,,,,,,,
3773,40795937,Application area,173,199,major depressive disorder ,0.8502279122670492,biomedbert-abstract_ner_bio_20250221,,,,,,,,
3774,40795937,Application area,200,203,MDD,0.691548764705658,biomedbert-abstract_ner_bio_20250221,,,,,,,,
3775,40795937,Application area,209,230,alcohol use disorder ,0.8238756457964579,biomedbert-abstract_ner_bio_20250221,,,,,,,,
3776,40795937,Application area,231,234,AUD,0.6757850646972656,biomedbert-abstract_ner_bio_20250221,,,,,,,,
3777,40795937,Application area,424,428,MDD ,0.7129498720169067,biomedbert-abstract_ner_bio_20250221,,,,,,,,
3778,40795937,Application area,442,445,AUD,0.6382405161857605,biomedbert-abstract_ner_bio_20250221,,,,,,,,
3779,40795937,Application area,806,810,MDD ,0.5529298782348633,biomedbert-abstract_ner_bio_20250221,,,,,,,,
3780,40795937,Application area,814,817,AUD,0.45278918743133545,biomedbert-abstract_ner_bio_20250221,,,,,,,,
3781,40795937,Dosage,1211,1220,0.5 mg/kg,0.9699507852395376,biomedbert-abstract_ner_bio_20250221,0.5 mg/kg,0.5,0.5,mg,kg,1.0,,relative_weight
3782,40800376,Dosage,432,441,1.5 mg/kg,0.9639410177866617,biomedbert-abstract_ner_bio_20250221,1.5 mg/kg,1.5,1.5,mg,kg,1.0,,relative_weight
3783,40800760,Dosage,680,693,75 micrograms,0.949595719575882,biomedbert-abstract_ner_bio_20250221,75 µg,75.0,75.0,µg,,,,absolute
3784,40831094,Application area,45,59,Postoperative ,0.7413892149925232,biomedbert-abstract_ner_bio_20250221,,,,,,,,
3785,40831094,Application area,59,79,Depressive Symptoms ,0.8171408176422119,biomedbert-abstract_ner_bio_20250221,,,,,,,,
3786,40831094,Application area,102,118,Abdominal Tumor ,0.6013634204864502,biomedbert-abstract_ner_bio_20250221,,,,,,,,
3787,40831094,Application area,240,251,depression ,0.7980774641036987,biomedbert-abstract_ner_bio_20250221,,,,,,,,
3788,40831094,Application area,373,393,depressive symptoms ,0.9085397720336914,biomedbert-abstract_ner_bio_20250221,,,,,,,,
3789,40831094,Application area,399,415,abdominal Tumor ,0.5415152907371521,biomedbert-abstract_ner_bio_20250221,,,,,,,,
3790,40831094,Dosage,686,696,0.4 mg/kg ,0.9827268222967783,biomedbert-abstract_ner_bio_20250221,0.4 mg/kg,0.4,0.4,mg,kg,1.0,,relative_weight
3791,40834563,Application area,63,94,treatment-resistant depression ,0.9455107748508453,biomedbert-abstract_ner_bio_20250221,,,,,,,,
3792,40834563,Application area,97,123,major depressive disorder ,0.8972415526707967,biomedbert-abstract_ner_bio_20250221,,,,,,,,
3793,40834563,Application area,127,147,bipolar disorder..^ ,0.8818251639604568,biomedbert-abstract_ner_bio_20250221,,,,,,,,
3794,40834563,Application area,471,517,treatment-resistant Major Depressive Disorder ,0.9121386309464773,biomedbert-abstract_ner_bio_20250221,,,,,,,,
3795,40834563,Application area,518,521,TRD,0.9385946393013,biomedbert-abstract_ner_bio_20250221,,,,,,,,
3796,40834563,Application area,686,725,treatment-resistant bipolar depression ,0.9186655879020691,biomedbert-abstract_ner_bio_20250221,,,,,,,,
3797,40834563,Application area,726,730,TRBD,0.9231429100036621,biomedbert-abstract_ner_bio_20250221,,,,,,,,
3798,40834563,Application area,774,777,TRD,0.8719087839126587,biomedbert-abstract_ner_bio_20250221,,,,,,,,
3799,40834621,Application area,121,151,treatment-resistant depression,0.9661996215581894,biomedbert-abstract_ner_bio_20250221,,,,,,,,
3800,40834621,Application area,283,314,treatment-resistant depression ,0.9548130333423615,biomedbert-abstract_ner_bio_20250221,,,,,,,,
3801,40834621,Application area,315,318,TRD,0.9763162732124329,biomedbert-abstract_ner_bio_20250221,,,,,,,,
3802,40834621,Application area,555,558,TRD,0.9682528972625732,biomedbert-abstract_ner_bio_20250221,,,,,,,,
3803,40834621,Application area,683,686,TRD,0.9679936766624451,biomedbert-abstract_ner_bio_20250221,,,,,,,,
3804,40842948,Dosage,1261,1274,1.5g to 3.5g ,0.8833185264042446,biomedbert-abstract_ner_bio_20250221,1.5 g-3.5 g,1.5,3.5,g,,,,absolute
3805,40844815,Application area,67,87,opioid use disorder ,0.953643282254537,biomedbert-abstract_ner_bio_20250221,,,,,,,,
3806,40844815,Application area,101,115,depression..^ ,0.8777167201042175,biomedbert-abstract_ner_bio_20250221,,,,,,,,
3807,40844815,Application area,127,147,Opioid use disorder ,0.9703563650449117,biomedbert-abstract_ner_bio_20250221,,,,,,,,
3808,40844815,Application area,148,151,OUD,0.9684907793998718,biomedbert-abstract_ner_bio_20250221,,,,,,,,
3809,40844815,Application area,431,442,depression ,0.5763351917266846,biomedbert-abstract_ner_bio_20250221,,,,,,,,
3810,40844815,Application area,457,460,OUD,0.9363172054290771,biomedbert-abstract_ner_bio_20250221,,,,,,,,
3811,40844815,Application area,465,476,depression ,0.6024532914161682,biomedbert-abstract_ner_bio_20250221,,,,,,,,
3812,40844815,Dosage,1012,1022,0.5 mg/kg ,0.9820253948370615,biomedbert-abstract_ner_bio_20250221,0.5 mg/kg,0.5,0.5,mg,kg,1.0,,relative_weight
3813,40850924,Application area,144,173,methamphetamine use disorder ,0.7366712689399719,biomedbert-abstract_ner_bio_20250221,,,,,,,,
3814,40850924,Application area,204,233,Methamphetamine use disorder ,0.8241244355837504,biomedbert-abstract_ner_bio_20250221,,,,,,,,
3815,40850924,Application area,234,238,MeUD,0.8569576740264893,biomedbert-abstract_ner_bio_20250221,,,,,,,,
3816,40850924,Application area,672,677,MeUD ,0.720120906829834,biomedbert-abstract_ner_bio_20250221,,,,,,,,
3817,40850924,Application area,962,966,MeUD,0.6406599879264832,biomedbert-abstract_ner_bio_20250221,,,,,,,,
3818,40850924,Dosage,1277,1292,0.50-0.75 mg/kg,0.9729833602905273,biomedbert-abstract_ner_bio_20250221,0.50-0.75 mg/kg,0.5,0.75,mg,kg,1.0,,relative_weight
3819,40856202,Application area,64,98,treatment-resistant depression..^ ,0.9724084436893463,biomedbert-abstract_ner_bio_20250221,,,,,,,,
3820,40856202,Application area,196,227,treatment-resistant depression ,0.9718182981014252,biomedbert-abstract_ner_bio_20250221,,,,,,,,
3821,40856202,Application area,228,231,TRD,0.9797523021697998,biomedbert-abstract_ner_bio_20250221,,,,,,,,
3822,40858059,Application area,38,49,depression ,0.3416160047054291,biomedbert-abstract_ner_bio_20250221,,,,,,,,
3823,40858059,Dosage,1018,1024,25 mg ,0.9184103310108185,biomedbert-abstract_ner_bio_20250221,25 mg,25.0,25.0,mg,,,,absolute
3824,40858059,Dosage,1232,1238,25 mg ,0.9018142521381378,biomedbert-abstract_ner_bio_20250221,25 mg,25.0,25.0,mg,,,,absolute
3825,40879152,Application area,54,84,Posttraumatic Stress Disorder ,0.9847213625907898,biomedbert-abstract_ner_bio_20250221,,,,,,,,
3826,40879152,Application area,85,89,PTSD,0.9879895448684692,biomedbert-abstract_ner_bio_20250221,,,,,,,,
3827,40879152,Application area,127,157,Posttraumatic stress disorder ,0.980203906695048,biomedbert-abstract_ner_bio_20250221,,,,,,,,
3828,40879152,Application area,158,162,PTSD,0.9853993654251099,biomedbert-abstract_ner_bio_20250221,,,,,,,,
3829,40879152,Application area,594,598,PTSD,0.966937780380249,biomedbert-abstract_ner_bio_20250221,,,,,,,,
3830,40879152,Application area,793,798,PTSD ,0.58833247423172,biomedbert-abstract_ner_bio_20250221,,,,,,,,
3831,40879542,Application area,27,69,Treatment-Resistant Bipolar Depression..^ ,0.9741007515362331,biomedbert-abstract_ner_bio_20250221,,,,,,,,
3832,40879542,Application area,140,179,treatment-resistant bipolar depression ,0.9536990523338318,biomedbert-abstract_ner_bio_20250221,,,,,,,,
3833,40879542,Application area,180,184,TRBD,0.9762399196624756,biomedbert-abstract_ner_bio_20250221,,,,,,,,
3834,40879542,Application area,299,303,TRBD,0.9728948473930359,biomedbert-abstract_ner_bio_20250221,,,,,,,,
3835,40879542,Dosage,430,440,0.5 mg/kg ,0.9813329875469208,biomedbert-abstract_ner_bio_20250221,0.5 mg/kg,0.5,0.5,mg,kg,1.0,,relative_weight
3836,40879542,Dosage,448,461,2.0/2.5 mg/kg,0.959731912612915,biomedbert-abstract_ner_bio_20250221,2.0/2.5 mg/kg,2.0,2.0,mg,kg,1.0,,relative_weight
3837,40882850,Application area,71,74,MDD,0.9074072241783142,biomedbert-abstract_ner_bio_20250221,,,,,,,,
3838,40882850,Application area,80,83,TRD,0.9483603835105896,biomedbert-abstract_ner_bio_20250221,,,,,,,,
3839,40882850,Application area,550,556,major ,0.7521063685417175,biomedbert-abstract_ner_bio_20250221,,,,,,,,
3840,40882850,Application area,577,580,MDD,0.7935061454772949,biomedbert-abstract_ner_bio_20250221,,,,,,,,
3841,40882850,Application area,586,617,treatment-resistant depression ,0.8437725752592087,biomedbert-abstract_ner_bio_20250221,,,,,,,,
3842,40882850,Application area,618,621,TRD,0.8994757533073425,biomedbert-abstract_ner_bio_20250221,,,,,,,,
3843,40882850,Dosage,916,926,0.5 mg/kg ,0.9623076915740967,biomedbert-abstract_ner_bio_20250221,0.5 mg/kg,0.5,0.5,mg,kg,1.0,,relative_weight
3844,40882971,Application area,34,57,Substance Use Disorders,0.9057655533154806,biomedbert-abstract_ner_bio_20250221,,,,,,,,
3845,40882971,Application area,200,224,substance use disorders ,0.9141745169957479,biomedbert-abstract_ner_bio_20250221,,,,,,,,
3846,40882971,Application area,225,229,SUDs,0.883421003818512,biomedbert-abstract_ner_bio_20250221,,,,,,,,
3847,40883964,Application area,72,102,post-traumatic stress disorder,0.9761386990547181,biomedbert-abstract_ner_bio_20250221,,,,,,,,
3848,40883964,Application area,161,192,Post-traumatic stress disorder ,0.9738557457923889,biomedbert-abstract_ner_bio_20250221,,,,,,,,
3849,40883964,Application area,193,197,PTSD,0.9870179295539856,biomedbert-abstract_ner_bio_20250221,,,,,,,,
3850,40883964,Application area,314,345,treatment-resistant depression ,0.9536343514919281,biomedbert-abstract_ner_bio_20250221,,,,,,,,
3851,40883964,Application area,382,386,PTSD,0.9768543839454651,biomedbert-abstract_ner_bio_20250221,,,,,,,,
3852,40883964,Application area,516,520,PTSD,0.9669302105903625,biomedbert-abstract_ner_bio_20250221,,,,,,,,
3853,40883964,Dosage,1713,1718,25 mg,0.9670299589633942,biomedbert-abstract_ner_bio_20250221,25 mg,25.0,25.0,mg,,,,absolute
3854,40885524,Application area,23,43,emergence agitation ,0.5944029688835144,biomedbert-abstract_ner_bio_20250221,,,,,,,,
3855,40885524,Application area,157,167,emergence ,0.634357213973999,biomedbert-abstract_ner_bio_20250221,,,,,,,,
3856,40885524,Application area,381,401,emergence agitation ,0.5995009541511536,biomedbert-abstract_ner_bio_20250221,,,,,,,,
3857,40889616,Application area,66,77,depression ,0.8905050158500671,biomedbert-abstract_ner_bio_20250221,,,,,,,,
3858,40889616,Application area,414,420,major ,0.7413626909255981,biomedbert-abstract_ner_bio_20250221,,,,,,,,
3859,40889616,Application area,441,444,MDD,0.8566678166389465,biomedbert-abstract_ner_bio_20250221,,,,,,,,
3860,40890317,Application area,189,195,grief ,0.5066382884979248,biomedbert-abstract_ner_bio_20250221,,,,,,,,
3861,40894046,Dosage,845,850,25mg ,0.9731221795082092,biomedbert-abstract_ner_bio_20250221,25 mg,25.0,25.0,mg,,,,absolute
3862,40894046,Dosage,853,857,1mg ,0.9741172790527344,biomedbert-abstract_ner_bio_20250221,1 mg,1.0,1.0,mg,,,,absolute
3863,40894046,Dosage,1291,1295,1mg ,0.9367587566375732,biomedbert-abstract_ner_bio_20250221,1 mg,1.0,1.0,mg,,,,absolute
3864,40894046,Dosage,1307,1312,25mg ,0.9295390248298645,biomedbert-abstract_ner_bio_20250221,25 mg,25.0,25.0,mg,,,,absolute
3865,40894333,Application area,60,90,Treatment-Resistant Depression,0.9514919519424438,biomedbert-abstract_ner_bio_20250221,,,,,,,,
3866,40894333,Application area,201,232,treatment-resistant depression ,0.9089879244565964,biomedbert-abstract_ner_bio_20250221,,,,,,,,
3867,40894333,Application area,233,236,TRD,0.971132218837738,biomedbert-abstract_ner_bio_20250221,,,,,,,,
3868,40894333,Dosage,716,722,25 mg ,0.947501927614212,biomedbert-abstract_ner_bio_20250221,25 mg,25.0,25.0,mg,,,,absolute
3869,40896210,Dosage,756,763,1mg/kg ,0.7381539940834045,biomedbert-abstract_ner_bio_20250221,1 mg/kg,1.0,1.0,mg,kg,1.0,,relative_weight
3870,40896210,Dosage,908,915,1mg/kg ,0.9713919361432394,biomedbert-abstract_ner_bio_20250221,1 mg/kg,1.0,1.0,mg,kg,1.0,,relative_weight
3871,40896210,Dosage,952,961,1.4mg/kg ,0.976845896244049,biomedbert-abstract_ner_bio_20250221,1.4 mg/kg,1.4,1.4,mg,kg,1.0,,relative_weight
3872,40899152,Application area,33,43,Depression,0.9429502487182617,biomedbert-abstract_ner_bio_20250221,,,,,,,,
3873,40899152,Application area,101,127,Major depressive disorder ,0.9355147878328959,biomedbert-abstract_ner_bio_20250221,,,,,,,,
3874,40899152,Application area,128,131,MDD,0.9588702321052551,biomedbert-abstract_ner_bio_20250221,,,,,,,,
3875,40899152,Application area,361,371,depression,0.8701661825180054,biomedbert-abstract_ner_bio_20250221,,,,,,,,
3876,40899152,Application area,608,619,depression ,0.6645578145980835,biomedbert-abstract_ner_bio_20250221,,,,,,,,
3877,40900112,Application area,112,142,Treatment-Resistant Depression,0.9632787853479385,biomedbert-abstract_ner_bio_20250221,,,,,,,,
3878,40900112,Application area,590,593,TRD,0.7463638782501221,biomedbert-abstract_ner_bio_20250221,,,,,,,,
3879,40907711,Application area,88,118,Treatment-Resistant Depression,0.9719194769859314,biomedbert-abstract_ner_bio_20250221,,,,,,,,
3880,40907711,Application area,185,216,Treatment-Resistant Depression ,0.9721799045801163,biomedbert-abstract_ner_bio_20250221,,,,,,,,
3881,40907711,Application area,217,220,TRD,0.9834058284759521,biomedbert-abstract_ner_bio_20250221,,,,,,,,
3882,40907711,Application area,269,295,Major Depressive Disorder ,0.9424684047698975,biomedbert-abstract_ner_bio_20250221,,,,,,,,
3883,40907711,Application area,296,299,MDD,0.9745306968688965,biomedbert-abstract_ner_bio_20250221,,,,,,,,
3884,40907711,Application area,415,419,TRD ,0.9490251541137695,biomedbert-abstract_ner_bio_20250221,,,,,,,,
3885,40917239,Dosage,96,101,15 μg,0.8614997863769531,biomedbert-abstract_ner_bio_20250221,15 μg,15.0,15.0,μg,,,,absolute
3886,40917239,Dosage,506,512,15 μg ,0.9357902407646179,biomedbert-abstract_ner_bio_20250221,15 μg,15.0,15.0,μg,,,,absolute
3887,40917239,Dosage,1460,1466,15 µg ,0.7560100257396698,biomedbert-abstract_ner_bio_20250221,15 µg,15.0,15.0,µg,,,,absolute
3888,40930174,Application area,153,172,difficult-to-treat ,0.8497885346412659,biomedbert-abstract_ner_bio_20250221,,,,,,,,
3889,40930174,Application area,175,206,treatment-resistant depression ,0.9491208791732788,biomedbert-abstract_ner_bio_20250221,,,,,,,,
3890,40930174,Application area,207,210,TRD,0.9603362083435059,biomedbert-abstract_ner_bio_20250221,,,,,,,,
3891,40930174,Application area,398,402,TRD ,0.8283839225769043,biomedbert-abstract_ner_bio_20250221,,,,,,,,
3892,40930174,Application area,706,710,TRD ,0.5384532809257507,biomedbert-abstract_ner_bio_20250221,,,,,,,,
3893,40930887,Application area,38,48,Depression,0.6463276743888855,biomedbert-abstract_ner_bio_20250221,,,,,,,,
3894,40930887,Application area,161,177,major depression,0.6335291564464569,biomedbert-abstract_ner_bio_20250221,,,,,,,,
3895,40930887,Application area,329,349,geriatric depression,0.5970423817634583,biomedbert-abstract_ner_bio_20250221,,,,,,,,
3896,40958371,Dosage,1076,1082,100 mg,0.9633819162845612,biomedbert-abstract_ner_bio_20250221,100 mg,100.0,100.0,mg,,,,absolute
3897,40958371,Dosage,1133,1138,20 mg,0.6380141973495483,biomedbert-abstract_ner_bio_20250221,20 mg,20.0,20.0,mg,,,,absolute
3898,40972137,Dosage,1291,1297,25 mg ,0.7083717584609985,biomedbert-abstract_ner_bio_20250221,25 mg,25.0,25.0,mg,,,,absolute
3899,40974230,Application area,40,51,depression ,0.9443486928939819,biomedbert-abstract_ner_bio_20250221,,,,,,,,
3900,40974230,Application area,65,97,borderline personality disorder ,0.8876315355300903,biomedbert-abstract_ner_bio_20250221,,,,,,,,
3901,40974230,Application area,244,254,depression,0.9007454514503479,biomedbert-abstract_ner_bio_20250221,,,,,,,,
3902,40974230,Application area,289,320,borderline personality disorder,0.6679274439811707,biomedbert-abstract_ner_bio_20250221,,,,,,,,
3903,40974230,Application area,400,420,depressive disorders,0.8590750396251678,biomedbert-abstract_ner_bio_20250221,,,,,,,,
3904,40974230,Application area,496,507,depression ,0.9053508639335632,biomedbert-abstract_ner_bio_20250221,,,,,,,,
3905,40974230,Application area,532,563,borderline personality disorder,0.7609033187230428,biomedbert-abstract_ner_bio_20250221,,,,,,,,
3906,40974259,Dosage,898,904,25 mg ,0.8914104700088501,biomedbert-abstract_ner_bio_20250221,25 mg,25.0,25.0,mg,,,,absolute
3907,40999531,Application area,174,191,cocaine addiction,0.7211944460868835,biomedbert-abstract_ner_bio_20250221,,,,,,,,
3908,40999531,Application area,532,553,cocaine use disorder ,0.7430702646573385,biomedbert-abstract_ner_bio_20250221,,,,,,,,
3909,40999531,Application area,554,557,CUD,0.7585065364837646,biomedbert-abstract_ner_bio_20250221,,,,,,,,
3910,41004170,Application area,290,321,treatment-resistant depression ,0.7814197242259979,biomedbert-abstract_ner_bio_20250221,,,,,,,,
3911,41004170,Application area,322,325,TRD,0.6266109943389893,biomedbert-abstract_ner_bio_20250221,,,,,,,,
3912,41026463,Application area,87,97,Depression,0.9263662099838257,biomedbert-abstract_ner_bio_20250221,,,,,,,,
3913,41026463,Application area,301,331,treatment-resistant depression,0.9492964446544647,biomedbert-abstract_ner_bio_20250221,,,,,,,,
3914,41027319,Application area,48,64,major depression,0.9679422080516815,biomedbert-abstract_ner_bio_20250221,,,,,,,,
3915,41027319,Application area,116,147,treatment-resistant depression ,0.9756818562746048,biomedbert-abstract_ner_bio_20250221,,,,,,,,
3916,41027319,Application area,148,151,TRD,0.9776060581207275,biomedbert-abstract_ner_bio_20250221,,,,,,,,
3917,41035622,Dosage,932,939,120 mg ,0.686031848192215,biomedbert-abstract_ner_bio_20250221,120 mg,120.0,120.0,mg,,,,absolute
3918,41036801,Application area,31,53,Ketamine Use Disorders,0.7156597177187601,biomedbert-abstract_ner_bio_20250221,,,,,,,,
3919,41036801,Application area,211,234,Ketamine use disorders ,0.6508689721425375,biomedbert-abstract_ner_bio_20250221,,,,,,,,
3920,41036801,Application area,235,239,KUDs,0.5974516868591309,biomedbert-abstract_ner_bio_20250221,,,,,,,,
3921,41036801,Dosage,909,914,25 mg,0.8151040375232697,biomedbert-abstract_ner_bio_20250221,25 mg,25.0,25.0,mg,,,,absolute
3922,41036801,Dosage,943,948,50 mg,0.7649065256118774,biomedbert-abstract_ner_bio_20250221,50 mg,50.0,50.0,mg,,,,absolute
3923,41050149,Application area,46,76,treatment-resistant depression,0.7864206433296204,biomedbert-abstract_ner_bio_20250221,,,,,,,,
3924,41050149,Application area,436,467,treatment-resistant depression ,0.7620079815387726,biomedbert-abstract_ner_bio_20250221,,,,,,,,
3925,41050149,Application area,468,471,TRD,0.6859840750694275,biomedbert-abstract_ner_bio_20250221,,,,,,,,
3926,41050149,Dosage,693,699,25 mg ,0.8941610753536224,biomedbert-abstract_ner_bio_20250221,25 mg,25.0,25.0,mg,,,,absolute
3927,41051544,Dosage,833,838,20 mg,0.8582405745983124,biomedbert-abstract_ner_bio_20250221,20 mg,20.0,20.0,mg,,,,absolute
3928,41051544,Dosage,847,853,100 mg,0.564629316329956,biomedbert-abstract_ner_bio_20250221,100 mg,100.0,100.0,mg,,,,absolute
3929,41073402,Dosage,1436,1448,0.1-10 mg/kg,0.9529819414019585,biomedbert-abstract_ner_bio_20250221,0.1-10 mg/kg,0.1,10.0,mg,kg,1.0,,relative_weight
3930,41082834,Application area,41,49,anxiety ,0.5006312131881714,biomedbert-abstract_ner_bio_20250221,,,,,,,,
3931,41082834,Dosage,927,941,0.5-1.5 mg/kg ,0.9789277791976929,biomedbert-abstract_ner_bio_20250221,0.5-1.5 mg/kg,0.5,1.5,mg,kg,1.0,,relative_weight
3932,41082834,Dosage,989,1002,45 to 145 mg ,0.9596235156059265,biomedbert-abstract_ner_bio_20250221,45-145 mg,45.0,145.0,mg,,,,absolute
3933,41084764,Application area,201,232,treatment-resistant depression ,0.9742709547281265,biomedbert-abstract_ner_bio_20250221,,,,,,,,
3934,41084764,Application area,233,236,TRD,0.9701123237609863,biomedbert-abstract_ner_bio_20250221,,,,,,,,
3935,41084764,Application area,636,639,TRD,0.5675835609436035,biomedbert-abstract_ner_bio_20250221,,,,,,,,
3936,41086424,Application area,24,47,Postoperative Delirium ,0.7715927064418793,biomedbert-abstract_ner_bio_20250221,,,,,,,,
3937,41086424,Application area,294,317,postoperative delirium ,0.7112946510314941,biomedbert-abstract_ner_bio_20250221,,,,,,,,
3938,41086424,Application area,318,321,POD,0.8677549362182617,biomedbert-abstract_ner_bio_20250221,,,,,,,,
3939,41086424,Application area,444,447,POD,0.8175053000450134,biomedbert-abstract_ner_bio_20250221,,,,,,,,
3940,41089629,Dosage,994,1004,0.5 mg/kg ,0.9654698967933655,biomedbert-abstract_ner_bio_20250221,0.5 mg/kg,0.5,0.5,mg,kg,1.0,,relative_weight
3941,41099491,Application area,184,210,major depressive disorder ,0.9401071468989054,biomedbert-abstract_ner_bio_20250221,,,,,,,,
3942,41099491,Application area,211,214,MDD,0.948304295539856,biomedbert-abstract_ner_bio_20250221,,,,,,,,
3943,41099491,Application area,520,524,MDD ,0.8476018905639648,biomedbert-abstract_ner_bio_20250221,,,,,,,,
3944,41099491,Application area,616,619,MDD,0.9204577207565308,biomedbert-abstract_ner_bio_20250221,,,,,,,,
3945,41099491,Dosage,891,897,20 mg ,0.9443235099315643,biomedbert-abstract_ner_bio_20250221,20 mg,20.0,20.0,mg,,,,absolute
3946,41099491,Dosage,2099,2108,10-15 mg ,0.91263048350811,biomedbert-abstract_ner_bio_20250221,10-15 mg,10.0,15.0,mg,,,,absolute
3947,41101490,Application area,35,72,major depressive and bipolar disorder,0.8656529188156128,biomedbert-abstract_ner_bio_20250221,,,,,,,,
3948,41101490,Dosage,591,599,1 mg/kg ,0.9842934161424637,biomedbert-abstract_ner_bio_20250221,1 mg/kg,1.0,1.0,mg,kg,1.0,,relative_weight
3949,41109203,Application area,85,92,cancer ,0.8472506403923035,biomedbert-abstract_ner_bio_20250221,,,,,,,,
3950,41109203,Application area,96,110,depression..^ ,0.9372888207435608,biomedbert-abstract_ner_bio_20250221,,,,,,,,
3951,41109203,Application area,174,181,cancer-,0.7175044417381287,biomedbert-abstract_ner_bio_20250221,,,,,,,,
3952,41109203,Application area,555,562,cancer ,0.7647042274475098,biomedbert-abstract_ner_bio_20250221,,,,,,,,
3953,41109203,Application area,566,576,depression,0.7922481894493103,biomedbert-abstract_ner_bio_20250221,,,,,,,,
3954,41109417,Application area,55,85,treatment-resistant depression,0.9766409695148468,biomedbert-abstract_ner_bio_20250221,,,,,,,,
3955,41109417,Application area,169,200,Treatment-resistant depression ,0.9740198254585266,biomedbert-abstract_ner_bio_20250221,,,,,,,,
3956,41109417,Application area,201,204,TRD,0.9835076332092285,biomedbert-abstract_ner_bio_20250221,,,,,,,,
3957,41109417,Application area,573,576,TRD,0.9788546562194824,biomedbert-abstract_ner_bio_20250221,,,,,,,,
3958,41109422,Application area,49,66,bipolar disorder ,0.862885057926178,biomedbert-abstract_ner_bio_20250221,,,,,,,,
3959,41109422,Application area,234,251,bipolar disorder ,0.7336174845695496,biomedbert-abstract_ner_bio_20250221,,,,,,,,
3960,41109422,Application area,252,254,BD,0.8435227870941162,biomedbert-abstract_ner_bio_20250221,,,,,,,,
3961,41112936,Application area,472,479,anxiety,0.7029406428337097,biomedbert-abstract_ner_bio_20250221,,,,,,,,
3962,41112936,Application area,481,491,depression,0.49335476756095886,biomedbert-abstract_ner_bio_20250221,,,,,,,,
3963,41112936,Application area,2471,2476,PTSD ,0.6711730360984802,biomedbert-abstract_ner_bio_20250221,,,,,,,,
3964,41112936,Application area,2480,2488,burnout ,0.6182637214660645,biomedbert-abstract_ner_bio_20250221,,,,,,,,
3965,41117281,Application area,108,142,treatment-resistant depression..^ ,0.9666724801063538,biomedbert-abstract_ner_bio_20250221,,,,,,,,
3966,41117281,Application area,258,294,resistant major depressive disorder ,0.9274597316980362,biomedbert-abstract_ner_bio_20250221,,,,,,,,
3967,41117281,Application area,295,298,MDD,0.8897992372512817,biomedbert-abstract_ner_bio_20250221,,,,,,,,
3968,41117281,Application area,379,402,treatment-resistant MDD,0.9397198259830475,biomedbert-abstract_ner_bio_20250221,,,,,,,,
3969,41117281,Application area,500,530,treatment-resistant depression,0.9396397173404694,biomedbert-abstract_ner_bio_20250221,,,,,,,,
3970,41121510,Application area,123,154,Treatment-resistant depression ,0.9731472879648209,biomedbert-abstract_ner_bio_20250221,,,,,,,,
3971,41121510,Application area,155,158,TRD,0.9675213098526001,biomedbert-abstract_ner_bio_20250221,,,,,,,,
3972,41121510,Application area,224,233,suicidal ,0.6305373907089233,biomedbert-abstract_ner_bio_20250221,,,,,,,,
3973,41121510,Application area,334,337,TRD,0.9696076512336731,biomedbert-abstract_ner_bio_20250221,,,,,,,,
3974,41121510,Application area,355,365,depression,0.7447766065597534,biomedbert-abstract_ner_bio_20250221,,,,,,,,
3975,41121510,Application area,394,411,suicidal ideation,0.6523958444595337,biomedbert-abstract_ner_bio_20250221,,,,,,,,
3976,41123905,Application area,70,80,Depression,0.4927366077899933,biomedbert-abstract_ner_bio_20250221,,,,,,,,
3977,41123905,Application area,223,240,major depression ,0.6485463827848434,biomedbert-abstract_ner_bio_20250221,,,,,,,,
3978,41123905,Dosage,1143,1152,0.5 mg/kg,0.9483292798201243,biomedbert-abstract_ner_bio_20250221,0.5 mg/kg,0.5,0.5,mg,kg,1.0,,relative_weight
3979,41123905,Application area,2533,2544,depressive ,0.4899902641773224,biomedbert-abstract_ner_bio_20250221,,,,,,,,
3980,41132547,Application area,2974,2984,depression,0.5860881209373474,biomedbert-abstract_ner_bio_20250221,,,,,,,,
3981,41134316,Application area,34,55,resistant depression ,0.930674284696579,biomedbert-abstract_ner_bio_20250221,,,,,,,,
3982,41134316,Application area,186,232,treatment-resistant major depressive disorder ,0.9168797334035238,biomedbert-abstract_ner_bio_20250221,,,,,,,,
3983,41134316,Application area,243,261,suicidal ideation ,0.754128098487854,biomedbert-abstract_ner_bio_20250221,,,,,,,,
3984,41152407,Application area,37,53,major depression,0.9172203242778778,biomedbert-abstract_ner_bio_20250221,,,,,,,,
3985,41152407,Application area,55,77,postpartum depression ,0.9213644564151764,biomedbert-abstract_ner_bio_20250221,,,,,,,,
3986,41152407,Application area,81,105,perioperative depression,0.8846803903579712,biomedbert-abstract_ner_bio_20250221,,,,,,,,
3987,41152407,Application area,219,245,major depressive disorder ,0.8958371678988138,biomedbert-abstract_ner_bio_20250221,,,,,,,,
3988,41152407,Application area,246,249,MDD,0.9522956013679504,biomedbert-abstract_ner_bio_20250221,,,,,,,,
3989,41152407,Application area,253,284,treatment resistant depression ,0.934661070505778,biomedbert-abstract_ner_bio_20250221,,,,,,,,
3990,41152407,Application area,285,288,TRD,0.9093042612075806,biomedbert-abstract_ner_bio_20250221,,,,,,,,
3991,41152407,Application area,302,324,postpartum depression ,0.9296076595783234,biomedbert-abstract_ner_bio_20250221,,,,,,,,
3992,41152407,Application area,325,328,PPD,0.9501249194145203,biomedbert-abstract_ner_bio_20250221,,,,,,,,
3993,41152407,Application area,334,358,postoperative depression,0.9167928397655487,biomedbert-abstract_ner_bio_20250221,,,,,,,,
3994,41152967,Application area,93,108,advanced cancer,0.6971021294593811,biomedbert-abstract_ner_bio_20250221,,,,,,,,
3995,41152967,Application area,188,204,advanced cancer ,0.583324521780014,biomedbert-abstract_ner_bio_20250221,,,,,,,,
3996,41173838,Application area,101,105,MDD ,0.9838200807571411,biomedbert-abstract_ner_bio_20250221,,,,,,,,
3997,41173838,Application area,109,113,PTSD,0.9599178433418274,biomedbert-abstract_ner_bio_20250221,,,,,,,,
3998,41173838,Application area,132,158,Major depressive disorder ,0.9635836680730184,biomedbert-abstract_ner_bio_20250221,,,,,,,,
3999,41173838,Application area,159,162,MDD,0.975864589214325,biomedbert-abstract_ner_bio_20250221,,,,,,,,
4000,41173838,Application area,168,198,posttraumatic stress disorder ,0.9610113302866617,biomedbert-abstract_ner_bio_20250221,,,,,,,,
4001,41173838,Application area,199,203,PTSD,0.9773401021957397,biomedbert-abstract_ner_bio_20250221,,,,,,,,
4002,41173838,Application area,457,488,Treatment Resistant Depression ,0.9468039870262146,biomedbert-abstract_ner_bio_20250221,,,,,,,,
4003,41173838,Application area,489,492,TRD,0.9766853451728821,biomedbert-abstract_ner_bio_20250221,,,,,,,,
4004,41173838,Application area,498,502,PTSD,0.9495756030082703,biomedbert-abstract_ner_bio_20250221,,,,,,,,
4005,41173838,Application area,628,639,depression ,0.8811987042427063,biomedbert-abstract_ner_bio_20250221,,,,,,,,
4006,41173838,Application area,646,652,trauma,0.833888590335846,biomedbert-abstract_ner_bio_20250221,,,,,,,,
4007,41173838,Dosage,933,943,0.5 mg/kg ,0.9860488971074423,biomedbert-abstract_ner_bio_20250221,0.5 mg/kg,0.5,0.5,mg,kg,1.0,,relative_weight
4008,41173871,Application area,40,60,depressive disorders,0.7705782055854797,biomedbert-abstract_ner_bio_20250221,,,,,,,,
4009,41173871,Application area,561,591,treatment-resistant depression,0.8109040409326553,biomedbert-abstract_ner_bio_20250221,,,,,,,,
4010,41176897,Application area,65,91,major depressive disorder ,0.9585313200950623,biomedbert-abstract_ner_bio_20250221,,,,,,,,
4011,41176897,Application area,95,125,treatment-resistant depression,0.9630399495363235,biomedbert-abstract_ner_bio_20250221,,,,,,,,
4012,41176897,Application area,232,258,major depressive disorder ,0.9285567800203959,biomedbert-abstract_ner_bio_20250221,,,,,,,,
4013,41176897,Application area,259,262,MDD,0.9652888178825378,biomedbert-abstract_ner_bio_20250221,,,,,,,,
4014,41176897,Application area,267,298,treatment-resistant depression ,0.9550212323665619,biomedbert-abstract_ner_bio_20250221,,,,,,,,
4015,41176897,Application area,299,302,TRD,0.9763532280921936,biomedbert-abstract_ner_bio_20250221,,,,,,,,
4016,41176897,Application area,471,474,MDD,0.9611877202987671,biomedbert-abstract_ner_bio_20250221,,,,,,,,
4017,41176897,Application area,475,478,TRD,0.950619101524353,biomedbert-abstract_ner_bio_20250221,,,,,,,,
4018,41176897,Application area,556,560,TRD ,0.9761385917663574,biomedbert-abstract_ner_bio_20250221,,,,,,,,
4019,41177271,Application area,18,34,bipolar disorder,0.9215755760669708,biomedbert-abstract_ner_bio_20250221,,,,,,,,
4020,41177271,Application area,76,93,Bipolar disorder ,0.9315890669822693,biomedbert-abstract_ner_bio_20250221,,,,,,,,
4021,41177271,Application area,94,96,BD,0.9415760040283203,biomedbert-abstract_ner_bio_20250221,,,,,,,,
4022,41177271,Application area,188,202,BD depression ,0.8740005195140839,biomedbert-abstract_ner_bio_20250221,,,,,,,,
4023,41177271,Application area,280,283,BD ,0.8723795413970947,biomedbert-abstract_ner_bio_20250221,,,,,,,,
4024,41177271,Application area,398,412,BD depression ,0.8809449374675751,biomedbert-abstract_ner_bio_20250221,,,,,,,,
4025,41184102,Application area,32,47,demoralisation ,0.8922284841537476,biomedbert-abstract_ner_bio_20250221,,,,,,,,
4026,41184102,Application area,228,243,demoralisation ,0.8716003894805908,biomedbert-abstract_ner_bio_20250221,,,,,,,,
4027,41184102,Dosage,555,561,25 mg ,0.9739367961883545,biomedbert-abstract_ner_bio_20250221,25 mg,25.0,25.0,mg,,,,absolute
4028,41186022,Application area,36,40,PTSD,0.8905516266822815,biomedbert-abstract_ner_bio_20250221,,,,,,,,
4029,41186022,Application area,132,162,Posttraumatic stress disorder ,0.8531845410664877,biomedbert-abstract_ner_bio_20250221,,,,,,,,
4030,41186022,Application area,163,167,PTSD,0.8596781492233276,biomedbert-abstract_ner_bio_20250221,,,,,,,,
4031,41186022,Application area,644,648,PTSD,0.8632816672325134,biomedbert-abstract_ner_bio_20250221,,,,,,,,
4032,41186022,Application area,1096,1100,PTSD,0.7934300899505615,biomedbert-abstract_ner_bio_20250221,,,,,,,,
4033,41186022,Dosage,1280,1290,37.5-75 mg,0.8439525713523229,biomedbert-abstract_ner_bio_20250221,37.5-75 mg,37.5,75.0,mg,,,,absolute
4034,41186141,Application area,38,87,refractory motor functional neurological disorder,0.9695534467697143,biomedbert-abstract_ner_bio_20250221,,,,,,,,
4035,41186141,Application area,158,197,Motor functional neurological disorder ,0.9734447449445724,biomedbert-abstract_ner_bio_20250221,,,,,,,,
4036,41186141,Application area,198,201,FND,0.9528436660766602,biomedbert-abstract_ner_bio_20250221,,,,,,,,
4037,41186141,Application area,791,811,refractory motor FND,0.7740358511606852,biomedbert-abstract_ner_bio_20250221,,,,,,,,
4038,41186141,Dosage,1041,1046,15 mg,0.9730560481548309,biomedbert-abstract_ner_bio_20250221,15 mg,15.0,15.0,mg,,,,absolute
4039,41186141,Dosage,1127,1133,25 mg ,0.9690237045288086,biomedbert-abstract_ner_bio_20250221,25 mg,25.0,25.0,mg,,,,absolute
4040,41190692,Application area,32,36,PTSD,0.9799884557723999,biomedbert-abstract_ner_bio_20250221,,,,,,,,
4041,41190692,Application area,90,120,Posttraumatic stress disorder ,0.9728566805521647,biomedbert-abstract_ner_bio_20250221,,,,,,,,
4042,41190692,Application area,121,125,PTSD,0.9848484396934509,biomedbert-abstract_ner_bio_20250221,,,,,,,,
4043,41190692,Application area,419,424,PTSD ,0.7724653482437134,biomedbert-abstract_ner_bio_20250221,,,,,,,,
4044,41190692,Application area,722,727,PTSD ,0.8323172330856323,biomedbert-abstract_ner_bio_20250221,,,,,,,,
4045,41201277,Application area,13,30,major depression ,0.953605979681015,biomedbert-abstract_ner_bio_20250221,,,,,,,,
4046,41201277,Application area,110,136,Major depressive disorder ,0.9631629784901937,biomedbert-abstract_ner_bio_20250221,,,,,,,,
4047,41201277,Application area,137,140,MDD,0.9644699692726135,biomedbert-abstract_ner_bio_20250221,,,,,,,,
4048,41201277,Application area,509,514,mood ,0.5169588327407837,biomedbert-abstract_ner_bio_20250221,,,,,,,,
4049,41202873,Application area,19,44,major depressive disorder,0.9677290717760721,biomedbert-abstract_ner_bio_20250221,,,,,,,,
4050,41202873,Application area,82,108,Major depressive disorder ,0.9538820584615072,biomedbert-abstract_ner_bio_20250221,,,,,,,,
4051,41202873,Application area,109,112,MDD,0.9739423990249634,biomedbert-abstract_ner_bio_20250221,,,,,,,,
4052,41202873,Application area,392,418,major depressive disorder ,0.8438412149747213,biomedbert-abstract_ner_bio_20250221,,,,,,,,
4053,41202873,Dosage,580,585,8 μg ,0.9655814170837402,biomedbert-abstract_ner_bio_20250221,8 μg,8.0,8.0,μg,,,,absolute
4054,41202873,Dosage,601,609,6-20 μg ,0.9194098860025406,biomedbert-abstract_ner_bio_20250221,6-20 μg,6.0,20.0,μg,,,,absolute
4055,41205366,Application area,1859,1864,PTSD ,0.5926576256752014,biomedbert-abstract_ner_bio_20250221,,,,,,,,
4056,41208129,Application area,218,226,alcohol ,0.7450739741325378,biomedbert-abstract_ner_bio_20250221,,,,,,,,
4057,41208129,Application area,240,243,AUD,0.8498783707618713,biomedbert-abstract_ner_bio_20250221,,,,,,,,
4058,41208129,Application area,364,367,AUD,0.6046572923660278,biomedbert-abstract_ner_bio_20250221,,,,,,,,
4059,41224612,Application area,34,45,depression ,0.8164211511611938,biomedbert-abstract_ner_bio_20250221,,,,,,,,
4060,41228035,Application area,115,141,Substance Use Disorder..^ ,0.9358585715293884,biomedbert-abstract_ner_bio_20250221,,,,,,,,
4061,41228035,Application area,204,227,substance use disorder ,0.8956935803095499,biomedbert-abstract_ner_bio_20250221,,,,,,,,
4062,41228035,Application area,228,231,SUD,0.9331967234611511,biomedbert-abstract_ner_bio_20250221,,,,,,,,
4063,41228035,Application area,322,325,SUD,0.8184633851051331,biomedbert-abstract_ner_bio_20250221,,,,,,,,
4064,41228035,Application area,404,407,SM ,0.5712725520133972,biomedbert-abstract_ner_bio_20250221,,,,,,,,
4065,41228035,Application area,564,568,SUD ,0.8211750984191895,biomedbert-abstract_ner_bio_20250221,,,,,,,,
4066,41235115,Application area,67,92,major depressive disorder,0.9808453917503357,biomedbert-abstract_ner_bio_20250221,,,,,,,,
4067,41235115,Application area,233,259,major depressive disorder ,0.9745784401893616,biomedbert-abstract_ner_bio_20250221,,,,,,,,
4068,41235115,Application area,260,263,MDD,0.969311535358429,biomedbert-abstract_ner_bio_20250221,,,,,,,,
4069,41235115,Application area,381,385,MDD ,0.9419233202934265,biomedbert-abstract_ner_bio_20250221,,,,,,,,
4070,41249146,Application area,55,72,suicidal ideation,0.9494948983192444,biomedbert-abstract_ner_bio_20250221,,,,,,,,
4071,41249146,Application area,109,127,Suicidal ideation ,0.9427885115146637,biomedbert-abstract_ner_bio_20250221,,,,,,,,
4072,41249146,Application area,128,130,SI,0.8978776931762695,biomedbert-abstract_ner_bio_20250221,,,,,,,,
4073,41249146,Application area,222,229,suicide,0.6901023387908936,biomedbert-abstract_ner_bio_20250221,,,,,,,,
4074,41249146,Application area,303,305,SI,0.8538030385971069,biomedbert-abstract_ner_bio_20250221,,,,,,,,
4075,41249146,Application area,365,368,SI ,0.8308092355728149,biomedbert-abstract_ner_bio_20250221,,,,,,,,
4076,41249146,Application area,491,494,SI ,0.847724974155426,biomedbert-abstract_ner_bio_20250221,,,,,,,,
4077,41255293,Application area,23,41,Acute Suicidality ,0.73778235912323,biomedbert-abstract_ner_bio_20250221,,,,,,,,
4078,41255293,Application area,230,251,Acute Suicidality..^ ,0.8308623731136322,biomedbert-abstract_ner_bio_20250221,,,,,,,,
4079,41255293,Application area,263,275,Suicidality ,0.9438725709915161,biomedbert-abstract_ner_bio_20250221,,,,,,,,
4080,41255293,Application area,389,420,treatment-resistant depression ,0.8510920256376266,biomedbert-abstract_ner_bio_20250221,,,,,,,,
4081,41255293,Application area,446,454,related ,0.6306905746459961,biomedbert-abstract_ner_bio_20250221,,,,,,,,
4082,41255293,Application area,454,466,suicidality ,0.40413886308670044,biomedbert-abstract_ner_bio_20250221,,,,,,,,
4083,41255293,Application area,535,547,suicidality ,0.9273624420166016,biomedbert-abstract_ner_bio_20250221,,,,,,,,
4084,41255293,Dosage,612,618,75 mg ,0.9701619446277618,biomedbert-abstract_ner_bio_20250221,75 mg,75.0,75.0,mg,,,,absolute
4085,41255293,Application area,651,657,acute ,0.5322372913360596,biomedbert-abstract_ner_bio_20250221,,,,,,,,
4086,41255293,Application area,657,669,suicidality ,0.7057088017463684,biomedbert-abstract_ner_bio_20250221,,,,,,,,
4087,41255293,Dosage,1053,1058,75 mg,0.977435827255249,biomedbert-abstract_ner_bio_20250221,75 mg,75.0,75.0,mg,,,,absolute
4088,41257994,Application area,27,38,depression ,0.8481588363647461,biomedbert-abstract_ner_bio_20250221,,,,,,,,
4089,41257994,Dosage,676,682,25 mg ,0.9804151356220245,biomedbert-abstract_ner_bio_20250221,25 mg,25.0,25.0,mg,,,,absolute
4090,41257994,Dosage,788,793,1 mg ,0.9825848042964935,biomedbert-abstract_ner_bio_20250221,1 mg,1.0,1.0,mg,,,,absolute
4091,41261994,Application area,0,0,,0.7503843754529953,biomedbert-abstract_ner_bio_20250221,,,,,,,,
4092,41261994,Application area,122,125,DoC,0.8118413686752319,biomedbert-abstract_ner_bio_20250221,,,,,,,,
4093,41261994,Application area,138,151,unresponsive ,0.603265106678009,biomedbert-abstract_ner_bio_20250221,,,,,,,,
4094,41261994,Application area,182,192,minimally ,0.5817273855209351,biomedbert-abstract_ner_bio_20250221,,,,,,,,
4095,41261994,Application area,209,212,MCS,0.5699061751365662,biomedbert-abstract_ner_bio_20250221,,,,,,,,
4096,41262415,Application area,27,69,treatment-resistant bipolar depression..^ ,0.8734381454331535,biomedbert-abstract_ner_bio_20250221,,,,,,,,
4097,41262415,Application area,118,157,treatment-resistant bipolar depression ,0.8364278197288513,biomedbert-abstract_ner_bio_20250221,,,,,,,,
4098,41262415,Application area,158,162,TRBD,0.724179744720459,biomedbert-abstract_ner_bio_20250221,,,,,,,,
4099,41262415,Dosage,945,955,0.5 mg/kg ,0.9038582245508829,biomedbert-abstract_ner_bio_20250221,0.5 mg/kg,0.5,0.5,mg,kg,1.0,,relative_weight
4100,41265303,Application area,73,92,prenatal depression,0.9320289492607117,biomedbert-abstract_ner_bio_20250221,,,,,,,,
4101,41265303,Application area,139,161,Postpartum depression ,0.9437958300113678,biomedbert-abstract_ner_bio_20250221,,,,,,,,
4102,41265303,Application area,162,165,PPD,0.9475785493850708,biomedbert-abstract_ner_bio_20250221,,,,,,,,
4103,41265303,Application area,237,240,PPD,0.7633271217346191,biomedbert-abstract_ner_bio_20250221,,,,,,,,
4104,41265303,Application area,290,310,prenatal depression ,0.9265285730361938,biomedbert-abstract_ner_bio_20250221,,,,,,,,
4105,41265303,Application area,417,421,PPD ,0.7203779816627502,biomedbert-abstract_ner_bio_20250221,,,,,,,,
4106,41265303,Dosage,784,795,0.25 mg/kg ,0.9771597683429718,biomedbert-abstract_ner_bio_20250221,0.25 mg/kg,0.25,0.25,mg,kg,1.0,,relative_weight
4107,41265303,Dosage,958,969,1.25 mg/kg ,0.9772980411847433,biomedbert-abstract_ner_bio_20250221,1.25 mg/kg,1.25,1.25,mg,kg,1.0,,relative_weight
4108,41265657,Application area,126,147,depressive disorders ,0.8608121275901794,biomedbert-abstract_ner_bio_20250221,,,,,,,,
4109,41265657,Application area,151,168,anxiety disorders,0.8641797006130219,biomedbert-abstract_ner_bio_20250221,,,,,,,,
4110,41265657,Application area,325,357,depressive and anxiety disorders,0.6590150892734528,biomedbert-abstract_ner_bio_20250221,,,,,,,,
4111,41265657,Application area,581,604,depression and anxiety ,0.7674800157546997,biomedbert-abstract_ner_bio_20250221,,,,,,,,
4112,41285295,Application area,60,90,treatment-resistant depression,0.9679286330938339,biomedbert-abstract_ner_bio_20250221,,,,,,,,
4113,41285295,Application area,200,252,treatment-resistant unipolar and bipolar depression ,0.9640019961765834,biomedbert-abstract_ner_bio_20250221,,,,,,,,
4114,41285295,Application area,253,256,TRD,0.9679283499717712,biomedbert-abstract_ner_bio_20250221,,,,,,,,
4115,41285295,Application area,258,262,TRBD,0.9366860389709473,biomedbert-abstract_ner_bio_20250221,,,,,,,,
4116,41285295,Application area,408,411,TRD,0.9660418629646301,biomedbert-abstract_ner_bio_20250221,,,,,,,,
4117,41299383,Application area,35,55,depressive symptoms ,0.6391719877719879,biomedbert-abstract_ner_bio_20250221,,,,,,,,
4118,41299383,Application area,75,106,treatment-resistant depression ,0.9642605483531952,biomedbert-abstract_ner_bio_20250221,,,,,,,,
4119,41299383,Application area,145,176,Treatment-resistant depression ,0.9664395302534103,biomedbert-abstract_ner_bio_20250221,,,,,,,,
4120,41299383,Application area,177,180,TRD,0.9753130674362183,biomedbert-abstract_ner_bio_20250221,,,,,,,,
4121,41299383,Application area,305,330,major depressive episode ,0.7723456025123596,biomedbert-abstract_ner_bio_20250221,,,,,,,,
4122,41299383,Application area,331,334,MDE,0.8086877465248108,biomedbert-abstract_ner_bio_20250221,,,,,,,,
4123,41299383,Application area,430,434,TRD ,0.9413060545921326,biomedbert-abstract_ner_bio_20250221,,,,,,,,
4124,41299383,Application area,665,668,TRD,0.9674357175827026,biomedbert-abstract_ner_bio_20250221,,,,,,,,
4125,41299383,Application area,810,814,TRD ,0.9583646655082703,biomedbert-abstract_ner_bio_20250221,,,,,,,,
4126,41305961,Dosage,782,788,75-μg ,0.9282262325286865,biomedbert-abstract_ner_bio_20250221,75 μg,75.0,75.0,μg,,,,absolute
4127,41308888,Application area,118,137,bipolar depression ,0.9544200301170349,biomedbert-abstract_ner_bio_20250221,,,,,,,,
4128,41308888,Application area,145,174,major depressive disorder..^ ,0.9722722291946411,biomedbert-abstract_ner_bio_20250221,,,,,,,,
4129,41308888,Application area,275,321,treatment-resistant major depressive disorder ,0.9477549493312836,biomedbert-abstract_ner_bio_20250221,,,,,,,,
4130,41308888,Application area,322,325,MDD,0.9713199138641357,biomedbert-abstract_ner_bio_20250221,,,,,,,,
4131,41308888,Application area,330,347,bipolar disorder ,0.9188753962516785,biomedbert-abstract_ner_bio_20250221,,,,,,,,
4132,41308888,Application area,348,350,BD,0.9517727494239807,biomedbert-abstract_ner_bio_20250221,,,,,,,,
4133,41308888,Dosage,854,863,0.5 mg/kg,0.9826473891735077,biomedbert-abstract_ner_bio_20250221,0.5 mg/kg,0.5,0.5,mg,kg,1.0,,relative_weight
4134,41309552,Application area,130,144,depression..^ ,0.8084035217761993,biomedbert-abstract_ner_bio_20250221,,,,,,,,
4135,41309552,Application area,202,212,depression,0.9033510088920593,biomedbert-abstract_ner_bio_20250221,,,,,,,,
4136,41309552,Application area,429,440,depression ,0.8358988165855408,biomedbert-abstract_ner_bio_20250221,,,,,,,,
4137,41309552,Application area,602,612,depression,0.8020943403244019,biomedbert-abstract_ner_bio_20250221,,,,,,,,
4138,41309552,Dosage,957,966,0.5 mg/kg,0.9865505894025167,biomedbert-abstract_ner_bio_20250221,0.5 mg/kg,0.5,0.5,mg,kg,1.0,,relative_weight
4139,41310599,Application area,29,69,"mine for ""treatment resistant depression",0.8622278273105621,biomedbert-abstract_ner_bio_20250221,,,,,,,,
4140,41310599,Application area,290,321,treatment-resistant depression ,0.8714785724878311,biomedbert-abstract_ner_bio_20250221,,,,,,,,
4141,41310599,Application area,322,325,TRD,0.7956205010414124,biomedbert-abstract_ner_bio_20250221,,,,,,,,
4142,41314362,Dosage,854,864,0.1-0.5 g ,0.9447881132364273,biomedbert-abstract_ner_bio_20250221,0.1-0.5 g,0.1,0.5,g,,,,absolute
4143,41314362,Dosage,876,886,6.5-20 µg ,0.6831521888573965,biomedbert-abstract_ner_bio_20250221,6.5-20 µg,6.5,20.0,µg,,,,absolute
4144,41326978,Application area,35,65,Posttraumatic Stress Disorder ,0.9789878527323405,biomedbert-abstract_ner_bio_20250221,,,,,,,,
4145,41326978,Application area,66,70,PTSD,0.9811796545982361,biomedbert-abstract_ner_bio_20250221,,,,,,,,
4146,41326978,Application area,110,140,Posttraumatic stress disorder ,0.9723256627718607,biomedbert-abstract_ner_bio_20250221,,,,,,,,
4147,41326978,Application area,141,145,PTSD,0.9807422161102295,biomedbert-abstract_ner_bio_20250221,,,,,,,,
4148,41326978,Application area,276,280,PTSD,0.9769919514656067,biomedbert-abstract_ner_bio_20250221,,,,,,,,
4149,41326978,Application area,325,330,PTSD ,0.9788265228271484,biomedbert-abstract_ner_bio_20250221,,,,,,,,
4150,41326978,Application area,443,448,PTSD ,0.979536771774292,biomedbert-abstract_ner_bio_20250221,,,,,,,,
4151,41326978,Application area,548,552,PTSD,0.9772547483444214,biomedbert-abstract_ner_bio_20250221,,,,,,,,
4152,41326978,Application area,769,774,PTSD ,0.7369465827941895,biomedbert-abstract_ner_bio_20250221,,,,,,,,
4153,41326978,Dosage,1311,1319,0.2mg/kg,0.9833643317222596,biomedbert-abstract_ner_bio_20250221,0.2 mg/kg,0.2,0.2,mg,kg,1.0,,relative_weight
4154,41326978,Dosage,1408,1416,0.5mg/kg,0.9839378833770752,biomedbert-abstract_ner_bio_20250221,0.5 mg/kg,0.5,0.5,mg,kg,1.0,,relative_weight
4155,41330512,Application area,44,48,PTSD,0.961342990398407,biomedbert-abstract_ner_bio_20250221,,,,,,,,
4156,41330512,Application area,235,266,post-traumatic stress disorder ,0.9371655702590942,biomedbert-abstract_ner_bio_20250221,,,,,,,,
4157,41330512,Application area,267,271,PTSD,0.9703822135925293,biomedbert-abstract_ner_bio_20250221,,,,,,,,
4158,41330512,Application area,519,524,PTSD ,0.8438411355018616,biomedbert-abstract_ner_bio_20250221,,,,,,,,
4159,41342247,Dosage,548,550,1 ,0.5397167801856995,biomedbert-abstract_ner_bio_20250221,1,1.0,1.0,,,,,absolute
4160,41344230,Application area,26,51,major depressive disorder,0.9849925637245178,biomedbert-abstract_ner_bio_20250221,,,,,,,,
4161,41344230,Application area,117,143,Major depressive disorder ,0.9779409766197205,biomedbert-abstract_ner_bio_20250221,,,,,,,,
4162,41344230,Application area,144,147,MDD,0.9800366759300232,biomedbert-abstract_ner_bio_20250221,,,,,,,,
4163,41344230,Application area,321,324,MDD,0.959904134273529,biomedbert-abstract_ner_bio_20250221,,,,,,,,
4164,41344230,Application area,432,435,MDD,0.9427865147590637,biomedbert-abstract_ner_bio_20250221,,,,,,,,
4165,41359009,Application area,46,77,Treatment-Resistant Depression ,0.964338093996048,biomedbert-abstract_ner_bio_20250221,,,,,,,,
4166,41359009,Application area,127,158,Treatment-resistant depression ,0.9626849293708801,biomedbert-abstract_ner_bio_20250221,,,,,,,,
4167,41359009,Application area,159,162,TRD,0.9805089235305786,biomedbert-abstract_ner_bio_20250221,,,,,,,,
4168,41359009,Application area,336,339,TRD,0.9671332240104675,biomedbert-abstract_ner_bio_20250221,,,,,,,,
4169,41359009,Application area,582,585,TRD,0.9648833274841309,biomedbert-abstract_ner_bio_20250221,,,,,,,,
4170,41362594,Application area,37,47,depression,0.7731051445007324,biomedbert-abstract_ner_bio_20250221,,,,,,,,
4171,41362594,Application area,135,156,Depressive disorders ,0.6116046607494354,biomedbert-abstract_ner_bio_20250221,,,,,,,,
4172,41362594,Application area,437,463,major depressive disorder ,0.8072641094525655,biomedbert-abstract_ner_bio_20250221,,,,,,,,
4173,41362594,Application area,464,467,MDD,0.5975980162620544,biomedbert-abstract_ner_bio_20250221,,,,,,,,
4174,41362594,Application area,682,685,MDD,0.6020612716674805,biomedbert-abstract_ner_bio_20250221,,,,,,,,
4175,41368982,Application area,49,69,alcohol use disorder,0.7837902108828226,biomedbert-abstract_ner_bio_20250221,,,,,,,,
4176,41368982,Application area,185,206,alcohol use disorder ,0.6937588453292847,biomedbert-abstract_ner_bio_20250221,,,,,,,,
4177,41368982,Application area,207,210,AUD,0.647851288318634,biomedbert-abstract_ner_bio_20250221,,,,,,,,
4178,41368982,Dosage,980,986,10 mg ,0.8303043842315674,biomedbert-abstract_ner_bio_20250221,10 mg,10.0,10.0,mg,,,,absolute
4179,41368982,Dosage,2787,2792,10 mg,0.7926733493804932,biomedbert-abstract_ner_bio_20250221,10 mg,10.0,10.0,mg,,,,absolute
4180,41392767,Application area,38,87,treatment-resistant obsessive-compulsive disorder,0.9755732502256121,biomedbert-abstract_ner_bio_20250221,,,,,,,,
4181,41392767,Application area,143,173,Obsessive-compulsive disorder ,0.9746133536100388,biomedbert-abstract_ner_bio_20250221,,,,,,,,
4182,41392767,Application area,174,177,OCD,0.9715033769607544,biomedbert-abstract_ner_bio_20250221,,,,,,,,
4183,41392767,Application area,381,385,OCD ,0.9622024297714233,biomedbert-abstract_ner_bio_20250221,,,,,,,,
4184,41392767,Application area,612,616,OCD ,0.9260134696960449,biomedbert-abstract_ner_bio_20250221,,,,,,,,
4185,41392767,Application area,735,758,treatment-resistant OCD,0.64124496281147,biomedbert-abstract_ner_bio_20250221,,,,,,,,
4186,41392767,Application area,824,847,treatment-resistant OCD,0.7161172181367874,biomedbert-abstract_ner_bio_20250221,,,,,,,,
4187,41392767,Application area,978,1001,treatment-resistant OCD,0.6307021230459213,biomedbert-abstract_ner_bio_20250221,,,,,,,,
4188,41392767,Dosage,1102,1108,25 mg ,0.9689352810382843,biomedbert-abstract_ner_bio_20250221,25 mg,25.0,25.0,mg,,,,absolute
4189,41407123,Application area,61,91,treatment-resistant depression,0.9747016876935959,biomedbert-abstract_ner_bio_20250221,,,,,,,,
4190,41407123,Application area,148,179,Treatment-resistant depression ,0.970085471868515,biomedbert-abstract_ner_bio_20250221,,,,,,,,
4191,41407123,Application area,180,183,TRD,0.984514594078064,biomedbert-abstract_ner_bio_20250221,,,,,,,,
4192,41410115,Application area,59,73,depression..^ ,0.8154670397440592,biomedbert-abstract_ner_bio_20250221,,,,,,,,
4193,41410115,Application area,127,138,depression ,0.8127930760383606,biomedbert-abstract_ner_bio_20250221,,,,,,,,
4194,41410115,Application area,428,438,depression,0.8306291103363037,biomedbert-abstract_ner_bio_20250221,,,,,,,,
4195,41410211,Application area,531,542,depression ,0.6941890120506287,biomedbert-abstract_ner_bio_20250221,,,,,,,,
4196,41410211,Application area,549,556,anxiety,0.6829442381858826,biomedbert-abstract_ner_bio_20250221,,,,,,,,
4197,41417647,Application area,55,60,PTSD ,0.8593990802764893,biomedbert-abstract_ner_bio_20250221,,,,,,,,
4198,41417647,Application area,64,72,anxiety ,0.7699766755104065,biomedbert-abstract_ner_bio_20250221,,,,,,,,
4199,41417647,Application area,129,141,Chronic pain,0.6299909353256226,biomedbert-abstract_ner_bio_20250221,,,,,,,,
4200,41417647,Application area,143,150,anxiety,0.7386506795883179,biomedbert-abstract_ner_bio_20250221,,,,,,,,
4201,41417647,Application area,152,162,depression,0.7072991728782654,biomedbert-abstract_ner_bio_20250221,,,,,,,,
4202,41417647,Application area,168,198,posttraumatic stress disorder ,0.6093236605326334,biomedbert-abstract_ner_bio_20250221,,,,,,,,
4203,41417647,Application area,199,203,PTSD,0.8517122268676758,biomedbert-abstract_ner_bio_20250221,,,,,,,,
4204,41417647,Application area,318,331,chronic pain ,0.5794591903686523,biomedbert-abstract_ner_bio_20250221,,,,,,,,
4205,41417647,Application area,477,484,anxiety,0.7818716764450073,biomedbert-abstract_ner_bio_20250221,,,,,,,,
4206,41417647,Application area,486,496,depression,0.726538896560669,biomedbert-abstract_ner_bio_20250221,,,,,,,,
4207,41417647,Application area,502,506,PTSD,0.8229849338531494,biomedbert-abstract_ner_bio_20250221,,,,,,,,
4208,41417647,Dosage,905,917,3 μg/kg/min ,0.9782884319623312,biomedbert-abstract_ner_bio_20250221,3 μg/kg/min,3.0,3.0,μg,kg,1.0,min,relative_weight_time
4209,41424164,Application area,108,140,methamphetamine use disorder..^ ,0.9014893054962159,biomedbert-abstract_ner_bio_20250221,,,,,,,,
4210,41424164,Application area,216,232,methamphetamine ,0.599158525466919,biomedbert-abstract_ner_bio_20250221,,,,,,,,
4211,41424164,Application area,233,235,MA,0.6601300835609436,biomedbert-abstract_ner_bio_20250221,,,,,,,,
4212,41424164,Application area,378,393,MA use disorder,0.8190201918284098,biomedbert-abstract_ner_bio_20250221,,,,,,,,
4213,41450831,Application area,60,90,obsessive-compulsive disorder ,0.8780816495418549,biomedbert-abstract_ner_bio_20250221,,,,,,,,
4214,41450831,Application area,248,278,obsessive-compulsive disorder ,0.8724030256271362,biomedbert-abstract_ner_bio_20250221,,,,,,,,
4215,41450831,Application area,279,282,OCD,0.713227391242981,biomedbert-abstract_ner_bio_20250221,,,,,,,,
4216,41450831,Application area,526,536,treatment-,0.6113220155239105,biomedbert-abstract_ner_bio_20250221,,,,,,,,
4217,41456567,Application area,77,95,acute suicidality ,0.8641160130500793,biomedbert-abstract_ner_bio_20250221,,,,,,,,
4218,41456567,Application area,206,218,suicidality ,0.8809873461723328,biomedbert-abstract_ner_bio_20250221,,,,,,,,
4219,41456567,Application area,235,245,depression,0.8255541324615479,biomedbert-abstract_ner_bio_20250221,,,,,,,,
4220,41456567,Application area,321,338,acutely suicidal ,0.6910546123981476,biomedbert-abstract_ner_bio_20250221,,,,,,,,
4221,41456567,Dosage,486,491,75 mg,0.9672494232654572,biomedbert-abstract_ner_bio_20250221,75 mg,75.0,75.0,mg,,,,absolute
4222,41456567,Application area,513,531,acute suicidality ,0.6930351853370667,biomedbert-abstract_ner_bio_20250221,,,,,,,,
4223,41456567,Dosage,793,799,75 mg ,0.9633433222770691,biomedbert-abstract_ner_bio_20250221,75 mg,75.0,75.0,mg,,,,absolute
4224,41459830,Application area,69,78,migraine ,0.5041471123695374,biomedbert-abstract_ner_bio_20250221,,,,,,,,
4225,41459830,Dosage,1225,1230,10 mg,0.8686231970787048,biomedbert-abstract_ner_bio_20250221,10 mg,10.0,10.0,mg,,,,absolute
4226,41468673,Application area,42,75,alcohol and opioid use disorders ,0.7621835350990296,biomedbert-abstract_ner_bio_20250221,,,,,,,,
4227,41468673,Application area,306,338,alcohol and opioid use disorders,0.7394631624221801,biomedbert-abstract_ner_bio_20250221,,,,,,,,
4228,41468673,Application area,359,390,alcohol or opioid use disorder ,0.8094277501106262,biomedbert-abstract_ner_bio_20250221,,,,,,,,
4229,41468673,Application area,391,394,AUD,0.9511781930923462,biomedbert-abstract_ner_bio_20250221,,,,,,,,
4230,41468673,Application area,666,674,AUD/OUD ,0.8161339163780212,biomedbert-abstract_ner_bio_20250221,,,,,,,,
4231,41468673,Application area,844,847,AUD,0.939539909362793,biomedbert-abstract_ner_bio_20250221,,,,,,,,
4232,41475562,Application area,253,284,treatment-resistant depression ,0.9623002707958221,biomedbert-abstract_ner_bio_20250221,,,,,,,,
4233,41475562,Application area,285,288,TRD,0.9665675759315491,biomedbert-abstract_ner_bio_20250221,,,,,,,,
4234,41475562,Application area,294,313,bipolar depression ,0.8483551144599915,biomedbert-abstract_ner_bio_20250221,,,,,,,,
4235,41475562,Application area,314,318,TRBD,0.9460477232933044,biomedbert-abstract_ner_bio_20250221,,,,,,,,
4236,41475562,Dosage,1192,1202,0.5 mg/kg ,0.9786153634389242,biomedbert-abstract_ner_bio_20250221,0.5 mg/kg,0.5,0.5,mg,kg,1.0,,relative_weight
4237,41485073,Application area,0,0,,0.927153617143631,biomedbert-abstract_ner_bio_20250221,,,,,,,,
4238,41485073,Application area,109,112,BED,0.8291001319885254,biomedbert-abstract_ner_bio_20250221,,,,,,,,
4239,41485073,Application area,442,446,BED ,0.6096181869506836,biomedbert-abstract_ner_bio_20250221,,,,,,,,
4240,41485073,Dosage,568,574,25 mg ,0.8090749979019165,biomedbert-abstract_ner_bio_20250221,25 mg,25.0,25.0,mg,,,,absolute
4241,41485073,Application area,699,703,BED ,0.7050231695175171,biomedbert-abstract_ner_bio_20250221,,,,,,,,
4242,41497513,Application area,41,71,post-traumatic stress disorder,0.8918798804283142,biomedbert-abstract_ner_bio_20250221,,,,,,,,
4243,41497513,Application area,194,225,Post-traumatic stress disorder ,0.8769830346107483,biomedbert-abstract_ner_bio_20250221,,,,,,,,
4244,41497513,Application area,226,230,PTSD,0.8309381604194641,biomedbert-abstract_ner_bio_20250221,,,,,,,,
4245,41497513,Application area,470,480,depression,0.5096738338470459,biomedbert-abstract_ner_bio_20250221,,,,,,,,
4246,41497513,Application area,600,604,PTSD,0.7068349123001099,biomedbert-abstract_ner_bio_20250221,,,,,,,,
4247,41497513,Application area,980,984,PTSD,0.6250756978988647,biomedbert-abstract_ner_bio_20250221,,,,,,,,
4248,41502021,Application area,30,38,Anxiety ,0.8915068507194519,biomedbert-abstract_ner_bio_20250221,,,,,,,,
4249,41502021,Application area,137,145,Anxiety ,0.8454052805900574,biomedbert-abstract_ner_bio_20250221,,,,,,,,
4250,41502021,Application area,533,541,anxiety ,0.8114001750946045,biomedbert-abstract_ner_bio_20250221,,,,,,,,
4251,41517502,Application area,622,632,depression,0.7614989876747131,biomedbert-abstract_ner_bio_20250221,,,,,,,,
4252,41517502,Application area,634,639,post-,0.6274139285087585,biomedbert-abstract_ner_bio_20250221,,,,,,,,
4253,41517502,Application area,666,670,PTSD,0.7498030066490173,biomedbert-abstract_ner_bio_20250221,,,,,,,,
4254,41521819,Application area,30,47,suicide ideation ,0.9549611806869507,biomedbert-abstract_ner_bio_20250221,,,,,,,,
4255,41521819,Application area,215,232,suicide ideation ,0.9562098383903503,biomedbert-abstract_ner_bio_20250221,,,,,,,,
4256,41521819,Application area,233,235,SI,0.9429066777229309,biomedbert-abstract_ner_bio_20250221,,,,,,,,
4257,41521955,Application area,46,76,Treatment-resistant Depression,0.9624947756528854,biomedbert-abstract_ner_bio_20250221,,,,,,,,
4258,41521955,Application area,139,170,Treatment-resistant depression ,0.962551474571228,biomedbert-abstract_ner_bio_20250221,,,,,,,,
4259,41521955,Application area,171,174,TRD,0.9806228876113892,biomedbert-abstract_ner_bio_20250221,,,,,,,,
4260,41521955,Application area,199,225,major depressive disorder ,0.8745896418889364,biomedbert-abstract_ner_bio_20250221,,,,,,,,
4261,41521955,Application area,226,229,MDD,0.9547829031944275,biomedbert-abstract_ner_bio_20250221,,,,,,,,
4262,41521955,Application area,631,634,TRD,0.9645761251449585,biomedbert-abstract_ner_bio_20250221,,,,,,,,
4263,41529732,Application area,62,96,treatment resistant depression?.^ ,0.8260769844055176,biomedbert-abstract_ner_bio_20250221,,,,,,,,
4264,41529732,Application area,158,189,treatment-resistant depression ,0.9689166098833084,biomedbert-abstract_ner_bio_20250221,,,,,,,,
4265,41529732,Application area,190,193,TRD,0.9790542125701904,biomedbert-abstract_ner_bio_20250221,,,,,,,,
4266,41529732,Application area,237,254,suicidal ideation,0.8951466083526611,biomedbert-abstract_ner_bio_20250221,,,,,,,,
4267,41529826,Application area,75,93,depressed mood..^ ,0.9164993017911911,biomedbert-abstract_ner_bio_20250221,,,,,,,,
4268,41529826,Application area,187,198,depression ,0.7166253328323364,biomedbert-abstract_ner_bio_20250221,,,,,,,,
4269,41529826,Application area,382,392,depression,0.816154420375824,biomedbert-abstract_ner_bio_20250221,,,,,,,,
4270,41529826,Application area,701,711,depressed ,0.7757656574249268,biomedbert-abstract_ner_bio_20250221,,,,,,,,
4271,41529826,Application area,844,854,depressed ,0.6458654999732971,biomedbert-abstract_ner_bio_20250221,,,,,,,,
4272,41529826,Dosage,1023,1029,26 μg ,0.9687789678573608,biomedbert-abstract_ner_bio_20250221,26 μg,26.0,26.0,μg,,,,absolute
4273,41558304,Application area,108,129,alcohol use disorder ,0.9532569050788879,biomedbert-abstract_ner_bio_20250221,,,,,,,,
4274,41558304,Application area,134,157,depressive symptoms..^ ,0.9095417559146881,biomedbert-abstract_ner_bio_20250221,,,,,,,,
4275,41558304,Application area,220,241,alcohol use disorder ,0.955944279829661,biomedbert-abstract_ner_bio_20250221,,,,,,,,
4276,41558304,Application area,242,245,AUD,0.9716256856918335,biomedbert-abstract_ner_bio_20250221,,,,,,,,
4277,41558304,Application area,502,505,AUD,0.9397931694984436,biomedbert-abstract_ner_bio_20250221,,,,,,,,
4278,41558304,Dosage,774,780,25 mg ,0.9674257934093475,biomedbert-abstract_ner_bio_20250221,25 mg,25.0,25.0,mg,,,,absolute
4279,41561376,Application area,105,113,PTSD..^ ,0.9714567263921102,biomedbert-abstract_ner_bio_20250221,,,,,,,,
4280,41561376,Application area,113,144,Post-traumatic stress disorder ,0.9187353491783142,biomedbert-abstract_ner_bio_20250221,,,,,,,,
4281,41561376,Application area,145,149,PTSD,0.9839833974838257,biomedbert-abstract_ner_bio_20250221,,,,,,,,
4282,41561376,Application area,265,270,PTSD ,0.945126473903656,biomedbert-abstract_ner_bio_20250221,,,,,,,,
4283,41561376,Application area,337,341,PTSD,0.9531950354576111,biomedbert-abstract_ner_bio_20250221,,,,,,,,
4284,41563753,Application area,213,232,depressive symptoms,0.683181881904602,biomedbert-abstract_ner_bio_20250221,,,,,,,,
4285,41563753,Application area,569,588,depressive symptoms,0.6919077336788177,biomedbert-abstract_ner_bio_20250221,,,,,,,,
4286,41577046,Application area,71,101,treatment-resistant depression,0.9671166092157364,biomedbert-abstract_ner_bio_20250221,,,,,,,,
4287,41577046,Application area,154,185,Treatment-resistant depression ,0.9681327641010284,biomedbert-abstract_ner_bio_20250221,,,,,,,,
4288,41577046,Application area,186,189,TRD,0.9834722280502319,biomedbert-abstract_ner_bio_20250221,,,,,,,,
4289,41577654,Application area,85,96,depression ,0.9271543622016907,biomedbert-abstract_ner_bio_20250221,,,,,,,,
4290,41577654,Application area,155,162,severe ,0.5297650694847107,biomedbert-abstract_ner_bio_20250221,,,,,,,,
4291,41577654,Application area,166,198,medication-resistant depression ,0.7862634062767029,biomedbert-abstract_ner_bio_20250221,,,,,,,,
4292,41577654,Application area,388,414,major depressive disorder ,0.9441477656364441,biomedbert-abstract_ner_bio_20250221,,,,,,,,
4293,41577654,Application area,415,418,MDD,0.9421151876449585,biomedbert-abstract_ner_bio_20250221,,,,,,,,
4294,41587629,Application area,60,70,depression,0.9197189211845398,biomedbert-abstract_ner_bio_20250221,,,,,,,,
4295,41587629,Application area,179,189,depression,0.8824753165245056,biomedbert-abstract_ner_bio_20250221,,,,,,,,
4296,41587629,Application area,267,277,depression,0.9079331755638123,biomedbert-abstract_ner_bio_20250221,,,,,,,,
4297,41587629,Application area,452,463,depressive ,0.814164400100708,biomedbert-abstract_ner_bio_20250221,,,,,,,,
4298,41588876,Dosage,622,628,10 mg ,0.9729404449462891,biomedbert-abstract_ner_bio_20250221,10 mg,10.0,10.0,mg,,,,absolute
4299,41588876,Dosage,640,646,25 mg ,0.9695210456848145,biomedbert-abstract_ner_bio_20250221,25 mg,25.0,25.0,mg,,,,absolute
4300,41607072,Application area,195,226,treatment-resistant depression ,0.9756627380847931,biomedbert-abstract_ner_bio_20250221,,,,,,,,
4301,41607072,Application area,227,230,TRD,0.9812657237052917,biomedbert-abstract_ner_bio_20250221,,,,,,,,
4302,41611012,Dosage,738,746,10-20 mg,0.936225488781929,biomedbert-abstract_ner_bio_20250221,10-20 mg,10.0,20.0,mg,,,,absolute
4303,41616859,Application area,65,95,treatment-resistant depression,0.9469313770532608,biomedbert-abstract_ner_bio_20250221,,,,,,,,
4304,41616859,Application area,208,239,treatment-resistant depression ,0.8977976739406586,biomedbert-abstract_ner_bio_20250221,,,,,,,,
4305,41616859,Application area,480,510,treatment-resistant depression,0.943149134516716,biomedbert-abstract_ner_bio_20250221,,,,,,,,
4306,41617652,Application area,141,164,Psychological distress ,0.5298578143119812,biomedbert-abstract_ner_bio_20250221,,,,,,,,
4307,41617652,Dosage,588,593,1 mg ,0.9698594510555267,biomedbert-abstract_ner_bio_20250221,1 mg,1.0,1.0,mg,,,,absolute
4308,41617652,Dosage,623,628,2 mg ,0.963529109954834,biomedbert-abstract_ner_bio_20250221,2 mg,2.0,2.0,mg,,,,absolute
4309,41617652,Dosage,642,647,3 mg ,0.9435988068580627,biomedbert-abstract_ner_bio_20250221,3 mg,3.0,3.0,mg,,,,absolute
4310,41619760,Dosage,704,714,0.5 mg/kg ,0.9859092732270559,biomedbert-abstract_ner_bio_20250221,0.5 mg/kg,0.5,0.5,mg,kg,1.0,,relative_weight
4311,41619760,Dosage,745,755,0.8 mg/kg ,0.9854532281557719,biomedbert-abstract_ner_bio_20250221,0.8 mg/kg,0.8,0.8,mg,kg,1.0,,relative_weight
4312,41622351,Application area,73,103,treatment-resistant depression,0.9582270383834839,biomedbert-abstract_ner_bio_20250221,,,,,,,,
4313,41622351,Application area,250,276,Major Depressive Disorder ,0.7545886834462484,biomedbert-abstract_ner_bio_20250221,,,,,,,,
4314,41622351,Application area,434,464,Treatment-resistant depression,0.8712330162525177,biomedbert-abstract_ner_bio_20250221,,,,,,,,
4315,41622351,Application area,704,735,treatment-resistant depression ,0.9376835972070694,biomedbert-abstract_ner_bio_20250221,,,,,,,,
4316,41622351,Application area,736,739,TRD,0.9651167988777161,biomedbert-abstract_ner_bio_20250221,,,,,,,,
4317,41633448,Application area,101,131,post-traumatic stress disorder,0.9593618273735046,biomedbert-abstract_ner_bio_20250221,,,,,,,,
4318,41633448,Application area,320,351,post-traumatic stress disorder ,0.9411585330963135,biomedbert-abstract_ner_bio_20250221,,,,,,,,
4319,41633448,Application area,352,356,PTSD,0.9731107950210571,biomedbert-abstract_ner_bio_20250221,,,,,,,,
4320,41633448,Application area,543,548,PTSD ,0.9611260294914246,biomedbert-abstract_ner_bio_20250221,,,,,,,,
4321,41634136,Dosage,697,703,20 mg ,0.8317517936229706,biomedbert-abstract_ner_bio_20250221,20 mg,20.0,20.0,mg,,,,absolute
4322,41642754,Application area,91,109,Severe Depression ,0.9272443950176239,biomedbert-abstract_ner_bio_20250221,,,,,,,,
4323,41642754,Application area,114,135,Suicidal Ideation..^ ,0.9600709080696106,biomedbert-abstract_ner_bio_20250221,,,,,,,,
4324,41642754,Application area,147,174,Severe depressive episodes ,0.9266914129257202,biomedbert-abstract_ner_bio_20250221,,,,,,,,
4325,41642754,Application area,179,197,suicidal ideation ,0.9639948308467865,biomedbert-abstract_ner_bio_20250221,,,,,,,,
4326,41642754,Application area,374,395,refractory depression,0.8325178921222687,biomedbert-abstract_ner_bio_20250221,,,,,,,,
4327,41642754,Application area,546,563,suicidal ideation,0.9499845206737518,biomedbert-abstract_ner_bio_20250221,,,,,,,,
4328,41642754,Application area,693,726,severe major depressive disorder ,0.9293670505285263,biomedbert-abstract_ner_bio_20250221,,,,,,,,
4329,41642754,Application area,738,755,suicidal ideation,0.9561821222305298,biomedbert-abstract_ner_bio_20250221,,,,,,,,
4330,41643299,Dosage,559,566,100 µg ,0.956304520368576,biomedbert-abstract_ner_bio_20250221,100 µg,100.0,100.0,µg,,,,absolute
4331,41643299,Dosage,573,579,25 mg ,0.9257843494415283,biomedbert-abstract_ner_bio_20250221,25 mg,25.0,25.0,mg,,,,absolute
4332,41656677,Application area,65,76,Suicidality,0.6957553029060364,biomedbert-abstract_ner_bio_20250221,,,,,,,,
4333,41656677,Application area,600,611,suicidality,0.570659339427948,biomedbert-abstract_ner_bio_20250221,,,,,,,,
4334,41687815,Application area,234,237,TBI,0.5266218185424805,biomedbert-abstract_ner_bio_20250221,,,,,,,,
4335,41688423,Dosage,362,367,25 mg,0.9717352390289307,biomedbert-abstract_ner_bio_20250221,25 mg,25.0,25.0,mg,,,,absolute
4336,41690063,Application area,41,71,treatment-resistant depression,0.9627356231212616,biomedbert-abstract_ner_bio_20250221,,,,,,,,
4337,41690063,Application area,198,229,treatment-resistant depression ,0.9249782413244247,biomedbert-abstract_ner_bio_20250221,,,,,,,,
4338,41690063,Application area,230,233,TRD,0.9766149520874023,biomedbert-abstract_ner_bio_20250221,,,,,,,,
4339,41690063,Application area,516,526,depression,0.5555230379104614,biomedbert-abstract_ner_bio_20250221,,,,,,,,
4340,41690063,Dosage,859,873,0.5-1.5 mg/kg ,0.9824907302856445,biomedbert-abstract_ner_bio_20250221,0.5-1.5 mg/kg,0.5,1.5,mg,kg,1.0,,relative_weight
4341,41690631,Application area,62,72,anhedonia ,0.8415330052375793,biomedbert-abstract_ner_bio_20250221,,,,,,,,
4342,41690631,Application area,75,109,treatment-resistant depression..^ ,0.951996237039566,biomedbert-abstract_ner_bio_20250221,,,,,,,,
4343,41690631,Application area,109,118,Anhedonia,0.7606136798858643,biomedbert-abstract_ner_bio_20250221,,,,,,,,
4344,41690631,Application area,138,148,depression,0.8063923716545105,biomedbert-abstract_ner_bio_20250221,,,,,,,,
4345,41690631,Application area,339,349,anhedonia ,0.6486840844154358,biomedbert-abstract_ner_bio_20250221,,,,,,,,
4346,41690631,Application area,378,409,treatment-resistant depression ,0.9184149354696274,biomedbert-abstract_ner_bio_20250221,,,,,,,,
4347,41690631,Application area,410,413,TRD,0.9691411852836609,biomedbert-abstract_ner_bio_20250221,,,,,,,,
4348,41690631,Dosage,545,551,25 mg ,0.9689529538154602,biomedbert-abstract_ner_bio_20250221,25 mg,25.0,25.0,mg,,,,absolute
4349,41691906,Application area,79,90,depression ,0.9485862255096436,biomedbert-abstract_ner_bio_20250221,,,,,,,,
4350,41691906,Application area,94,101,anxiety,0.816348135471344,biomedbert-abstract_ner_bio_20250221,,,,,,,,
4351,41691906,Application area,221,232,depression ,0.8943133354187012,biomedbert-abstract_ner_bio_20250221,,,,,,,,
4352,41691906,Application area,236,243,anxiety,0.726827085018158,biomedbert-abstract_ner_bio_20250221,,,,,,,,
4353,41691906,Application area,737,748,depression ,0.5175169110298157,biomedbert-abstract_ner_bio_20250221,,,,,,,,
4354,41693474,Application area,27,52,major depressive disorder,0.9713201522827148,biomedbert-abstract_ner_bio_20250221,,,,,,,,
4355,41693474,Application area,166,192,Major depressive disorder ,0.9655959010124207,biomedbert-abstract_ner_bio_20250221,,,,,,,,
4356,41693474,Application area,193,196,MDD,0.9662545919418335,biomedbert-abstract_ner_bio_20250221,,,,,,,,
4357,41693474,Application area,757,760,MDD,0.894368052482605,biomedbert-abstract_ner_bio_20250221,,,,,,,,
4358,41693474,Dosage,916,920,2 mg,0.9750831425189972,biomedbert-abstract_ner_bio_20250221,2 mg,2.0,2.0,mg,,,,absolute
4359,41693474,Dosage,1005,1009,2 mg,0.978283017873764,biomedbert-abstract_ner_bio_20250221,2 mg,2.0,2.0,mg,,,,absolute
4360,41698392,Application area,103,123,alcohol use disorder,0.8804073929786682,biomedbert-abstract_ner_bio_20250221,,,,,,,,
4361,41698392,Application area,266,287,alcohol use disorder ,0.876869797706604,biomedbert-abstract_ner_bio_20250221,,,,,,,,
4362,41698392,Application area,288,291,AUD,0.8184775114059448,biomedbert-abstract_ner_bio_20250221,,,,,,,,
4363,41698392,Application area,382,386,AUD ,0.7775014638900757,biomedbert-abstract_ner_bio_20250221,,,,,,,,
4364,41698392,Application area,425,429,AUD ,0.5737313032150269,biomedbert-abstract_ner_bio_20250221,,,,,,,,
4365,41698392,Application area,550,553,AUD,0.7132266759872437,biomedbert-abstract_ner_bio_20250221,,,,,,,,
4366,41698392,Dosage,1051,1061,0.8 mg/kg ,0.9487996300061544,biomedbert-abstract_ner_bio_20250221,0.8 mg/kg,0.8,0.8,mg,kg,1.0,,relative_weight
4367,41698392,Dosage,2353,2363,0.8 mg/kg ,0.9415620764096578,biomedbert-abstract_ner_bio_20250221,0.8 mg/kg,0.8,0.8,mg,kg,1.0,,relative_weight
4368,41699126,Application area,44,69,major depressive disorder,0.9796121915181478,biomedbert-abstract_ner_bio_20250221,,,,,,,,
4369,41699126,Application area,122,148,Major depressive disorder ,0.9686771631240845,biomedbert-abstract_ner_bio_20250221,,,,,,,,
4370,41699126,Application area,149,152,MDD,0.9736621975898743,biomedbert-abstract_ner_bio_20250221,,,,,,,,
4371,41699126,Application area,435,439,MDD ,0.939046323299408,biomedbert-abstract_ner_bio_20250221,,,,,,,,
4372,41699126,Application area,654,657,MDD,0.8035427927970886,biomedbert-abstract_ner_bio_20250221,,,,,,,,
4373,41699126,Dosage,690,698,21.5-mg ,0.957515549659729,biomedbert-abstract_ner_bio_20250221,21.5 mg,21.5,21.5,mg,,,,absolute
4374,41700878,Application area,56,62,Cancer,0.7959670424461365,biomedbert-abstract_ner_bio_20250221,,,,,,,,
4375,41700878,Application area,152,159,cancer ,0.53525310754776,biomedbert-abstract_ner_bio_20250221,,,,,,,,
4376,41700878,Application area,176,184,anxiety ,0.5914715528488159,biomedbert-abstract_ner_bio_20250221,,,,,,,,
4377,41700878,Application area,188,199,depression ,0.4841673970222473,biomedbert-abstract_ner_bio_20250221,,,,,,,,
4378,41707717,Application area,53,78,major depressive disorder,0.9407352209091187,biomedbert-abstract_ner_bio_20250221,,,,,,,,
4379,41707717,Application area,178,203,major depressive disorder,0.8574252525965372,biomedbert-abstract_ner_bio_20250221,,,,,,,,
4380,41707717,Application area,569,594,major depressive disorder,0.8701954483985901,biomedbert-abstract_ner_bio_20250221,,,,,,,,
4381,41707717,Dosage,830,836,10 mg ,0.9760384261608124,biomedbert-abstract_ner_bio_20250221,10 mg,10.0,10.0,mg,,,,absolute
4382,41707717,Dosage,840,846,25 mg ,0.967515379190445,biomedbert-abstract_ner_bio_20250221,25 mg,25.0,25.0,mg,,,,absolute
4383,41708888,Application area,84,118,treatment-resistant depression..^ ,0.9583282967408498,biomedbert-abstract_ner_bio_20250221,,,,,,,,
4384,41708888,Application area,201,232,treatment-resistant depression ,0.9603255689144135,biomedbert-abstract_ner_bio_20250221,,,,,,,,
4385,41708888,Application area,233,236,TRD,0.9725993275642395,biomedbert-abstract_ner_bio_20250221,,,,,,,,
4386,41713673,Application area,20,45,major depressive disorder,0.94893479347229,biomedbert-abstract_ner_bio_20250221,,,,,,,,
4387,41713673,Application area,381,407,major depressive disorder ,0.8457698225975037,biomedbert-abstract_ner_bio_20250221,,,,,,,,
4388,41713673,Dosage,546,551,8 μg ,0.9579923152923584,biomedbert-abstract_ner_bio_20250221,8 μg,8.0,8.0,μg,,,,absolute
4389,41713673,Dosage,645,652,6-20 μg,0.9009352922439575,biomedbert-abstract_ner_bio_20250221,6-20 μg,6.0,20.0,μg,,,,absolute
4390,41713673,Dosage,1752,1757,8 μg ,0.9043253064155579,biomedbert-abstract_ner_bio_20250221,8 μg,8.0,8.0,μg,,,,absolute
4391,41732712,Dosage,586,596,0.54 mg/kg,0.9755588670571645,biomedbert-abstract_ner_bio_20250221,0.54 mg/kg,0.54,0.54,mg,kg,1.0,,relative_weight
4392,41740751,Application area,61,87,major depressive disorder ,0.9765684803326925,biomedbert-abstract_ner_bio_20250221,,,,,,,,
4393,41740751,Application area,243,269,major depressive disorder ,0.9701583385467529,biomedbert-abstract_ner_bio_20250221,,,,,,,,
4394,41740751,Application area,270,273,MDD,0.9689019918441772,biomedbert-abstract_ner_bio_20250221,,,,,,,,
4395,41740751,Application area,445,448,MDD,0.9197683930397034,biomedbert-abstract_ner_bio_20250221,,,,,,,,
4396,41741401,Application area,86,102,advanced cancer ,0.5993995666503906,biomedbert-abstract_ner_bio_20250221,,,,,,,,
4397,41741501,Dosage,895,901,15 mg ,0.910128265619278,biomedbert-abstract_ner_bio_20250221,15 mg,15.0,15.0,mg,,,,absolute
4398,41741501,Dosage,912,924,15 or 25 mg ,0.8575099259614944,biomedbert-abstract_ner_bio_20250221,15 or 25 mg,15.0,25.0,mg,,,,absolute
4399,41747431,Application area,134,146,suicidality ,0.9469702243804932,biomedbert-abstract_ner_bio_20250221,,,,,,,,
4400,41747431,Application area,149,174,major depressive disorder,0.969642182191213,biomedbert-abstract_ner_bio_20250221,,,,,,,,
4401,41747431,Application area,402,410,suicide ,0.5895289778709412,biomedbert-abstract_ner_bio_20250221,,,,,,,,
4402,41747431,Application area,558,584,major depressive disorder ,0.9342043797175089,biomedbert-abstract_ner_bio_20250221,,,,,,,,
4403,41747431,Application area,585,588,MDD,0.9608915448188782,biomedbert-abstract_ner_bio_20250221,,,,,,,,
4404,41780747,Application area,102,132,treatment-resistant depression,0.9362925440073013,biomedbert-abstract_ner_bio_20250221,,,,,,,,
4405,41780747,Application area,388,418,treatment-resistant depression,0.7356546372175217,biomedbert-abstract_ner_bio_20250221,,,,,,,,
4406,41780747,Application area,645,676,treatment-resistant depression ,0.7663078308105469,biomedbert-abstract_ner_bio_20250221,,,,,,,,
4407,41780747,Application area,677,680,TRD,0.9378225803375244,biomedbert-abstract_ner_bio_20250221,,,,,,,,
4408,41784123,Application area,51,80,posttraumatic stress disorder,0.9777270555496216,biomedbert-abstract_ner_bio_20250221,,,,,,,,
4409,41784123,Application area,244,274,posttraumatic stress disorder ,0.966339627901713,biomedbert-abstract_ner_bio_20250221,,,,,,,,
4410,41784123,Application area,275,279,PTSD,0.9805232882499695,biomedbert-abstract_ner_bio_20250221,,,,,,,,
4411,41784123,Application area,650,654,PTSD,0.7411699295043945,biomedbert-abstract_ner_bio_20250221,,,,,,,,
4412,41792101,Application area,111,125,breast cancer ,0.8626826405525208,biomedbert-abstract_ner_bio_20250221,,,,,,,,
4413,41792101,Application area,223,248,Postoperative depression ,0.830460250377655,biomedbert-abstract_ner_bio_20250221,,,,,,,,
4414,41792101,Application area,269,283,breast cancer ,0.8260764181613922,biomedbert-abstract_ner_bio_20250221,,,,,,,,
4415,41792101,Application area,384,409,postoperative depression ,0.8682681024074554,biomedbert-abstract_ner_bio_20250221,,,,,,,,
4416,41792101,Application area,412,426,breast cancer ,0.8199235200881958,biomedbert-abstract_ner_bio_20250221,,,,,,,,
4417,41792101,Dosage,679,692,0.25 mg·kg⁻¹ ,0.9723967214425405,biomedbert-abstract_ner_bio_20250221,0.25 mg·kg⁻¹,0.25,0.25,mg,,,,absolute
4418,41797724,Application area,92,109,death anxiety..^ ,0.8534823507070541,biomedbert-abstract_ner_bio_20250221,,,,,,,,
4419,41797724,Application area,200,213,death anxiety,0.8567644953727722,biomedbert-abstract_ner_bio_20250221,,,,,,,,
4420,41797724,Application area,331,344,death anxiety,0.8232843279838562,biomedbert-abstract_ner_bio_20250221,,,,,,,,
4421,41805956,Dosage,1014,1025,30 mg/70 kg,0.9082309484481812,biomedbert-abstract_ner_bio_20250221,30 mg/70 kg,30.0,30.0,mg,kg,70.0,,relative_weight
4422,41819589,Dosage,1309,1315,25 mg ,0.9141735136508942,biomedbert-abstract_ner_bio_20250221,25 mg,25.0,25.0,mg,,,,absolute
4423,41825162,Application area,74,103,posttraumatic stress disorder,0.9786190986633301,biomedbert-abstract_ner_bio_20250221,,,,,,,,
4424,41825162,Application area,182,212,Posttraumatic stress disorder ,0.9755300482114156,biomedbert-abstract_ner_bio_20250221,,,,,,,,
4425,41825162,Application area,213,217,PTSD,0.9868985414505005,biomedbert-abstract_ner_bio_20250221,,,,,,,,
4426,41825162,Application area,477,481,PTSD,0.9586259722709656,biomedbert-abstract_ner_bio_20250221,,,,,,,,
4427,41825921,Application area,81,114,obsessive-compulsive disorder..^ ,0.982275148232778,biomedbert-abstract_ner_bio_20250221,,,,,,,,
4428,41825921,Application area,149,179,obsessive-compulsive disorder ,0.9787989854812622,biomedbert-abstract_ner_bio_20250221,,,,,,,,
4429,41825921,Application area,180,183,OCD,0.9786997437477112,biomedbert-abstract_ner_bio_20250221,,,,,,,,
4430,41825921,Application area,356,359,OCD,0.9577818512916565,biomedbert-abstract_ner_bio_20250221,,,,,,,,
4431,41825921,Application area,513,517,OCD ,0.8966291546821594,biomedbert-abstract_ner_bio_20250221,,,,,,,,
4432,41825921,Dosage,616,625,300 µg/kg,0.9682949781417847,biomedbert-abstract_ner_bio_20250221,300 µg/kg,300.0,300.0,µg,kg,1.0,,relative_weight
4433,41825921,Dosage,638,647,100 µg/kg,0.9666041284799576,biomedbert-abstract_ner_bio_20250221,100 µg/kg,100.0,100.0,µg,kg,1.0,,relative_weight
4434,41842876,Application area,92,126,Treatment-Resistant Depression..^ ,0.9756930073102316,biomedbert-abstract_ner_bio_20250221,,,,,,,,
4435,41842876,Application area,138,169,Treatment-resistant depression ,0.9726604223251343,biomedbert-abstract_ner_bio_20250221,,,,,,,,
4436,41842876,Application area,170,173,TRD,0.980278730392456,biomedbert-abstract_ner_bio_20250221,,,,,,,,
4437,41842876,Application area,431,434,TRD,0.9648872017860413,biomedbert-abstract_ner_bio_20250221,,,,,,,,
4438,41848690,Application area,37,73,Treatment-Resistant Major Depression,0.831848281621933,biomedbert-abstract_ner_bio_20250221,,,,,,,,
4439,41848690,Dosage,315,320,25 mg,0.764825701713562,biomedbert-abstract_ner_bio_20250221,25 mg,25.0,25.0,mg,,,,absolute
4440,41848690,Application area,352,383,treatment-resistant depression ,0.8196850121021271,biomedbert-abstract_ner_bio_20250221,,,,,,,,
4441,41848690,Application area,384,387,TRD,0.649400532245636,biomedbert-abstract_ner_bio_20250221,,,,,,,,
4442,41848690,Dosage,733,738,25 mg,0.6291316449642181,biomedbert-abstract_ner_bio_20250221,25 mg,25.0,25.0,mg,,,,absolute
4443,41848690,Dosage,806,808,5 ,0.5057070255279541,biomedbert-abstract_ner_bio_20250221,5,5.0,5.0,,,,,absolute
4444,41848690,Dosage,826,831,25 mg,0.6593918800354004,biomedbert-abstract_ner_bio_20250221,25 mg,25.0,25.0,mg,,,,absolute
4445,41848690,Dosage,1154,1158,5 mg,0.6705943942070007,biomedbert-abstract_ner_bio_20250221,5 mg,5.0,5.0,mg,,,,absolute
4446,41848690,Dosage,1731,1737,25 mg ,0.9197369813919067,biomedbert-abstract_ner_bio_20250221,25 mg,25.0,25.0,mg,,,,absolute
4447,41848690,Dosage,1887,1892,25 mg,0.9138349294662476,biomedbert-abstract_ner_bio_20250221,25 mg,25.0,25.0,mg,,,,absolute
4448,41848690,Dosage,2054,2060,25 mg ,0.8710437715053558,biomedbert-abstract_ner_bio_20250221,25 mg,25.0,25.0,mg,,,,absolute
4449,41848690,Dosage,2379,2384,25 mg,0.922629714012146,biomedbert-abstract_ner_bio_20250221,25 mg,25.0,25.0,mg,,,,absolute
4450,41856690,Application area,20,24,CRPS,0.8616359829902649,biomedbert-abstract_ner_bio_20250221,,,,,,,,
4451,41856690,Application area,76,107,Complex regional pain syndrome ,0.866914764046669,biomedbert-abstract_ner_bio_20250221,,,,,,,,
4452,41856690,Application area,108,112,CRPS,0.8516509532928467,biomedbert-abstract_ner_bio_20250221,,,,,,,,
4453,41856690,Application area,130,139,dystonia ,0.7443400621414185,biomedbert-abstract_ner_bio_20250221,,,,,,,,
4454,41856690,Application area,299,303,CRPS,0.5692071914672852,biomedbert-abstract_ner_bio_20250221,,,,,,,,
4455,41856690,Dosage,407,417,30 mg/hour,0.9253317415714264,biomedbert-abstract_ner_bio_20250221,30 mg/h,30.0,30.0,mg,,,h,relative_time
4456,41857871,Application area,43,64,alcohol use disorder ,0.910132110118866,biomedbert-abstract_ner_bio_20250221,,,,,,,,
4457,41857871,Application area,77,107,treatment-resistant depression,0.9723761826753616,biomedbert-abstract_ner_bio_20250221,,,,,,,,
4458,41857871,Application area,157,178,Alcohol use disorder ,0.9248717824618021,biomedbert-abstract_ner_bio_20250221,,,,,,,,
4459,41857871,Application area,182,213,treatment-resistant depression ,0.9695936292409897,biomedbert-abstract_ner_bio_20250221,,,,,,,,
4460,41857871,Application area,214,217,TRD,0.9783974885940552,biomedbert-abstract_ner_bio_20250221,,,,,,,,
4461,41857871,Application area,481,495,substance use ,0.5192061364650726,biomedbert-abstract_ner_bio_20250221,,,,,,,,
4462,41857871,Application area,712,719,severe ,0.7294653654098511,biomedbert-abstract_ner_bio_20250221,,,,,,,,
4463,41857871,Application area,719,722,TRD,0.6630768775939941,biomedbert-abstract_ner_bio_20250221,,,,,,,,
4464,41859850,Dosage,675,688,0.2-0.3 mg/kg,0.9547620356082916,biomedbert-abstract_ner_bio_20250221,0.2-0.3 mg/kg,0.2,0.3,mg,kg,1.0,,relative_weight
4465,41890932,Application area,55,59,OCD ,0.7069489359855652,biomedbert-abstract_ner_bio_20250221,,,,,,,,
4466,41890932,Application area,373,403,obsessive-compulsive disorder ,0.7874560803174973,biomedbert-abstract_ner_bio_20250221,,,,,,,,
4467,41890932,Application area,404,407,OCD,0.8194440603256226,biomedbert-abstract_ner_bio_20250221,,,,,,,,
4468,41896202,Dosage,697,717,"5, 10, 15, and 20 mg",0.8734766642252604,biomedbert-abstract_ner_bio_20250221,"5, 10, 15, and 20 mg",5.0,20.0,mg,,,,absolute
4469,41896202,Dosage,892,897,5 mg ,0.9564151465892792,biomedbert-abstract_ner_bio_20250221,5 mg,5.0,5.0,mg,,,,absolute
4470,41896202,Dosage,949,954,25 mg,0.9258213937282562,biomedbert-abstract_ner_bio_20250221,25 mg,25.0,25.0,mg,,,,absolute
4471,41896202,Dosage,1474,1480,15 mg ,0.9255674481391907,biomedbert-abstract_ner_bio_20250221,15 mg,15.0,15.0,mg,,,,absolute
4472,41988848,Application area,122,153,chronic pain and depression..^ ,0.8286827305952708,biomedbert-abstract_ner_bio_20250221,,,,,,,,
4473,41988848,Application area,194,228,treatment-refractory chronic pain ,0.7314155459403991,biomedbert-abstract_ner_bio_20250221,,,,,,,,
4474,41988848,Application area,232,242,depression,0.47993114590644836,biomedbert-abstract_ner_bio_20250221,,,,,,,,
4475,41988848,Dosage,706,715,0.5 mg/kg,0.9423938095569611,biomedbert-abstract_ner_bio_20250221,0.5 mg/kg,0.5,0.5,mg,kg,1.0,,relative_weight
4476,41988848,Application area,2938,2946,chronic ,0.5058571696281433,biomedbert-abstract_ner_bio_20250221,,,,,,,,
4477,42011089,Application area,77,95,acute suicidality ,0.6537469774484634,biomedbert-abstract_ner_bio_20250221,,,,,,,,
4478,42013657,Application area,85,111,mood and anxiety disorders,0.7827996909618378,biomedbert-abstract_ner_bio_20250221,,,,,,,,
4479,41876058,Application area,32,57,major depressive disorder,0.8803862929344177,biomedbert-abstract_ner_bio_20250221,,,,,,,,
4480,41876058,Application area,278,303,major depressive disorder,0.8031445344289144,biomedbert-abstract_ner_bio_20250221,,,,,,,,
4481,41876058,Application area,304,307,MDD,0.7023017406463623,biomedbert-abstract_ner_bio_20250221,,,,,,,,
4482,41876058,Dosage,386,392,25 mg/,0.8434004982312521,biomedbert-abstract_ner_bio_20250221,25 mg/,25.0,25.0,mg,,,,absolute
4483,41876058,Dosage,404,418,20-30 mg/70 kg,0.8804309282984052,biomedbert-abstract_ner_bio_20250221,20-30 mg/70 kg,20.0,30.0,mg,kg,70.0,,relative_weight
4484,41876058,Dosage,452,458,10 mg/,0.8741273482640585,biomedbert-abstract_ner_bio_20250221,10 mg/,10.0,10.0,mg,,,,absolute
4485,41876058,Dosage,469,483,15.05 mg/70 kg,0.9116584658622742,biomedbert-abstract_ner_bio_20250221,15.05 mg/70 kg,15.05,15.05,mg,kg,70.0,,relative_weight
4486,41876058,Dosage,585,587,1 ,0.5583016276359558,biomedbert-abstract_ner_bio_20250221,1,1.0,1.0,,,,,absolute
