id,text,type_of_reference,name_of_database,number,keywords,language,notes,year,start_page,short_title,secondary_title,title,url,volume,type_of_work,issn,abstract,doi,accession_number,date,database_provider,secondary_authors,place_published,publisher,tertiary_title,edition,custom1,alternate_title1,author_address,authors,custom2,custom6,custom5,note,custom7,original_publication,custom3,asreview_prior,exported_notes_1,included,asreview_ranking,pubmed_url,pubmed_id,prediction,probability,pub_date,entrez_year
2387,"A Study of the Efficacy and Safety of Intranasal Esketamine in the Rapid Reduction of Symptoms of Major Depressive Disorder, in Adults at Imminent Risk for Suicide.^
INTERVENTION: Product Name: Esketamine ‐ Nasal Solution ‐ eq 140mg/mL esketamine base (eq 161.4 mg/mL esketamine HCl) Pharmaceutical Form: Nasal spray, solution INN or Proposed INN: Esketamine (for (S)‐2‐(o‐chlorophenyl)‐2‐(methylamino)cyclohexanone) Other descriptive name: ESKETAMINE HYDROCHLORIDE Concentration unit: mg/ml milligram(s)/millilitre Concentration type: equal Concentration number: 140‐ Pharmaceutical form of the placebo: Nasal spray Route of administration of the placebo: Nasal use CONDITION: Major Depressive Disorder with Imminent Risk of Suicide ; MedDRA version: 20.1 Level: PT Classification code 10042458 Term: Suicidal ideation System Organ Class: 10037175 ‐ Psychiatric disorders ; MedDRA version: 20.0 Level: PT Classification code 10057840 Term: Major depression System Organ Class: 10037175 ‐ Psychiatric disorders ; MedDRA version: 20.0 Level: PT Classification code 10012397 Term: Depression suicidal System Organ Class: 10037175 ‐ Psychiatric disorders ; MedDRA version: 20.0 Level: PT Classification code 10065604 Term: Suicidal behaviour System Organ Class: 10037175 ‐ Psychiatric disorders Therapeutic area: Psychiatry and Psychology [F] ‐ Mental Disorders [F03] PRIMARY OUTCOME: Main Objective: The primary objective is to evaluate the efficacy of intranasal esketamine 84 mg compared with intranasal placebo in addition to comprehensive standard of care in reducing the symptoms of MDD, including suicidal ideation, in subjects who are assessed to be at imminent risk for suicide, as measured by the change from baseline on the Montgomery‐Asberg Depression Rating Scale (MADRS) total score at 24 hours post first dose. Primary end point(s): Change from baseline in depressive symptoms, as measured by the Montgomery‐Asberg Depression Rating Scale (MADRS) total score Secondary Objective: The key secondary objective is to assess the efficacy of intranasal esketamine compared with intranasal placebo in reducing severity of suicidality as measured by the clinical global impression of severity of suicidality revised version (CGI‐SS‐R) at 24 hours post first dose. Other secondary objectives are listed in Protocol Section 2.1.1. Timepoint(s) of evaluation of this end point: Day 1, predose to 24 hours post first dose SECONDARY OUTCOME: Secondary end point(s): 1) Change from baseline in severity of suicidality, as measured by the clinical global impression of severity of suicidality revised version (CGI‐SS‐R); 2) Remission rate (MADRS =12); 3) Change from baseline of MADRS total score ; 4) Change from baseline of CGI‐SS‐R; 5) Proportion of subjects achieving resolution of suicidality (CGI‐SS‐R score of 0 or 1); 6) Change from baseline of clinical global impression of imminent suicide risk (CGI SR‐I); 7) Change from baseline of Beck Hopelessness Scale (BHS); 8) Change from baseline of European Quality of Life (EuroQol) Group, 5‐Dimension, 5‐Level (EQ‐5D‐5L); 9) Change from baseline of Quality of Life in Depression Scale (QLDS); 10) Treatment Satisfaction Questionnaire for Medication (TSQM‐9) scores; 11) Suicidal Ideation and Behaviors Assessment Tool (SIBAT): Change from baseline in Module 3 My Current Thinking and Module 5 My Risk, Question 3 (patient‐reported frequency of suicidal thinking); 12) Pharmacokinetics: Plasma esketamine and noresketamine concentrations will be summarized; plasma concentrations of esketamine (and noresketamine concentrations, if warranted) will be included in a population analysis; 13) Safety endpoints will be evaluated throughout the study ‐ Monitoring of treatment emergent adverse events (TEAEs), Clinical laboratory tests, physical examination, nasal examination, 12‐lead electrocardiogram (ECG), and vital signs, SIBAT, On dosing days only: MOAA/S, CADSS, and pulse oximetry Timepoint(s) of evaluation of this end point: 1) From day 1, predose to 24 hours post first dose; 2, 5, 6) 4 hours and 24 hours post first dose, and through the end of the double‐blind treatment phase (Day 25); 3,4) 4 hours post first dose and through he end of the double‐blind treatment phase (Day 25); 7, 8, 9, 10, 11) Through the end of the double‐blind treatment phase (Day 25); 12, 13) Throughout the study INCLUSION CRITERIA: 1. Subject must be a man or woman, 18 to 64 years of age, inclusive. 2. Subject must meet Diagnostic and Statistical Manual of Mental Disorders (5th edition) (DSM‐5) diagnostic criteria for MDD, without psychotic features, based upon clinical assessment and confirmed by the MINI. 3. Subjects must have current suicidal ideation with intent, confirmed by a “Yes” response to Question B3 [Think (even momentarily) about harming or of hurting or of injuring yourself: with at least some intent or awareness that you might die as a result; or think about suicide (ie, about killing yourself)?] AND Question B10 [Intend to act on thoughts of killing yourself?] obtained from the MINI. Note: the response to B3 must refer to the present, whereas the response to B10 may reflect the past 24 hours. If the screening period is longer than 24 hours, assessment of B3 and B10 of MINI must be repeated prior to randomization to confirm eligibility. 4. In the physician’s opinion",JOUR,,,,,[],2017.0,,"A Study of the Efficacy and Safety of Intranasal Esketamine in the Rapid Reduction of Symptoms of Major Depressive Disorder, in Adults at Imminent Risk for Suicide",https://trialsearch.who.int/Trial2.aspx?TrialID=EUCTR2016-003992-23-CZ,"A Study of the Efficacy and Safety of Intranasal Esketamine in the Rapid Reduction of Symptoms of Major Depressive Disorder, in Adults at Imminent Risk for Suicide",https://www.cochranelibrary.com/central/doi/10.1002/central/CN-01892325/full,,Trial registry record,,"INTERVENTION: Product Name: Esketamine ‐ Nasal Solution ‐ eq 140mg/mL esketamine base (eq 161.4 mg/mL esketamine HCl) Pharmaceutical Form: Nasal spray, solution INN or Proposed INN: Esketamine (for (S)‐2‐(o‐chlorophenyl)‐2‐(methylamino)cyclohexanone) Other descriptive name: ESKETAMINE HYDROCHLORIDE Concentration unit: mg/ml milligram(s)/millilitre Concentration type: equal Concentration number: 140‐ Pharmaceutical form of the placebo: Nasal spray Route of administration of the placebo: Nasal use CONDITION: Major Depressive Disorder with Imminent Risk of Suicide ; MedDRA version: 20.1 Level: PT Classification code 10042458 Term: Suicidal ideation System Organ Class: 10037175 ‐ Psychiatric disorders ; MedDRA version: 20.0 Level: PT Classification code 10057840 Term: Major depression System Organ Class: 10037175 ‐ Psychiatric disorders ; MedDRA version: 20.0 Level: PT Classification code 10012397 Term: Depression suicidal System Organ Class: 10037175 ‐ Psychiatric disorders ; MedDRA version: 20.0 Level: PT Classification code 10065604 Term: Suicidal behaviour System Organ Class: 10037175 ‐ Psychiatric disorders Therapeutic area: Psychiatry and Psychology [F] ‐ Mental Disorders [F03] PRIMARY OUTCOME: Main Objective: The primary objective is to evaluate the efficacy of intranasal esketamine 84 mg compared with intranasal placebo in addition to comprehensive standard of care in reducing the symptoms of MDD, including suicidal ideation, in subjects who are assessed to be at imminent risk for suicide, as measured by the change from baseline on the Montgomery‐Asberg Depression Rating Scale (MADRS) total score at 24 hours post first dose. Primary end point(s): Change from baseline in depressive symptoms, as measured by the Montgomery‐Asberg Depression Rating Scale (MADRS) total score Secondary Objective: The key secondary objective is to assess the efficacy of intranasal esketamine compared with intranasal placebo in reducing severity of suicidality as measured by the clinical global impression of severity of suicidality revised version (CGI‐SS‐R) at 24 hours post first dose. Other secondary objectives are listed in Protocol Section 2.1.1. Timepoint(s) of evaluation of this end point: Day 1, predose to 24 hours post first dose SECONDARY OUTCOME: Secondary end point(s): 1) Change from baseline in severity of suicidality, as measured by the clinical global impression of severity of suicidality revised version (CGI‐SS‐R); 2) Remission rate (MADRS =12); 3) Change from baseline of MADRS total score ; 4) Change from baseline of CGI‐SS‐R; 5) Proportion of subjects achieving resolution of suicidality (CGI‐SS‐R score of 0 or 1); 6) Change from baseline of clinical global impression of imminent suicide risk (CGI SR‐I); 7) Change from baseline of Beck Hopelessness Scale (BHS); 8) Change from baseline of European Quality of Life (EuroQol) Group, 5‐Dimension, 5‐Level (EQ‐5D‐5L); 9) Change from baseline of Quality of Life in Depression Scale (QLDS); 10) Treatment Satisfaction Questionnaire for Medication (TSQM‐9) scores; 11) Suicidal Ideation and Behaviors Assessment Tool (SIBAT): Change from baseline in Module 3 My Current Thinking and Module 5 My Risk, Question 3 (patient‐reported frequency of suicidal thinking); 12) Pharmacokinetics: Plasma esketamine and noresketamine concentrations will be summarized; plasma concentrations of esketamine (and noresketamine concentrations, if warranted) will be included in a population analysis; 13) Safety endpoints will be evaluated throughout the study ‐ Monitoring of treatment emergent adverse events (TEAEs), Clinical laboratory tests, physical examination, nasal examination, 12‐lead electrocardiogram (ECG), and vital signs, SIBAT, On dosing days only: MOAA/S, CADSS, and pulse oximetry Timepoint(s) of evaluation of this end point: 1) From day 1, predose to 24 hours post first dose; 2, 5, 6) 4 hours and 24 hours post first dose, and through the end of the double‐blind treatment phase (Day 25); 3,4) 4 hours post first dose and through he end of the double‐blind treatment phase (Day 25); 7, 8, 9, 10, 11) Through the end of the double‐blind treatment phase (Day 25); 12, 13) Throughout the study INCLUSION CRITERIA: 1. Subject must be a man or woman, 18 to 64 years of age, inclusive. 2. Subject must meet Diagnostic and Statistical Manual of Mental Disorders (5th edition) (DSM‐5) diagnostic criteria for MDD, without psychotic features, based upon clinical assessment and confirmed by the MINI. 3. Subjects must have current suicidal ideation with intent, confirmed by a “Yes” response to Question B3 [Think (even momentarily) about harming or of hurting or of injuring yourself: with at least some intent or awareness that you might die as a result; or think about suicide (ie, about killing yourself)?] AND Question B10 [Intend to act on thoughts of killing yourself?] obtained from the MINI. Note: the response to B3 must refer to the present, whereas the response to B10 may reflect the past 24 hours. If the screening period is longer than 24 hours, assessment of B3 and B10 of MINI must be repeated prior to randomization to confirm eligibility. 4. In the physician’s opinion",,CN-01892325,,,,,,,,,,,"['Euctr, C. Z.']",,,,,,,,0.0,esketamine,1.0,286.0,,,,,,
2398,"A Study of the Efficacy and Safety of Intranasal Esketamine in the Rapid Reduction of Symptoms of Major Depressive Disorder, in Adults at Imminent Risk for Suicide.^
INTERVENTION: Product Name: Esketamine ‐ Nasal Solution ‐ eq 140mg/mL esketamine base (eq 161.4 mg/mL esketamine HCl) Pharmaceutical Form: Nasal spray, solution INN or Proposed INN: Esketamine (for (S)‐2‐(o‐chlorophenyl)‐2‐(methylamino)cyclohexanone) Other descriptive name: ESKETAMINE HYDROCHLORIDE Concentration unit: mg/ml milligram(s)/millilitre Concentration type: equal Concentration number: 140‐ Pharmaceutical form of the placebo: Nasal spray Route of administration of the placebo: Nasal use CONDITION: Major Depressive Disorder with Imminent Risk of Suicide ; MedDRA version: 20.1 Level: PT Classification code 10042458 Term: Suicidal ideation System Organ Class: 10037175 ‐ Psychiatric disorders ; MedDRA version: 20.0 Level: PT Classification code 10057840 Term: Major depression System Organ Class: 10037175 ‐ Psychiatric disorders ; MedDRA version: 20.0 Level: PT Classification code 10012397 Term: Depression suicidal System Organ Class: 10037175 ‐ Psychiatric disorders ; MedDRA version: 20.0 Level: PT Classification code 10065604 Term: Suicidal behaviour System Organ Class: 10037175 ‐ Psychiatric disorders Therapeutic area: Psychiatry and Psychology [F] ‐ Mental Disorders [F03] PRIMARY OUTCOME: Main Objective: The primary objective is to evaluate the efficacy of intranasal esketamine 84 mg compared with intranasal placebo in addition to comprehensive standard of care in reducing the symptoms of MDD, including suicidal ideation, in subjects who are assessed to be at imminent risk for suicide, as measured by the change from baseline on the Montgomery‐Asberg Depression Rating Scale (MADRS) total score at 24 hours post first dose. Primary end point(s): Change from baseline in depressive symptoms, as measured by the Montgomery‐Asberg Depression Rating Scale (MADRS) total score Secondary Objective: The key secondary objective is to assess the efficacy of intranasal esketamine compared with intranasal placebo in reducing severity of suicidality as measured by the clinical global impression of severity of suicidality revised version (CGI‐SS‐R) at 24 hours post first dose. Other secondary objectives are listed in Protocol Section 2.1.1. Timepoint(s) of evaluation of this end point: Day 1, predose to 24 hours post first dose SECONDARY OUTCOME: Secondary end point(s): 1) Change from baseline in severity of suicidality, as measured by the clinical global impression of severity of suicidality revised version (CGI‐SS‐R); 2) Remission rate (MADRS =12); 3) Change from baseline of MADRS total score ; 4) Change from baseline of CGI‐SS‐R; 5) Proportion of subjects achieving resolution of suicidality (CGI‐SS‐R score of 0 or 1); 6) Change from baseline of clinical global impression of imminent suicide risk (CGI SR‐I); 7) Change from baseline of Beck Hopelessness Scale (BHS); 8) Change from baseline of European Quality of Life (EuroQol) Group, 5‐Dimension, 5‐Level (EQ‐5D‐5L); 9) Change from baseline of Quality of Life in Depression Scale (QLDS); 10) Treatment Satisfaction Questionnaire for Medication (TSQM‐9) scores; 11) Suicidal Ideation and Behaviors Assessment Tool (SIBAT): Change from baseline in Module 3 My Current Thinking and Module 5 My Risk, Question 3 (patient‐reported frequency of suicidal thinking); 12) Pharmacokinetics: Plasma esketamine and noresketamine concentrations will be summarized; plasma concentrations of esketamine (and noresketamine concentrations, if warranted) will be included in a population analysis; 13) Safety endpoints will be evaluated throughout the study ‐ Monitoring of treatment emergent adverse events (TEAEs), Clinical laboratory tests, physical examination, nasal examination, 12‐lead electrocardiogram (ECG), and vital signs, SIBAT, On dosing days only: MOAA/S, CADSS, and pulse oximetry Timepoint(s) of evaluation of this end point: 1) From day 1, predose to 24 hours post first dose; 2, 5, 6) 4 hours and 24 hours post first dose, and through the end of the double‐blind treatment phase (Day 25); 3,4) 4 hours post first dose and through he end of the double‐blind treatment phase (Day 25); 7, 8, 9, 10, 11) Through the end of the double‐blind treatment phase (Day 25); 12, 13) Throughout the study INCLUSION CRITERIA: 1. Subject must be a man or woman, 18 to 64 years of age, inclusive. 2. Subject must meet Diagnostic and Statistical Manual of Mental Disorders (5th edition) (DSM‐5) diagnostic criteria for MDD, without psychotic features, based upon clinical assessment and confirmed by the MINI. 3. Subjects must have current suicidal ideation with intent, confirmed by a “Yes” response to Question B3 [Think (even momentarily) about harming or of hurting or of injuring yourself: with at least some intent or awareness that you might die as a result; or think about suicide (ie, about killing yourself)?] AND Question B10 [Intend to act on thoughts of killing yourself?] obtained from the MINI. Note: the response to B3 must refer to the present, whereas the response to B10 may reflect the past 24 hours. If the screening period is longer than 24 hours, assessment of B3 and B10 of MINI must be repeated prior to randomization to confirm eligibility. 4. In the physician’s opinion",JOUR,,,,,[],2018.0,,"A Study of the Efficacy and Safety of Intranasal Esketamine in the Rapid Reduction of Symptoms of Major Depressive Disorder, in Adults at Imminent Risk for Suicide",https://trialsearch.who.int/Trial2.aspx?TrialID=EUCTR2016-003992-23-ES,"A Study of the Efficacy and Safety of Intranasal Esketamine in the Rapid Reduction of Symptoms of Major Depressive Disorder, in Adults at Imminent Risk for Suicide",https://www.cochranelibrary.com/central/doi/10.1002/central/CN-01908651/full,,Trial registry record,,"INTERVENTION: Product Name: Esketamine ‐ Nasal Solution ‐ eq 140mg/mL esketamine base (eq 161.4 mg/mL esketamine HCl) Pharmaceutical Form: Nasal spray, solution INN or Proposed INN: Esketamine (for (S)‐2‐(o‐chlorophenyl)‐2‐(methylamino)cyclohexanone) Other descriptive name: ESKETAMINE HYDROCHLORIDE Concentration unit: mg/ml milligram(s)/millilitre Concentration type: equal Concentration number: 140‐ Pharmaceutical form of the placebo: Nasal spray Route of administration of the placebo: Nasal use CONDITION: Major Depressive Disorder with Imminent Risk of Suicide ; MedDRA version: 20.1 Level: PT Classification code 10042458 Term: Suicidal ideation System Organ Class: 10037175 ‐ Psychiatric disorders ; MedDRA version: 20.0 Level: PT Classification code 10057840 Term: Major depression System Organ Class: 10037175 ‐ Psychiatric disorders ; MedDRA version: 20.0 Level: PT Classification code 10012397 Term: Depression suicidal System Organ Class: 10037175 ‐ Psychiatric disorders ; MedDRA version: 20.0 Level: PT Classification code 10065604 Term: Suicidal behaviour System Organ Class: 10037175 ‐ Psychiatric disorders Therapeutic area: Psychiatry and Psychology [F] ‐ Mental Disorders [F03] PRIMARY OUTCOME: Main Objective: The primary objective is to evaluate the efficacy of intranasal esketamine 84 mg compared with intranasal placebo in addition to comprehensive standard of care in reducing the symptoms of MDD, including suicidal ideation, in subjects who are assessed to be at imminent risk for suicide, as measured by the change from baseline on the Montgomery‐Asberg Depression Rating Scale (MADRS) total score at 24 hours post first dose. Primary end point(s): Change from baseline in depressive symptoms, as measured by the Montgomery‐Asberg Depression Rating Scale (MADRS) total score Secondary Objective: The key secondary objective is to assess the efficacy of intranasal esketamine compared with intranasal placebo in reducing severity of suicidality as measured by the clinical global impression of severity of suicidality revised version (CGI‐SS‐R) at 24 hours post first dose. Other secondary objectives are listed in Protocol Section 2.1.1. Timepoint(s) of evaluation of this end point: Day 1, predose to 24 hours post first dose SECONDARY OUTCOME: Secondary end point(s): 1) Change from baseline in severity of suicidality, as measured by the clinical global impression of severity of suicidality revised version (CGI‐SS‐R); 2) Remission rate (MADRS =12); 3) Change from baseline of MADRS total score ; 4) Change from baseline of CGI‐SS‐R; 5) Proportion of subjects achieving resolution of suicidality (CGI‐SS‐R score of 0 or 1); 6) Change from baseline of clinical global impression of imminent suicide risk (CGI SR‐I); 7) Change from baseline of Beck Hopelessness Scale (BHS); 8) Change from baseline of European Quality of Life (EuroQol) Group, 5‐Dimension, 5‐Level (EQ‐5D‐5L); 9) Change from baseline of Quality of Life in Depression Scale (QLDS); 10) Treatment Satisfaction Questionnaire for Medication (TSQM‐9) scores; 11) Suicidal Ideation and Behaviors Assessment Tool (SIBAT): Change from baseline in Module 3 My Current Thinking and Module 5 My Risk, Question 3 (patient‐reported frequency of suicidal thinking); 12) Pharmacokinetics: Plasma esketamine and noresketamine concentrations will be summarized; plasma concentrations of esketamine (and noresketamine concentrations, if warranted) will be included in a population analysis; 13) Safety endpoints will be evaluated throughout the study ‐ Monitoring of treatment emergent adverse events (TEAEs), Clinical laboratory tests, physical examination, nasal examination, 12‐lead electrocardiogram (ECG), and vital signs, SIBAT, On dosing days only: MOAA/S, CADSS, and pulse oximetry Timepoint(s) of evaluation of this end point: 1) From day 1, predose to 24 hours post first dose; 2, 5, 6) 4 hours and 24 hours post first dose, and through the end of the double‐blind treatment phase (Day 25); 3,4) 4 hours post first dose and through he end of the double‐blind treatment phase (Day 25); 7, 8, 9, 10, 11) Through the end of the double‐blind treatment phase (Day 25); 12, 13) Throughout the study INCLUSION CRITERIA: 1. Subject must be a man or woman, 18 to 64 years of age, inclusive. 2. Subject must meet Diagnostic and Statistical Manual of Mental Disorders (5th edition) (DSM‐5) diagnostic criteria for MDD, without psychotic features, based upon clinical assessment and confirmed by the MINI. 3. Subjects must have current suicidal ideation with intent, confirmed by a “Yes” response to Question B3 [Think (even momentarily) about harming or of hurting or of injuring yourself: with at least some intent or awareness that you might die as a result; or think about suicide (ie, about killing yourself)?] AND Question B10 [Intend to act on thoughts of killing yourself?] obtained from the MINI. Note: the response to B3 must refer to the present, whereas the response to B10 may reflect the past 24 hours. If the screening period is longer than 24 hours, assessment of B3 and B10 of MINI must be repeated prior to randomization to confirm eligibility. 4. In the physician’s opinion",,CN-01908651,,,,,,,,,,,"['Euctr, E. S.']",,,,,,,,0.0,esketamine,1.0,287.0,,,,,,
8180,"Relationship of ketamine's antidepressant and psychotomimetic effects in unipolar depression.^
OBJECTIVES: Ketamine and other NMDA (N-methyl-D-aspartate) antagonists produce fast-acting antidepressant-like effects, although the underlying mechanism is unclear. Furthermore, high affinity NMDA antagonists such as ketamine are associated with psychotomimetic effects. To date the link between the antidepressant and psychotomimetic effects of ketamine has not been explored. We examined the relationship between the antidepressant and psychotomimetic effects of a single ketamine infusion in subjects diagnosed with major depressive disorder. METHODS: In a double-blind, cross-over, placebo-controlled, two weeks clinical trial we studied the effects of ketamine (0.54 mg/kg within 30 min) in a group of 27 hospitalized depressive patients. RESULTS: Higher intensity of psychotomimetic symptoms, measured using BPRS, during ketamine administration correlated with alleviation in mood ratings during the following week with maximum on day seven. Ketamine was superior to placebo in all visits (day 1, 4, and 7) assessed by MADRS with effect size (Cohen´s d) of 0.62, 0.57, and 0.44 respectively. There was no significant correlation between ketamine and nor-ketamine plasma levels and MADRS score change at any study time point. CONCLUSION: The substantial relationship between ketamine's antidepressant and psychotomimetic effects was found. This relationship could be mediated by the initial steps of ketamine's action, trough NMDA receptors, shared by both ketamine's clinical effects.",JOUR,,4,"['Adult', 'Antidepressive Agents/*therapeutic use', 'Cross-Over Studies', 'Depressive Disorder, Major/*drug therapy', 'Double-Blind Method', 'Female', 'Hallucinogens/*therapeutic use', 'Humans', 'Infusions, Intravenous', 'Ketamine/*therapeutic use', 'Male', 'Middle Aged', 'Receptors, N-Methyl-D-Aspartate/*antagonists & inhibitors', 'Treatment Outcome']",eng,"['Sos, Peter', 'Klirova, Monika', 'Novak, Tomas', 'Kohutova, Barbora', 'Horacek, Jiri', 'Palenicek, Tomas', 'Journal Article', 'Randomized Controlled Trial', ""Research Support, Non-U.S. Gov't"", 'Sweden', '2013/06/28', 'Neuro Endocrinol Lett. 2013;34(4):287-93.']",2013.0,287-93,Relationship of ketamine's antidepressant and psychotomimetic effects in unipolar depression,Neuro Endocrinol Lett,Relationship of ketamine's antidepressant and psychotomimetic effects in unipolar depression,,34,,0172-780X (Print) 0172-780x,"OBJECTIVES: Ketamine and other NMDA (N-methyl-D-aspartate) antagonists produce fast-acting antidepressant-like effects, although the underlying mechanism is unclear. Furthermore, high affinity NMDA antagonists such as ketamine are associated with psychotomimetic effects. To date the link between the antidepressant and psychotomimetic effects of ketamine has not been explored. We examined the relationship between the antidepressant and psychotomimetic effects of a single ketamine infusion in subjects diagnosed with major depressive disorder. METHODS: In a double-blind, cross-over, placebo-controlled, two weeks clinical trial we studied the effects of ketamine (0.54 mg/kg within 30 min) in a group of 27 hospitalized depressive patients. RESULTS: Higher intensity of psychotomimetic symptoms, measured using BPRS, during ketamine administration correlated with alleviation in mood ratings during the following week with maximum on day seven. Ketamine was superior to placebo in all visits (day 1, 4, and 7) assessed by MADRS with effect size (Cohen´s d) of 0.62, 0.57, and 0.44 respectively. There was no significant correlation between ketamine and nor-ketamine plasma levels and MADRS score change at any study time point. CONCLUSION: The substantial relationship between ketamine's antidepressant and psychotomimetic effects was found. This relationship could be mediated by the initial steps of ketamine's action, trough NMDA receptors, shared by both ketamine's clinical effects.",,23803871,,NLM,,,,,,,,"Prague Psychiatric Centre, Prague, Czech Republic. sos@pcp.lf3.cuni.cz","['Sos, P.', 'Klirova, M.', 'Novak, T.', 'Kohutova, B.', 'Horacek, J.', 'Palenicek, T.']",,,,,,,,0.0,,1.0,588.0,,,,,,
5122,"Do the dissociative side effects of ketamine mediate its antidepressant effects?.^
Background The N-methyl-d-aspartate receptor antagonist ketamine has rapid antidepressant effects in major depression. Psychotomimetic symptoms, dissociation and hemodynamic changes are known side effects of ketamine, but it is unclear if these side effects relate to its antidepressant efficacy. Methods Data from 108 treatment-resistant inpatients meeting criteria for major depressive disorder and bipolar disorder who received a single subanesthetic ketamine infusion were analyzed. Pearson correlations were performed to examine potential associations between rapid changes in dissociation and psychotomimesis with the Clinician-Administered Dissociative States Scale (CADSS) and Brief Psychiatric Rating Scale (BPRS), respectively, manic symptoms with Young Mania Rating Scale (YMRS), and vital sign changes, with percent change in the 17-item Hamilton Depression Rating scale (HDRS) at 40 and 230 min and Days 1 and 7. Results Pearson correlations showed significant association between increased CADSS score at 40 min and percent improvement with ketamine in HDRS at 230 min (r=-0.35,p=0.007)and Day7(r=-0.41,p=0.01). Changes in YMRS or BPRS Positive Symptom score at 40 min were not significantly correlated with percent HDRS improvement at any time point with ketamine. Changes in systolic blood pressure, diastolic blood pressure, and pulse were also not significantly related to HDRS change. Limitations Secondary data analysis, combined diagnostic groups, potential unblinding. Conclusions Among the examined mediators of ketamine×.",JOUR,Embase Medline,,"['ketamine', 'placebo', 'riluzole', 'add on therapy', 'adult', 'article', 'bipolar disorder', 'Brief Psychiatric Rating Scale', 'clinician administered dissociative state scale', 'controlled study', 'diastolic blood pressure', 'dissociative disorder', 'female', 'Hamilton Depression Rating Scale', 'hospital patient', 'human', 'major clinical study', 'major depression', 'male', 'mania', 'positive syndrome', 'priority journal', 'pulse rate', 'rating scale', 'single drug dose', 'systolic blood pressure', 'treatment resistant depression', 'vital sign', 'Young Mania Rating Scale']",English,"['L372546527', '2014-03-14', '2014-03-19']",2014.0,56-61,Do the dissociative side effects of ketamine mediate its antidepressant effects?,Journal of Affective Disorders,Do the dissociative side effects of ketamine mediate its antidepressant effects?,https://www.embase.com/search/results?subaction=viewrecord&id=L372546527&from=export http://dx.doi.org/10.1016/j.jad.2014.02.017Brief,159,Article,0165-0327 1573-2517,"Background The N-methyl-d-aspartate receptor antagonist ketamine has rapid antidepressant effects in major depression. Psychotomimetic symptoms, dissociation and hemodynamic changes are known side effects of ketamine, but it is unclear if these side effects relate to its antidepressant efficacy. Methods Data from 108 treatment-resistant inpatients meeting criteria for major depressive disorder and bipolar disorder who received a single subanesthetic ketamine infusion were analyzed. Pearson correlations were performed to examine potential associations between rapid changes in dissociation and psychotomimesis with the Clinician-Administered Dissociative States Scale (CADSS) and Brief Psychiatric Rating Scale (BPRS), respectively, manic symptoms with Young Mania Rating Scale (YMRS), and vital sign changes, with percent change in the 17-item Hamilton Depression Rating scale (HDRS) at 40 and 230 min and Days 1 and 7. Results Pearson correlations showed significant association between increased CADSS score at 40 min and percent improvement with ketamine in HDRS at 230 min (r=-0.35,p=0.007)and Day7(r=-0.41,p=0.01). Changes in YMRS or BPRS Positive Symptom score at 40 min were not significantly correlated with percent HDRS improvement at any time point with ketamine. Changes in systolic blood pressure, diastolic blood pressure, and pulse were also not significantly related to HDRS change. Limitations Secondary data analysis, combined diagnostic groups, potential unblinding. Conclusions Among the examined mediators of ketamine×.",10.1016/j.jad.2014.02.017Brief,,,,,,,,,,,"C.A. Zarate, Experimental Therapeutics and Pathophysiology Branch, Intramural Research Program, National Institutes of Health (NIH), 7-534210 Center Drive, Bethesda, MD 20892, United States","['Luckenbaugh, D. A.', 'Niciu, M. J.', 'Ionescu, D. F.', 'Nolan, N. M.', 'Richards, E. M.', 'Brutsche, N. E.', 'Guevara, S.', 'Zarate, C. A.']",,,,,,,,0.0,,1.0,589.0,,,,,,
8179,"Relationship of ketamine's antidepressant and psychotomimetic effects in unipolar depression.^
OBJECTIVES: Ketamine and other NMDA (N-methyl-D-aspartate) antagonists produce fast-acting antidepressant-like effects, although the underlying mechanism is unclear. Furthermore, high affinity NMDA antagonists such as ketamine are associated with psychotomimetic effects. To date the link between the antidepressant and psychotomimetic effects of ketamine has not been explored. We examined the relationship between the antidepressant and psychotomimetic effects of a single ketamine infusion in subjects diagnosed with major depressive disorder. METHODS: In a double-blind, cross-over, placebo-controlled, two weeks clinical trial we studied the effects of ketamine (0.54 mg/kg within 30 min) in a group of 27 hospitalized depressive patients. RESULTS: Higher intensity of psychotomimetic symptoms, measured using BPRS, during ketamine administration correlated with alleviation in mood ratings during the following week with maximum on day seven. Ketamine was superior to placebo in all visits (day 1, 4, and 7) assessed by MADRS with effect size (Cohen's d) of 0.62, 0.57, and 0.44 respectively. There was no significant correlation between ketamine and nor-ketamine plasma levels and MADRS score change at any study time point. CONCLUSION: The substantial relationship between ketamine's antidepressant and psychotomimetic effects was found. This relationship could be mediated by the initial steps of ketamine's action, trough NMDA receptors, shared by both ketamine's clinical effects. © 2013 Activitas Nervosa Superior Rediviva ISSN 1337-933X.",JOUR,Embase,1-2,"['ketamine', 'norketamine', 'placebo', 'psychedelic agent', 'unclassified drug', 'adult', 'antidepressant activity', 'article', 'blood pressure', 'Brief Psychiatric Rating Scale', 'clinical article', 'confusion', 'controlled study', 'crossover procedure', 'dissociation', 'double blind procedure', 'drug blood level', 'drug distribution', 'drug efficacy', 'drug elimination', 'drug half life', 'drug metabolism', 'emotional disorder', 'euphoria', 'female', 'hospitalization', 'human', 'infusion', 'major depression', 'male', 'Montgomery Asberg Depression Rating Scale', 'mood', 'perception disorder', 'randomized controlled trial', 'side effect', 'symptomatology']",English,"['L370106908', '2013-10-31', '2013-11-06']",2013.0,57-63,Relationship of ketamine's antidepressant and psychotomimetic effects in unipolar depression,Activitas Nervosa Superior Rediviva,Relationship of ketamine's antidepressant and psychotomimetic effects in unipolar depression,https://www.embase.com/search/results?subaction=viewrecord&id=L370106908&from=export,55,Article,1337-933X,"OBJECTIVES: Ketamine and other NMDA (N-methyl-D-aspartate) antagonists produce fast-acting antidepressant-like effects, although the underlying mechanism is unclear. Furthermore, high affinity NMDA antagonists such as ketamine are associated with psychotomimetic effects. To date the link between the antidepressant and psychotomimetic effects of ketamine has not been explored. We examined the relationship between the antidepressant and psychotomimetic effects of a single ketamine infusion in subjects diagnosed with major depressive disorder. METHODS: In a double-blind, cross-over, placebo-controlled, two weeks clinical trial we studied the effects of ketamine (0.54 mg/kg within 30 min) in a group of 27 hospitalized depressive patients. RESULTS: Higher intensity of psychotomimetic symptoms, measured using BPRS, during ketamine administration correlated with alleviation in mood ratings during the following week with maximum on day seven. Ketamine was superior to placebo in all visits (day 1, 4, and 7) assessed by MADRS with effect size (Cohen's d) of 0.62, 0.57, and 0.44 respectively. There was no significant correlation between ketamine and nor-ketamine plasma levels and MADRS score change at any study time point. CONCLUSION: The substantial relationship between ketamine's antidepressant and psychotomimetic effects was found. This relationship could be mediated by the initial steps of ketamine's action, trough NMDA receptors, shared by both ketamine's clinical effects. © 2013 Activitas Nervosa Superior Rediviva ISSN 1337-933X.",,,,,,,,,,,,"P. Sos, Prague Psychiatric Centre, Ústavní 91, CZ-181 03 Praha 8, Czech Republic","['Sos, P.', 'Klirova, M.', 'Novak, T.', 'Kohutova, B.', 'Horacek, J.', 'Palenice, T.']",,,,,,,,0.0,,1.0,659.0,,,,,,
4631,"Cortisol levels and MDMA-induced memory impairment.^
Objective: Ecstasy use is commonly linked with memory deficits in abstinent ecstasy users. Similar impairments are being found during ecstasy intoxication after single doses of MDMA. The concordance of memory impairments during intoxication and abstinence suggests a similar neuropharmacological mechanism underlying acute and chronic memory impairments. The mechanism underlying this impairment is to date not known. We hypothesized that cortisol might play an important role in this mechanism as cortisol, implicated in the regulation of memory performance, can be brought out of balance by stressors like MDMA. In the present study we aimed to block the MDMA‐induced acute memory defect by giving participants a cortisol synthesis inhibitor (Metyrapone1) together with a single dose of MDMA. Methods: Seventeen polydrug MDMA users entered this placebo controlled within subject study with four treatment conditions. The treatments consisted of MDMA (75 mg) and Metyrapone1 (750 mg), alone and in combination, and double placebo. Pretreatment with Metyrapone or Placebo occured 1 h prior to MDMA or Placebo administration. Memory performance was tested at peak drug concentrations by means of several memory tests. Cortisol levels were determined in blood ; this served as a control measure to see whether manipulations were effective. Results: Main findings indicated that whereas treatment with Metyrapone blocked the expected MDMA‐induced increase in cortisol levels in blood, it did not prevent the MDMA‐induced memory deficit from happening. Conclusion: We therefore conclude that MDMA‐induced increases in cortisol concentrations are not responsible for impairing memory performance while intoxicated with MDMA.",JOUR,,,"['*3,4 methylenedioxymethamphetamine', '*hydrocortisone', '*memory disorder', '*psychopharmacology', 'Abstinence', 'Amnesia', 'Blood', 'Drug concentration', 'Human', 'Intoxication', 'Memory', 'Metyrapone', 'Placebo', 'Single drug dose', 'Synthesis', 'memory disorder', 'psychopharmacology']",,[],2012.0,72,Cortisol levels and MDMA-induced memory impairment,International journal of neuropsychopharmacology,Cortisol levels and MDMA-induced memory impairment,https://www.cochranelibrary.com/central/doi/10.1002/central/CN-01065335/full,15,Journal article; Conference proceeding,,"Objective: Ecstasy use is commonly linked with memory deficits in abstinent ecstasy users. Similar impairments are being found during ecstasy intoxication after single doses of MDMA. The concordance of memory impairments during intoxication and abstinence suggests a similar neuropharmacological mechanism underlying acute and chronic memory impairments. The mechanism underlying this impairment is to date not known. We hypothesized that cortisol might play an important role in this mechanism as cortisol, implicated in the regulation of memory performance, can be brought out of balance by stressors like MDMA. In the present study we aimed to block the MDMA‐induced acute memory defect by giving participants a cortisol synthesis inhibitor (Metyrapone1) together with a single dose of MDMA. Methods: Seventeen polydrug MDMA users entered this placebo controlled within subject study with four treatment conditions. The treatments consisted of MDMA (75 mg) and Metyrapone1 (750 mg), alone and in combination, and double placebo. Pretreatment with Metyrapone or Placebo occured 1 h prior to MDMA or Placebo administration. Memory performance was tested at peak drug concentrations by means of several memory tests. Cortisol levels were determined in blood ; this served as a control measure to see whether manipulations were effective. Results: Main findings indicated that whereas treatment with Metyrapone blocked the expected MDMA‐induced increase in cortisol levels in blood, it did not prevent the MDMA‐induced memory deficit from happening. Conclusion: We therefore conclude that MDMA‐induced increases in cortisol concentrations are not responsible for impairing memory performance while intoxicated with MDMA.",10.1017/S1461145712000508,CN-01065335,,,,,,,,,,,"['Kuypers, K.', 'De La Torre, R.', 'Farre, M.', 'Ramaekers, J. G.']",,,,,,,,0.0,,1.0,1366.0,,,,,,
4652,"Cortisol levels and MDMA-induced memory impairment.^
Background: Ecstasy use is commonly linked with memory deficits in abstinent ecstasy users. Similar impairments are being found during ecstasy intoxication after single doses of MDMA. The concordance of memory impairments during intoxication and abstinence suggests a similar neuropharmacological mechanism underlying acute and chronic memory impairments. The mechanism underlying this impairment is to date not known. We hypothesized that cortisol might play an important role in this mechanism as cortisol, implicated in the regulation of memory performance, can be brought out of balance by stressors like MDMA. In the present study we aimed to block the MDMA‐induced acute memory defect by giving participants a cortisol synthesis inhibitor (Metyrapone) together with a single dose of MDMA. Methods: Seventeen polydrug MDMA users entered this placebo controlled within subject study with four treatment conditions. The treatments consisted of MDMA (75 mg) and Metyrapone (750 mg), alone and in combination, and double placebo. A dose of 750mg Metyrapone had previously been used in other studies and it was shown that it effectively suppresses the synthesis of cortisol within 2 hours post‐dose. Pretreatment with Metyrapone or Placebo occured 1 h prior to MDMA or Placebo administration. Memory performance was tested at peak drug concentrations by means of several memory tests. Cortisol levels were determined in blood; this served as a control measure to see whether manipulations were effective. Results: Main findings indicated that whereas treatment withMetyrapone blocked the expected MDMA‐induced increase in cortisol levels in blood, it did not prevent the MDMA‐induced memory deficit from happening. Conclusion: We therefore conclude that MDMA‐induced increases in cortisol concentrations are not responsible for impairing memory performance while intoxicated with MDMA.",JOUR,,,"['*3,4 methylenedioxymethamphetamine', '*hydrocortisone', '*memory disorder', '*pharmacology', '*society', 'Abstinence', 'Amnesia', 'Blood', 'Drug concentration', 'Human', 'Intoxication', 'Memory', 'Metyrapone', 'Placebo', 'Single drug dose', 'Synthesis', 'memory disorder', 'pharmacology', 'society']",,[],2011.0,e31‐e32,Cortisol levels and MDMA-induced memory impairment,Behavioural pharmacology,Cortisol levels and MDMA-induced memory impairment,https://www.cochranelibrary.com/central/doi/10.1002/central/CN-01029334/full,22,Journal article; Conference proceeding,,"Background: Ecstasy use is commonly linked with memory deficits in abstinent ecstasy users. Similar impairments are being found during ecstasy intoxication after single doses of MDMA. The concordance of memory impairments during intoxication and abstinence suggests a similar neuropharmacological mechanism underlying acute and chronic memory impairments. The mechanism underlying this impairment is to date not known. We hypothesized that cortisol might play an important role in this mechanism as cortisol, implicated in the regulation of memory performance, can be brought out of balance by stressors like MDMA. In the present study we aimed to block the MDMA‐induced acute memory defect by giving participants a cortisol synthesis inhibitor (Metyrapone) together with a single dose of MDMA. Methods: Seventeen polydrug MDMA users entered this placebo controlled within subject study with four treatment conditions. The treatments consisted of MDMA (75 mg) and Metyrapone (750 mg), alone and in combination, and double placebo. A dose of 750mg Metyrapone had previously been used in other studies and it was shown that it effectively suppresses the synthesis of cortisol within 2 hours post‐dose. Pretreatment with Metyrapone or Placebo occured 1 h prior to MDMA or Placebo administration. Memory performance was tested at peak drug concentrations by means of several memory tests. Cortisol levels were determined in blood; this served as a control measure to see whether manipulations were effective. Results: Main findings indicated that whereas treatment withMetyrapone blocked the expected MDMA‐induced increase in cortisol levels in blood, it did not prevent the MDMA‐induced memory deficit from happening. Conclusion: We therefore conclude that MDMA‐induced increases in cortisol concentrations are not responsible for impairing memory performance while intoxicated with MDMA.",10.1097/01.fbp.0000399674.93315.4e,CN-01029334,,,,,,,,,,,"['Kuypers, K. P. C.', 'De La Torre, R.', 'Farre, M.', 'Pujadas, M.', 'Ramaekers, J. G.']",,,,,,,,0.0,,1.0,1370.0,,,,,,
2160,"MDMA Impairs Both the Encoding and Retrieval of Emotional Recollections.^
The psychoactive drug ±3,4‐methylenedioxymethamphetamine (MDMA) is increasingly used for its perceived emotional effects (eg, prosociality, empathy, psychotherapy), but surprisingly little research has been aimed at identifying the effect of the drug on emotional episodic memory in humans. Here, we report the first double‐blind placebo‐controlled study to examine the effects of MDMA on emotional memory separately during encoding and retrieval in healthy participants. Participants viewed emotionally negative, neutral, and positive pictures and their labels. Forty‐eight hours later, they were given cued recollection and recognition memory tests designed to assess recollection and familiarity for the studied pictures. Participants were randomly assigned to one of three groups who received MDMA (1mg/kg) either during encoding (Encoding group; N=20), retrieval (Retrieval group; N=20), or neither (Placebo group; N=20). Although MDMA administered at either phase did not affect overall memory accuracy, it did alter the recollection of details associated specifically with emotional memories as estimated using a dual process signal detection analysis of confidence judgments and subjective 'remember' judgments. In the Encoding group, MDMA reduced recollection estimates for negative and positive pictures but had little to no effect on neutral items or familiarity estimates. There was evidence for similar trends in the Retrieval group. These findings indicate that MDMA attenuates the encoding and retrieval of salient details from emotional events, consistent with the idea that its potential therapeutic effects for treating posttraumatic stress disorder are related to altering emotional memory.Neuropsychopharmacology advance online publication, 27 September 2017; doi:10.1038/npp.2017.171.",JOUR,,,,,[],2017.0,,MDMA Impairs Both the Encoding and Retrieval of Emotional Recollections,Neuropsychopharmacology,MDMA Impairs Both the Encoding and Retrieval of Emotional Recollections,https://www.cochranelibrary.com/central/doi/10.1002/central/CN-01415798/full,,Journal article,,"The psychoactive drug ±3,4‐methylenedioxymethamphetamine (MDMA) is increasingly used for its perceived emotional effects (eg, prosociality, empathy, psychotherapy), but surprisingly little research has been aimed at identifying the effect of the drug on emotional episodic memory in humans. Here, we report the first double‐blind placebo‐controlled study to examine the effects of MDMA on emotional memory separately during encoding and retrieval in healthy participants. Participants viewed emotionally negative, neutral, and positive pictures and their labels. Forty‐eight hours later, they were given cued recollection and recognition memory tests designed to assess recollection and familiarity for the studied pictures. Participants were randomly assigned to one of three groups who received MDMA (1mg/kg) either during encoding (Encoding group; N=20), retrieval (Retrieval group; N=20), or neither (Placebo group; N=20). Although MDMA administered at either phase did not affect overall memory accuracy, it did alter the recollection of details associated specifically with emotional memories as estimated using a dual process signal detection analysis of confidence judgments and subjective 'remember' judgments. In the Encoding group, MDMA reduced recollection estimates for negative and positive pictures but had little to no effect on neutral items or familiarity estimates. There was evidence for similar trends in the Retrieval group. These findings indicate that MDMA attenuates the encoding and retrieval of salient details from emotional events, consistent with the idea that its potential therapeutic effects for treating posttraumatic stress disorder are related to altering emotional memory.Neuropsychopharmacology advance online publication, 27 September 2017; doi:10.1038/npp.2017.171.",,CN-01415798,,,,,,,,,,,"['Doss, M. K.', 'Weafer, J.', 'Gallo, D. A.', 'de Wit, H.']",,,,,,,,0.0,,1.0,1793.0,,,,,,
3673,"Systematized Review of Psychotherapeutic Components of Psilocybin-Assisted Psychotherapy.^
Objective: This systematized review sought to fill a gap in psilocybin research by investigating the structure and format of psilocybin-assisted psychotherapy (PAP), with a focus on the counseling components of the treatment. Methods: A systematized review of PAP was conducted by using the PubMed and PsycInfo databases to search for peer-reviewed studies of human clinical trials, published within the past 25 years, in which psilocybin was administered with psychological support in a clinical setting. Results: Eleven articles matched the criteria necessary for inclusion in this review. PAP was found to consist of three stages: pretreatment sessions to prepare participants for psilocybin, treatment sessions in which psilocybin was administered, and posttreatment sessions to integrate the experience with daily life. Conventional psychotherapy was primarily seen in the pre- and posttreatment sessions. Psychotherapies included in PAP differed among studies, but most often included music therapy and a nondirective supportive approach to treatment. Conclusions: This systematized review found important commonalities among clinical trials of PAP published within the past 25 years and revealed key differences among studies in psychotherapy's incorporation into PAP. Additional research is needed to identify the unique effect of psychotherapy in PAP.",JOUR,Embase Medline,2,"['nicotinic acid', 'placebo', 'psilocybine', 'alcoholism', 'client centered therapy', 'clinical outcome', 'cognitive behavioral therapy', 'drug dose reduction', 'drug megadose', 'female', 'group therapy', 'guided imagery', 'handwriting', 'human', 'low drug dose', 'major depression', 'male', 'meditation', 'Medline', 'mental disease', 'mindfulness', 'motivational interviewing', 'music therapy', 'obsessive compulsive disorder', 'palliative therapy', 'psychological care', 'psychotherapy', 'PsycINFO', 'qualitative analysis', 'quantitative analysis', 'randomized controlled trial (topic)', 'review', 'side effect', 'systematic review', 'treatment resistant depression']",English,"['L2023035204', '2023-03-06', '2023-03-20']",2022.0,140-149,Systematized Review of Psychotherapeutic Components of Psilocybin-Assisted Psychotherapy,American Journal of Psychotherapy,Systematized Review of Psychotherapeutic Components of Psilocybin-Assisted Psychotherapy,https://www.embase.com/search/results?subaction=viewrecord&id=L2023035204&from=export http://dx.doi.org/10.1176/appi.psychotherapy.20220001,75,Review,0002-9564,"Objective: This systematized review sought to fill a gap in psilocybin research by investigating the structure and format of psilocybin-assisted psychotherapy (PAP), with a focus on the counseling components of the treatment. Methods: A systematized review of PAP was conducted by using the PubMed and PsycInfo databases to search for peer-reviewed studies of human clinical trials, published within the past 25 years, in which psilocybin was administered with psychological support in a clinical setting. Results: Eleven articles matched the criteria necessary for inclusion in this review. PAP was found to consist of three stages: pretreatment sessions to prepare participants for psilocybin, treatment sessions in which psilocybin was administered, and posttreatment sessions to integrate the experience with daily life. Conventional psychotherapy was primarily seen in the pre- and posttreatment sessions. Psychotherapies included in PAP differed among studies, but most often included music therapy and a nondirective supportive approach to treatment. Conclusions: This systematized review found important commonalities among clinical trials of PAP published within the past 25 years and revealed key differences among studies in psychotherapy's incorporation into PAP. Additional research is needed to identify the unique effect of psychotherapy in PAP.",10.1176/appi.psychotherapy.20220001,,,,,,,,,,,"D.M. Horton, Department of Allied Health Sciences, University of North Carolina, Chapel Hill, United States","['Horton, D. M.', 'Morrison, B.', 'Schmidt, J.']",,,,,,,,0.0,,1.0,3077.0,,,,,,
257,"Subjective effects of Salvia divinorum: LSD- or marijuana-like?.^
Salvia divinorum is a naturally occurring psychedelic considered to be one of the most potent hallucinogens found to date. The few behavioral studies conducted conclude that Salvia's effects may be similar to traditional psychedelics, which is noteworthy because Salvia acts via a unique molecular mechanism as a kappa opioid receptor agonist. One hundred and ninety-three participants, including 34 Salvia users, were asked to fill out a series of questionnaires related to general drug use, personality characteristics, demographics and their experiences with Salvia. Salvia users were found to differ from nonusers on personality characteristics and reported consuming significantly more alcohol than nonusers. In addition, although Salvia users rated their hallucinogenic experiences as similar to those seen in previously published reports, the majority likened their experiences as most similar to marijuana instead of more traditional psychedelics. Low scores on the ARCI LSD subscale confirmed this finding and call into question the reigning theory of LSD-like subjective effects elicited by Salvia.",JOUR,Embase Medline,3,"['cannabis', 'psychedelic agent', 'adult', 'article', 'controlled study', 'demography', 'drug dependence', 'drug use', 'female', 'human', 'major clinical study', 'male', 'personality', 'questionnaire', 'Salvia', 'Salvia divinorum']",English,"['L355736749', '2010-01-18']",2009.0,213-217,Subjective effects of Salvia divinorum: LSD- or marijuana-like?,Journal of Psychoactive Drugs,Subjective effects of Salvia divinorum: LSD- or marijuana-like?,https://www.embase.com/search/results?subaction=viewrecord&id=L355736749&from=export,41,Article,0279-1072,"Salvia divinorum is a naturally occurring psychedelic considered to be one of the most potent hallucinogens found to date. The few behavioral studies conducted conclude that Salvia's effects may be similar to traditional psychedelics, which is noteworthy because Salvia acts via a unique molecular mechanism as a kappa opioid receptor agonist. One hundred and ninety-three participants, including 34 Salvia users, were asked to fill out a series of questionnaires related to general drug use, personality characteristics, demographics and their experiences with Salvia. Salvia users were found to differ from nonusers on personality characteristics and reported consuming significantly more alcohol than nonusers. In addition, although Salvia users rated their hallucinogenic experiences as similar to those seen in previously published reports, the majority likened their experiences as most similar to marijuana instead of more traditional psychedelics. Low scores on the ARCI LSD subscale confirmed this finding and call into question the reigning theory of LSD-like subjective effects elicited by Salvia.",,,,,,,,,,,,"D. N. Albertson, Department of Psychology, 23 Armstrong Hall, Minnesota State University, Mankato, MN 56001, United States","['Albertson, D. N.', 'Grubbs, L. E.']",,,,,,,,0.0,,1.0,3092.0,,,,,,
2256,"Efficacy of Intravenous Ketamine in Adolescent Treatment-Resistant Depression: A Randomized Midazolam-Controlled Trial.^
OBJECTIVE: Adolescent depression is prevalent and is associated with significant morbidity and mortality. Although intravenous ketamine has shown efficacy in adult treatment-resistant depression, its efficacy in pediatric populations is unknown. The authors conducted an active-placebo-controlled study of ketamine's safety and efficacy in adolescents. METHODS: In this proof-of-concept randomized, double-blind, single-dose crossover clinical trial, 17 adolescents (ages 13-17) with a diagnosis of major depressive disorder received a single intravenous infusion of either ketamine (0.5 mg/kg over 40 minutes) or midazolam (0.045 mg/kg over 40 minutes), and the alternate compound 2 weeks later. All participants had previously tried at least one antidepressant medication and met the severity criterion of a score >40 on the Children's Depression Rating Scale-Revised. The primary outcome measure was score on the Montgomery-Åsberg Depression Rating Scale (MADRS) 24 hours after treatment. RESULTS: A single ketamine infusion significantly reduced depressive symptoms 24 hours after infusion compared with midazolam (MADRS score: midazolam, mean=24.13, SD=12.08, 95% CI=18.21, 30.04; ketamine, mean=15.44, SD=10.07, 95% CI=10.51, 20.37; mean difference=-8.69, SD=15.08, 95% CI=-16.72, -0.65, df=15; effect size=0.78). In secondary analyses, the treatment gains associated with ketamine appeared to remain 14 days after treatment, the latest time point assessed, as measured by the MADRS (but not as measured by the Children's Depression Rating Scale-Revised). A significantly greater proportion of participants experienced a response to ketamine during the first 3 days following infusion as compared with midazolam (76% and 35%, respectively). Ketamine was associated with transient, self-limited dissociative symptoms that affected participant blinding, but there were no serious adverse events. CONCLUSIONS: In this first randomized placebo-controlled clinical trial of intravenous ketamine in adolescents with depression, the findings suggest that it is well tolerated acutely and has significant short-term (2-week) efficacy in reducing depressive symptoms compared with an active placebo.",JOUR,,4,"['Adolescent', 'Antidepressive Agents/*therapeutic use', 'Cross-Over Studies', 'Depressive Disorder, Major/*drug therapy/psychology', 'Depressive Disorder, Treatment-Resistant/*drug therapy/psychology', 'Double-Blind Method', 'Female', 'Humans', 'Hypnotics and Sedatives/therapeutic use', 'Infusions, Intravenous', 'Ketamine/*therapeutic use', 'Male', 'Midazolam/therapeutic use', 'Proof of Concept Study', 'Treatment Outcome', 'Child/Adolescent Psychiatry', 'Depressive Disorders', 'Ketamine/Esketamine', 'Major Depressive Disorder']",eng,"['1535-7228', 'Dwyer, Jennifer B', 'Landeros-Weisenberger, Angeli', 'Johnson, Jessica A', 'Londono Tobon, Amalia', 'Flores, José M', 'Nasir, Madeeha', 'Couloures, Kevin', 'Sanacora, Gerard', 'Bloch, Michael H', 'Journal Article', 'Randomized Controlled Trial', 'Research Support, N.I.H., Extramural', ""Research Support, Non-U.S. Gov't"", 'United States', '2021/03/04', 'Am J Psychiatry. 2021 Apr 1;178(4):352-362. doi: 10.1176/appi.ajp.2020.20010018. Epub 2021 Mar 3.']",2021.0,352-362,Efficacy of Intravenous Ketamine in Adolescent Treatment-Resistant Depression: A Randomized Midazolam-Controlled Trial,Am J Psychiatry,Efficacy of Intravenous Ketamine in Adolescent Treatment-Resistant Depression: A Randomized Midazolam-Controlled Trial,,178,,0002-953x,"OBJECTIVE: Adolescent depression is prevalent and is associated with significant morbidity and mortality. Although intravenous ketamine has shown efficacy in adult treatment-resistant depression, its efficacy in pediatric populations is unknown. The authors conducted an active-placebo-controlled study of ketamine's safety and efficacy in adolescents. METHODS: In this proof-of-concept randomized, double-blind, single-dose crossover clinical trial, 17 adolescents (ages 13-17) with a diagnosis of major depressive disorder received a single intravenous infusion of either ketamine (0.5 mg/kg over 40 minutes) or midazolam (0.045 mg/kg over 40 minutes), and the alternate compound 2 weeks later. All participants had previously tried at least one antidepressant medication and met the severity criterion of a score >40 on the Children's Depression Rating Scale-Revised. The primary outcome measure was score on the Montgomery-Åsberg Depression Rating Scale (MADRS) 24 hours after treatment. RESULTS: A single ketamine infusion significantly reduced depressive symptoms 24 hours after infusion compared with midazolam (MADRS score: midazolam, mean=24.13, SD=12.08, 95% CI=18.21, 30.04; ketamine, mean=15.44, SD=10.07, 95% CI=10.51, 20.37; mean difference=-8.69, SD=15.08, 95% CI=-16.72, -0.65, df=15; effect size=0.78). In secondary analyses, the treatment gains associated with ketamine appeared to remain 14 days after treatment, the latest time point assessed, as measured by the MADRS (but not as measured by the Children's Depression Rating Scale-Revised). A significantly greater proportion of participants experienced a response to ketamine during the first 3 days following infusion as compared with midazolam (76% and 35%, respectively). Ketamine was associated with transient, self-limited dissociative symptoms that affected participant blinding, but there were no serious adverse events. CONCLUSIONS: In this first randomized placebo-controlled clinical trial of intravenous ketamine in adolescents with depression, the findings suggest that it is well tolerated acutely and has significant short-term (2-week) efficacy in reducing depressive symptoms compared with an active placebo.",10.1176/appi.ajp.2020.20010018,33653121,Apr 1,NLM,,,,,20210303.0,,,"Yale Child Study Center (Dwyer, Landeros-Weisenberger, Johnson, Londono Tobon, Flores, Nasir, Bloch), Department of Radiology and Biomedical Imaging (Dwyer), and Department of Psychiatry (Londono Tobon, Flores, Sanacora, Bloch), Yale School of Medicine, New Haven, Conn.; Department of Pediatrics, Stanford University, Stanford, Calif. (Couloures).","['Dwyer, J. B.', 'Landeros-Weisenberger, A.', 'Johnson, J. A.', 'Londono Tobon, A.', 'Flores, J. M.', 'Nasir, M.', 'Couloures, K.', 'Sanacora, G.', 'Bloch, M. H.']",,,,,,,,0.0,,1.0,255.0,https://pubmed.ncbi.nlm.nih.gov/33653121/,33653121,,,,
2257,"Efficacy of Intravenous Ketamine in Adolescent Treatment-Resistant Depression: A Randomized Midazolam-Controlled Trial.^
OBJECTIVE: Adolescent depression is prevalent and is associated with significant morbidity and mortality. Although intravenous ketamine has shown efficacy in adult treatment-resistant depression, its efficacy in pediatric populations is unknown. The authors conducted an active-placebo-controlled study of ketamine's safety and efficacy in adolescents. METHODS: In this proof-of-concept randomized, double-blind, single-dose crossover clinical trial, 17 adolescents (ages 13-17) with a diagnosis of major depressive disorder received a single intravenous infusion of either ketamine (0.5 mg/kg over 40 minutes) or midazolam (0.045 mg/kg over 40 minutes), and the alternate compound 2 weeks later. All participants had previously tried at least one antidepressant medication and met the severity criterion of a score >40 on the Children's Depression Rating Scale-Revised. The primary outcome measure was score on the Montgomery-Åsberg Depression Rating Scale (MADRS) 24 hours after treatment. RESULTS: A single ketamine infusion significantly reduced depressive symptoms 24 hours after infusion compared with midazolam (MADRS score: midazolam, mean=24.13, SD=12.08, 95% CI=18.21, 30.04; ketamine, mean=15.44, SD=10.07, 95% CI=10.51, 20.37; mean difference=-8.69, SD=15.08, 95% CI=-16.72, -0.65, df=15; effect size=0.78). In secondary analyses, the treatment gains associated with ketamine appeared to remain 14 days after treatment, the latest time point assessed, as measured by the MADRS (but not as measured by the Children's Depression Rating Scale-Revised). A significantly greater proportion of participants experienced a response to ketamine during the first 3 days following infusion as compared with midazolam (76% and 35%, respectively). Ketamine was associated with transient, self-limited dissociative symptoms that affected participant blinding, but there were no serious adverse events. CONCLUSIONS: In this first randomized placebo-controlled clinical trial of intravenous ketamine in adolescents with depression, the findings suggest that it is well tolerated acutely and has significant short-term (2-week) efficacy in reducing depressive symptoms compared with an active placebo.Reprinted from Am J Psychiatry 2021; 178:352-362 with permission from American Psychiatric Association Publishing.",JOUR,,2,"['Child/Adolescent Psychiatry', 'Depressive Disorders', 'Ketamine/Esketamine', 'Major Depressive Disorder']",eng,"['1541-4108', 'Dwyer, Jennifer B', 'Landeros-Weisenberger, Angeli', 'Johnson, Jessica A', 'Londono Tobon, Amalia', 'Flores, José M', 'Nasir, Madeeha', 'Couloures, Kevin', 'Sanacora, Gerard', 'Bloch, Michael H', 'Journal Article', 'United States', '2022/04/01', 'Focus (Am Psychiatr Publ). 2022 Apr;20(2):241-251. doi: 10.1176/appi.focus.22020004. Epub 2022 Apr 22.']",2022.0,241-251,Efficacy of Intravenous Ketamine in Adolescent Treatment-Resistant Depression: A Randomized Midazolam-Controlled Trial,Focus (Am Psychiatr Publ),Efficacy of Intravenous Ketamine in Adolescent Treatment-Resistant Depression: A Randomized Midazolam-Controlled Trial,,20,,1541-4094 (Print) 1541-4094,"OBJECTIVE: Adolescent depression is prevalent and is associated with significant morbidity and mortality. Although intravenous ketamine has shown efficacy in adult treatment-resistant depression, its efficacy in pediatric populations is unknown. The authors conducted an active-placebo-controlled study of ketamine's safety and efficacy in adolescents. METHODS: In this proof-of-concept randomized, double-blind, single-dose crossover clinical trial, 17 adolescents (ages 13-17) with a diagnosis of major depressive disorder received a single intravenous infusion of either ketamine (0.5 mg/kg over 40 minutes) or midazolam (0.045 mg/kg over 40 minutes), and the alternate compound 2 weeks later. All participants had previously tried at least one antidepressant medication and met the severity criterion of a score >40 on the Children's Depression Rating Scale-Revised. The primary outcome measure was score on the Montgomery-Åsberg Depression Rating Scale (MADRS) 24 hours after treatment. RESULTS: A single ketamine infusion significantly reduced depressive symptoms 24 hours after infusion compared with midazolam (MADRS score: midazolam, mean=24.13, SD=12.08, 95% CI=18.21, 30.04; ketamine, mean=15.44, SD=10.07, 95% CI=10.51, 20.37; mean difference=-8.69, SD=15.08, 95% CI=-16.72, -0.65, df=15; effect size=0.78). In secondary analyses, the treatment gains associated with ketamine appeared to remain 14 days after treatment, the latest time point assessed, as measured by the MADRS (but not as measured by the Children's Depression Rating Scale-Revised). A significantly greater proportion of participants experienced a response to ketamine during the first 3 days following infusion as compared with midazolam (76% and 35%, respectively). Ketamine was associated with transient, self-limited dissociative symptoms that affected participant blinding, but there were no serious adverse events. CONCLUSIONS: In this first randomized placebo-controlled clinical trial of intravenous ketamine in adolescents with depression, the findings suggest that it is well tolerated acutely and has significant short-term (2-week) efficacy in reducing depressive symptoms compared with an active placebo.Reprinted from Am J Psychiatry 2021; 178:352-362 with permission from American Psychiatric Association Publishing.",10.1176/appi.focus.22020004,37153136,Apr,NLM,,,,,20220422.0,,,"Yale Child Study Center (Dwyer, Landeros-Weisenberger, Johnson, Londono Tobon, Flores, Nasir, Bloch), Department of Radiology and Biomedical Imaging (Dwyer), and Department of Psychiatry (Londono Tobon, Flores, Sanacora, Bloch), Yale School of Medicine, New Haven, Conn.; Department of Pediatrics, Stanford University, Stanford, Calif. (Couloures).","['Dwyer, J. B.', 'Landeros-Weisenberger, A.', 'Johnson, J. A.', 'Londono Tobon, A.', 'Flores, J. M.', 'Nasir, M.', 'Couloures, K.', 'Sanacora, G.', 'Bloch, M. H.']",PMC10153503,,,,,,,0.0,,1.0,257.0,https://pubmed.ncbi.nlm.nih.gov/37153136/,37153136,,,,
2535,"A Randomized Controlled Trial of Repeated Ketamine Administration for Chronic Posttraumatic Stress Disorder.^
OBJECTIVE: Posttraumatic stress disorder (PTSD) is a chronic and disabling disorder, for which available pharmacotherapies have limited efficacy. The authors' previous proof-of-concept randomized controlled trial of single-dose intravenous ketamine infusion in individuals with PTSD showed significant and rapid PTSD symptom reduction 24 hours postinfusion. The present study is the first randomized controlled trial to test the efficacy and safety of repeated intravenous ketamine infusions for the treatment of chronic PTSD. METHODS: Individuals with chronic PTSD (N=30) were randomly assigned (1:1) to receive six infusions of ketamine (0.5 mg/kg) or midazolam (0.045 mg/kg) (psychoactive placebo control) over 2 consecutive weeks. Clinician-rated and self-report assessments were administered 24 hours after the first infusion and at weekly visits. The primary outcome measure was change in PTSD symptom severity, as assessed with the Clinician-Administered PTSD Scale for DSM-5 (CAPS-5), from baseline to 2 weeks (after completion of all infusions). Secondary outcome measures included the Impact of Event Scale-Revised, the Montgomery-Åsberg Depression Rating Scale (MADRS), and side effect measures. RESULTS: The ketamine group showed a significantly greater improvement in CAPS-5 and MADRS total scores than the midazolam group from baseline to week 2. At week 2, the mean CAPS-5 total score was 11.88 points (SE=3.96) lower in the ketamine group than in the midazolam group (d=1.13, 95% CI=0.36, 1.91). Sixty-seven percent of participants in the ketamine group were treatment responders, compared with 20% in the midazolam group. Among ketamine responders, the median time to loss of response was 27.5 days following the 2-week course of infusions. Ketamine infusions were well tolerated overall, without serious adverse events. CONCLUSIONS: This randomized controlled trial provides the first evidence of efficacy of repeated ketamine infusions in reducing symptom severity in individuals with chronic PTSD. Further studies are warranted to understand ketamine's full potential as a treatment for chronic PTSD.",JOUR,,2,"['Adolescent', 'Adult', 'Aged', 'Antidepressive Agents/*therapeutic use', 'Chronic Disease', 'Depression/*drug therapy', 'Double-Blind Method', 'Female', 'Humans', 'Ketamine/administration & dosage/*therapeutic use', 'Male', 'Middle Aged', 'Receptors, N-Methyl-D-Aspartate/antagonists & inhibitors', 'Stress Disorders, Post-Traumatic/complications/*drug therapy/psychology', 'Treatment Outcome', 'Young Adult', 'Ketamine', 'Midazolam', 'Posttraumatic Stress Disorder', 'Trauma']",eng,"['1535-7228', 'Feder, Adriana', 'Costi, Sara', 'Rutter, Sarah B', 'Collins, Abigail B', 'Govindarajulu, Usha', 'Jha, Manish K', 'Horn, Sarah R', 'Kautz, Marin', 'Corniquel, Morgan', 'Collins, Katherine A', 'Bevilacqua, Laura', 'Glasgow, Andrew M', 'Brallier, Jess', 'Pietrzak, Robert H', 'Murrough, James W', 'Charney, Dennis S', 'Journal Article', 'Randomized Controlled Trial', ""Research Support, Non-U.S. Gov't"", 'United States', '2021/01/06', 'Am J Psychiatry. 2021 Feb 1;178(2):193-202. doi: 10.1176/appi.ajp.2020.20050596. Epub 2021 Jan 5.']",2021.0,193-202,A Randomized Controlled Trial of Repeated Ketamine Administration for Chronic Posttraumatic Stress Disorder,Am J Psychiatry,A Randomized Controlled Trial of Repeated Ketamine Administration for Chronic Posttraumatic Stress Disorder,,178,,0002-953x,"OBJECTIVE: Posttraumatic stress disorder (PTSD) is a chronic and disabling disorder, for which available pharmacotherapies have limited efficacy. The authors' previous proof-of-concept randomized controlled trial of single-dose intravenous ketamine infusion in individuals with PTSD showed significant and rapid PTSD symptom reduction 24 hours postinfusion. The present study is the first randomized controlled trial to test the efficacy and safety of repeated intravenous ketamine infusions for the treatment of chronic PTSD. METHODS: Individuals with chronic PTSD (N=30) were randomly assigned (1:1) to receive six infusions of ketamine (0.5 mg/kg) or midazolam (0.045 mg/kg) (psychoactive placebo control) over 2 consecutive weeks. Clinician-rated and self-report assessments were administered 24 hours after the first infusion and at weekly visits. The primary outcome measure was change in PTSD symptom severity, as assessed with the Clinician-Administered PTSD Scale for DSM-5 (CAPS-5), from baseline to 2 weeks (after completion of all infusions). Secondary outcome measures included the Impact of Event Scale-Revised, the Montgomery-Åsberg Depression Rating Scale (MADRS), and side effect measures. RESULTS: The ketamine group showed a significantly greater improvement in CAPS-5 and MADRS total scores than the midazolam group from baseline to week 2. At week 2, the mean CAPS-5 total score was 11.88 points (SE=3.96) lower in the ketamine group than in the midazolam group (d=1.13, 95% CI=0.36, 1.91). Sixty-seven percent of participants in the ketamine group were treatment responders, compared with 20% in the midazolam group. Among ketamine responders, the median time to loss of response was 27.5 days following the 2-week course of infusions. Ketamine infusions were well tolerated overall, without serious adverse events. CONCLUSIONS: This randomized controlled trial provides the first evidence of efficacy of repeated ketamine infusions in reducing symptom severity in individuals with chronic PTSD. Further studies are warranted to understand ketamine's full potential as a treatment for chronic PTSD.",10.1176/appi.ajp.2020.20050596,33397139,Feb 1,NLM,,,,,20210105.0,,,"Department of Psychiatry, Depression and Anxiety Center for Discovery and Treatment, Icahn School of Medicine at Mount Sinai, New York (Feder, Costi, Rutter, A.B. Collins, Jha, Horn, Kautz, Corniquel, K.A. Collins, Bevilacqua, Murrough, Charney); Department of Population Health Science and Policy, Icahn School of Medicine at Mount Sinai, New York (Govindarajulu); Nathan Kline Institute for Psychiatric Research, Orangeburg, N.Y. (K.A. Collins); Department of Anesthesiology, Perioperative and Pain Medicine, Icahn School of Medicine at Mount Sinai, New York (Glasgow, Brallier); Department of Psychiatry, Yale University School of Medicine, New Haven, Conn. (Pietrzak); Department of Neuroscience, Icahn School of Medicine at Mount Sinai, New York (Murrough, Charney); and Department of Pharmacological Sciences, Icahn School of Medicine at Mount Sinai, New York (Charney). Drs. Murrough and Charney share senior authorship.","['Feder, A.', 'Costi, S.', 'Rutter, S. B.', 'Collins, A. B.', 'Govindarajulu, U.', 'Jha, M. K.', 'Horn, S. R.', 'Kautz, M.', 'Corniquel, M.', 'Collins, K. A.', 'Bevilacqua, L.', 'Glasgow, A. M.', 'Brallier, J.', 'Pietrzak, R. H.', 'Murrough, J. W.', 'Charney, D. S.']",,,,,,,,0.0,,1.0,320.0,https://pubmed.ncbi.nlm.nih.gov/33397139/,33397139,,,,
2536,"A Randomized Controlled Trial of Repeated Ketamine Administration for Chronic Posttraumatic Stress Disorder.^
OBJECTIVE: Posttraumatic stress disorder (PTSD) is a chronic and disabling disorder, for which available pharmacotherapies have limited efficacy. The authors' previous proof-of-concept randomized controlled trial of single-dose intravenous ketamine infusion in individuals with PTSD showed significant and rapid PTSD symptom reduction 24 hours postinfusion. The present study is the first randomized controlled trial to test the efficacy and safety of repeated intravenous ketamine infusions for the treatment of chronic PTSD. METHODS: Individuals with chronic PTSD (N=30) were randomly assigned (1:1) to receive six infusions of ketamine (0.5 mg/kg) or midazolam (0.045 mg/kg) (psychoactive placebo control) over 2 consecutive weeks. Clinician-rated and self-report assessments were administered 24 hours after the first infusion and at weekly visits. The primary outcome measure was change in PTSD symptom severity, as assessed with the Clinician-Administered PTSD Scale for DSM-5 (CAPS-5), from baseline to 2 weeks (after completion of all infusions). Secondary outcome measures included the Impact of Event Scale-Revised, the Montgomery-Åsberg Depression Rating Scale (MADRS), and side effect measures. RESULTS: The ketamine group showed a significantly greater improvement in CAPS-5 and MADRS total scores than the midazolam group from baseline to week 2. At week 2, the mean CAPS-5 total score was 11.88 points (SE=3.96) lower in the ketamine group than in the midazolam group (d=1.13, 95% CI=0.36, 1.91). Sixty-seven percent of participants in the ketamine group were treatment responders, compared with 20% in the midazolam group. Among ketamine responders, the median time to loss of response was 27.5 days following the 2-week course of infusions. Ketamine infusions were well tolerated overall, without serious adverse events. CONCLUSIONS: This randomized controlled trial provides the first evidence of efficacy of repeated ketamine infusions in reducing symptom severity in individuals with chronic PTSD. Further studies are warranted to understand ketamine's full potential as a treatment for chronic PTSD.Reprinted from Am J Psychiatry 2021; 178:193-202, with permission from American Psychiatric Association Publishing. Copyright © 2021.",JOUR,,3,,eng,"['1541-4108', 'Feder, Adriana', 'Costi, Sara', 'Rutter, Sarah B', 'Collins, Abigail B', 'Govindarajulu, Usha', 'Jha, Manish K', 'Horn, Sarah R', 'Kautz, Marin', 'Corniquel, Morgan', 'Collins, Katherine A', 'Bevilacqua, Laura', 'Glasgow, Andrew M', 'Brallier, Jess', 'Pietrzak, Robert H', 'Murrough, James W', 'Charney, Dennis S', 'Journal Article', 'United States', '2023/07/05', 'Focus (Am Psychiatr Publ). 2023 Jul;21(3):296-305. doi: 10.1176/appi.focus.23021014. Epub 2023 Jun 28.']",2023.0,296-305,A Randomized Controlled Trial of Repeated Ketamine Administration for Chronic Posttraumatic Stress Disorder,Focus (Am Psychiatr Publ),A Randomized Controlled Trial of Repeated Ketamine Administration for Chronic Posttraumatic Stress Disorder,,21,,1541-4094 (Print) 1541-4094,"OBJECTIVE: Posttraumatic stress disorder (PTSD) is a chronic and disabling disorder, for which available pharmacotherapies have limited efficacy. The authors' previous proof-of-concept randomized controlled trial of single-dose intravenous ketamine infusion in individuals with PTSD showed significant and rapid PTSD symptom reduction 24 hours postinfusion. The present study is the first randomized controlled trial to test the efficacy and safety of repeated intravenous ketamine infusions for the treatment of chronic PTSD. METHODS: Individuals with chronic PTSD (N=30) were randomly assigned (1:1) to receive six infusions of ketamine (0.5 mg/kg) or midazolam (0.045 mg/kg) (psychoactive placebo control) over 2 consecutive weeks. Clinician-rated and self-report assessments were administered 24 hours after the first infusion and at weekly visits. The primary outcome measure was change in PTSD symptom severity, as assessed with the Clinician-Administered PTSD Scale for DSM-5 (CAPS-5), from baseline to 2 weeks (after completion of all infusions). Secondary outcome measures included the Impact of Event Scale-Revised, the Montgomery-Åsberg Depression Rating Scale (MADRS), and side effect measures. RESULTS: The ketamine group showed a significantly greater improvement in CAPS-5 and MADRS total scores than the midazolam group from baseline to week 2. At week 2, the mean CAPS-5 total score was 11.88 points (SE=3.96) lower in the ketamine group than in the midazolam group (d=1.13, 95% CI=0.36, 1.91). Sixty-seven percent of participants in the ketamine group were treatment responders, compared with 20% in the midazolam group. Among ketamine responders, the median time to loss of response was 27.5 days following the 2-week course of infusions. Ketamine infusions were well tolerated overall, without serious adverse events. CONCLUSIONS: This randomized controlled trial provides the first evidence of efficacy of repeated ketamine infusions in reducing symptom severity in individuals with chronic PTSD. Further studies are warranted to understand ketamine's full potential as a treatment for chronic PTSD.Reprinted from Am J Psychiatry 2021; 178:193-202, with permission from American Psychiatric Association Publishing. Copyright © 2021.",10.1176/appi.focus.23021014,37404970,Jul,NLM,,,,,20230628.0,,,,"['Feder, A.', 'Costi, S.', 'Rutter, S. B.', 'Collins, A. B.', 'Govindarajulu, U.', 'Jha, M. K.', 'Horn, S. R.', 'Kautz, M.', 'Corniquel, M.', 'Collins, K. A.', 'Bevilacqua, L.', 'Glasgow, A. M.', 'Brallier, J.', 'Pietrzak, R. H.', 'Murrough, J. W.', 'Charney, D. S.']",PMC10316213,,,,,,,0.0,,1.0,329.0,https://pubmed.ncbi.nlm.nih.gov/37404970/,37404970,,,,
2161,"MDMA Impairs Both the Encoding and Retrieval of Emotional Recollections.^
The psychoactive drug ±3,4-methylenedioxymethamphetamine (MDMA) is increasingly used for its perceived emotional effects (eg, prosociality, empathy, psychotherapy), but surprisingly little research has been aimed at identifying the effect of the drug on emotional episodic memory in humans. Here, we report the first double-blind placebo-controlled study to examine the effects of MDMA on emotional memory separately during encoding and retrieval in healthy participants. Participants viewed emotionally negative, neutral, and positive pictures and their labels. Forty-eight hours later, they were given cued recollection and recognition memory tests designed to assess recollection and familiarity for the studied pictures. Participants were randomly assigned to one of three groups who received MDMA (1 mg/kg) either during encoding (Encoding group; N=20), retrieval (Retrieval group; N=20), or neither (Placebo group; N=20). Although MDMA administered at either phase did not affect overall memory accuracy, it did alter the recollection of details associated specifically with emotional memories as estimated using a dual process signal detection analysis of confidence judgments and subjective 'remember' judgments. In the Encoding group, MDMA reduced recollection estimates for negative and positive pictures but had little to no effect on neutral items or familiarity estimates. There was evidence for similar trends in the Retrieval group. These findings indicate that MDMA attenuates the encoding and retrieval of salient details from emotional events, consistent with the idea that its potential therapeutic effects for treating posttraumatic stress disorder are related to altering emotional memory.",JOUR,,4,"['Adolescent', 'Adrenergic Uptake Inhibitors/administration & dosage/adverse effects', 'Adult', '*Cues', 'Double-Blind Method', 'Emotions/*drug effects/physiology', 'Female', 'Hallucinogens/*administration & dosage/adverse effects', 'Humans', 'Male', 'Mental Recall/*drug effects/physiology', 'N-Methyl-3,4-methylenedioxyamphetamine/*administration & dosage/adverse effects', 'Photic Stimulation/methods', 'Young Adult']",eng,"['1740-634x', 'Doss, Manoj K', 'Orcid: 0000-0003-2939-2522', 'Weafer, Jessica', 'Gallo, David A', 'de Wit, Harriet', 'K01 AA024519/AA/NIAAA NIH HHS/United States', 'R01 DA002812/DA/NIDA NIH HHS/United States', 'Journal Article', 'Randomized Controlled Trial', 'Research Support, N.I.H., Extramural', 'England', '2017/08/22', 'Neuropsychopharmacology. 2018 Mar;43(4):791-800. doi: 10.1038/npp.2017.171. Epub 2017 Aug 21.']",2018.0,791-800,MDMA Impairs Both the Encoding and Retrieval of Emotional Recollections,Neuropsychopharmacology,MDMA Impairs Both the Encoding and Retrieval of Emotional Recollections,,43,,0893-133X (Print) 0893-133x,"The psychoactive drug ±3,4-methylenedioxymethamphetamine (MDMA) is increasingly used for its perceived emotional effects (eg, prosociality, empathy, psychotherapy), but surprisingly little research has been aimed at identifying the effect of the drug on emotional episodic memory in humans. Here, we report the first double-blind placebo-controlled study to examine the effects of MDMA on emotional memory separately during encoding and retrieval in healthy participants. Participants viewed emotionally negative, neutral, and positive pictures and their labels. Forty-eight hours later, they were given cued recollection and recognition memory tests designed to assess recollection and familiarity for the studied pictures. Participants were randomly assigned to one of three groups who received MDMA (1 mg/kg) either during encoding (Encoding group; N=20), retrieval (Retrieval group; N=20), or neither (Placebo group; N=20). Although MDMA administered at either phase did not affect overall memory accuracy, it did alter the recollection of details associated specifically with emotional memories as estimated using a dual process signal detection analysis of confidence judgments and subjective 'remember' judgments. In the Encoding group, MDMA reduced recollection estimates for negative and positive pictures but had little to no effect on neutral items or familiarity estimates. There was evidence for similar trends in the Retrieval group. These findings indicate that MDMA attenuates the encoding and retrieval of salient details from emotional events, consistent with the idea that its potential therapeutic effects for treating posttraumatic stress disorder are related to altering emotional memory.",10.1038/npp.2017.171,28825422,Mar,NLM,,,,,20170821.0,,,"Department of Psychology, University of Chicago, Chicago, IL, USA. Department of Psychiatry and Behavioral Neuroscience, University of Chicago, Chicago, IL, USA.","['Doss, M. K.', 'Weafer, J.', 'Gallo, D. A.', 'de Wit, H.']",PMC5809786,,,,,,,0.0,,1.0,1784.0,https://pubmed.ncbi.nlm.nih.gov/28825422/,28825422,,,,
3672,"Systematized Review of Psychotherapeutic Components of Psilocybin-Assisted Psychotherapy.^
OBJECTIVE: This systematized review sought to fill a gap in psilocybin research by investigating the structure and format of psilocybin-assisted psychotherapy (PAP), with a focus on the counseling components of the treatment. METHODS: A systematized review of PAP was conducted by using the PubMed and PsycInfo databases to search for peer-reviewed studies of human clinical trials, published within the past 25 years, in which psilocybin was administered with psychological support in a clinical setting. RESULTS: Eleven articles matched the criteria necessary for inclusion in this review. PAP was found to consist of three stages: pretreatment sessions to prepare participants for psilocybin, treatment sessions in which psilocybin was administered, and posttreatment sessions to integrate the experience with daily life. Conventional psychotherapy was primarily seen in the pre- and posttreatment sessions. Psychotherapies included in PAP differed among studies, but most often included music therapy and a nondirective supportive approach to treatment. CONCLUSIONS: This systematized review found important commonalities among clinical trials of PAP published within the past 25 years and revealed key differences among studies in psychotherapy's incorporation into PAP. Additional research is needed to identify the unique effect of psychotherapy in PAP.",JOUR,,4,"['*Hallucinogens/therapeutic use', 'Humans', '*Psilocybin/therapeutic use', 'Psychotherapy', 'Psychotropic Drugs', 'psilocybin', 'psilocybin-assisted psychotherapy', 'psychedelic', 'psychedelic therapy']",eng,"['Horton, David M', 'Morrison, Blaise', 'Schmidt, Judy', 'Journal Article', 'Review', 'United States', '2021/07/24', 'Am J Psychother. 2021 Dec 1;74(4):140-149. doi: 10.1176/appi.psychotherapy.20200055. Epub 2021 Jul 23.']",2021.0,140-149,Systematized Review of Psychotherapeutic Components of Psilocybin-Assisted Psychotherapy,Am J Psychother,Systematized Review of Psychotherapeutic Components of Psilocybin-Assisted Psychotherapy,,74,,0002-9564 (Print) 0002-9564,"OBJECTIVE: This systematized review sought to fill a gap in psilocybin research by investigating the structure and format of psilocybin-assisted psychotherapy (PAP), with a focus on the counseling components of the treatment. METHODS: A systematized review of PAP was conducted by using the PubMed and PsycInfo databases to search for peer-reviewed studies of human clinical trials, published within the past 25 years, in which psilocybin was administered with psychological support in a clinical setting. RESULTS: Eleven articles matched the criteria necessary for inclusion in this review. PAP was found to consist of three stages: pretreatment sessions to prepare participants for psilocybin, treatment sessions in which psilocybin was administered, and posttreatment sessions to integrate the experience with daily life. Conventional psychotherapy was primarily seen in the pre- and posttreatment sessions. Psychotherapies included in PAP differed among studies, but most often included music therapy and a nondirective supportive approach to treatment. CONCLUSIONS: This systematized review found important commonalities among clinical trials of PAP published within the past 25 years and revealed key differences among studies in psychotherapy's incorporation into PAP. Additional research is needed to identify the unique effect of psychotherapy in PAP.",10.1176/appi.psychotherapy.20200055,34293927,Dec 1,NLM,,,,,20210723.0,,,"Department of Allied Health Sciences, University of North Carolina, Chapel Hill.","['Horton, D. M.', 'Morrison, B.', 'Schmidt, J.']",,,,,,,,0.0,,1.0,3076.0,https://pubmed.ncbi.nlm.nih.gov/34293927/,34293927,,,,
4846,"Critical Period Plasticity as a Framework for Psychedelic-Assisted Psychotherapy.^
As psychedelic compounds gain traction in psychiatry, there is a need to consider the active mechanism to explain the effect observed in randomized clinical trials. Traditionally, biological psychiatry has asked how compounds affect the causal pathways of illness to reduce symptoms and therefore focus on analysis of the pharmacologic properties. In psychedelic-assisted psychotherapy (PAP), there is debate about whether ingestion of the psychedelic alone is thought to be responsible for the clinical outcome. A question arises how the medication and psychotherapeutic intervention together might lead to neurobiological changes that underlie recovery from illness such as post-traumatic stress disorder (PTSD). This paper offers a framework for investigating the neurobiological basis of PAP by extrapolating from models used to explain how a pharmacologic intervention might create an optimal brain state during which environmental input has enduring effects. Specifically, there are developmental ""critical"" periods (CP) with exquisite sensitivity to environmental input; the biological characteristics are largely unknown. We discuss a hypothesis that psychedelics may remove the brakes on adult neuroplasticity, inducing a state similar to that of neurodevelopment. In the visual system, progress has been made both in identifying the biological conditions which distinguishes the CP and in manipulating the active ingredients with the idea that we might pharmacologically reopen a critical period in adulthood. We highlight ocular dominance plasticity (ODP) in the visual system as a model for characterizing CP in limbic systems relevant to psychiatry. A CP framework may help to integrate the neuroscientific inquiry with the influence of the environment both in development and in PAP. Appeared originally in Front Neurosci 2021; 15:710004.",JOUR,,3,"['biological psychiatry', 'critical period plasticity', 'neuroplasticity', 'psychedelics', 'psychotherapy', 'visual system']",eng,"['1541-4108', 'Lepow, Lauren', 'Morishita, Hirofumi', 'Yehuda, Rachel', 'Journal Article', 'United States', '2023/07/05', 'Focus (Am Psychiatr Publ). 2023 Jul;21(3):329-336. doi: 10.1176/appi.focus.23021012. Epub 2023 Jun 28.']",2023.0,329-336,Critical Period Plasticity as a Framework for Psychedelic-Assisted Psychotherapy,Focus (Am Psychiatr Publ),Critical Period Plasticity as a Framework for Psychedelic-Assisted Psychotherapy,,21,,1541-4094 (Print) 1541-4094,"As psychedelic compounds gain traction in psychiatry, there is a need to consider the active mechanism to explain the effect observed in randomized clinical trials. Traditionally, biological psychiatry has asked how compounds affect the causal pathways of illness to reduce symptoms and therefore focus on analysis of the pharmacologic properties. In psychedelic-assisted psychotherapy (PAP), there is debate about whether ingestion of the psychedelic alone is thought to be responsible for the clinical outcome. A question arises how the medication and psychotherapeutic intervention together might lead to neurobiological changes that underlie recovery from illness such as post-traumatic stress disorder (PTSD). This paper offers a framework for investigating the neurobiological basis of PAP by extrapolating from models used to explain how a pharmacologic intervention might create an optimal brain state during which environmental input has enduring effects. Specifically, there are developmental ""critical"" periods (CP) with exquisite sensitivity to environmental input; the biological characteristics are largely unknown. We discuss a hypothesis that psychedelics may remove the brakes on adult neuroplasticity, inducing a state similar to that of neurodevelopment. In the visual system, progress has been made both in identifying the biological conditions which distinguishes the CP and in manipulating the active ingredients with the idea that we might pharmacologically reopen a critical period in adulthood. We highlight ocular dominance plasticity (ODP) in the visual system as a model for characterizing CP in limbic systems relevant to psychiatry. A CP framework may help to integrate the neuroscientific inquiry with the influence of the environment both in development and in PAP. Appeared originally in Front Neurosci 2021; 15:710004.",10.1176/appi.focus.23021012,37404962,Jul,NLM,,,,,20230628.0,,,"Department of Psychiatry, Icahn School of Medicine Mount Sinai, New York, NY, United States (all authors). Department of Neuroscience, Icahn School of Medicine Mount Sinai, New York, NY, United States (Lepow, Morishita). Department of Ophthalmology, Icahn School of Medicine Mount Sinai, New York, NY, United States (Morishita). Department of Psychiatry, James J. Peters Veterans Affairs Medical Center, Bronx, NY, United States (Yehuda).","['Lepow, L.', 'Morishita, H.', 'Yehuda, R.']",PMC10316207,,,,,,,0.0,,1.0,3328.0,https://pubmed.ncbi.nlm.nih.gov/37404962/,37404962,,,,
4845,"Critical Period Plasticity as a Framework for Psychedelic-Assisted Psychotherapy.^
As psychedelic compounds gain traction in psychiatry, there is a need to consider the active mechanism to explain the effect observed in randomized clinical trials. Traditionally, biological psychiatry has asked how compounds affect the causal pathways of illness to reduce symptoms and therefore focus on analysis of the pharmacologic properties. In psychedelic-assisted psychotherapy (PAP), there is debate about whether ingestion of the psychedelic alone is thought to be responsible for the clinical outcome. A question arises how the medication and psychotherapeutic intervention together might lead to neurobiological changes that underlie recovery from illness such as post-traumatic stress disorder (PTSD). This paper offers a framework for investigating the neurobiological basis of PAP by extrapolating from models used to explain how a pharmacologic intervention might create an optimal brain state during which environmental input has enduring effects. Specifically, there are developmental ""critical"" periods (CP) with exquisite sensitivity to environmental input; the biological characteristics are largely unknown. We discuss a hypothesis that psychedelics may remove the brakes on adult neuroplasticity, inducing a state similar to that of neurodevelopment. In the visual system, progress has been made both in identifying the biological conditions which distinguishes the CP and in manipulating the active ingredients with the idea that we might pharmacologically reopen a critical period in adulthood. We highlight ocular dominance plasticity (ODP) in the visual system as a model for characterizing CP in limbic systems relevant to psychiatry. A CP framework may help to integrate the neuroscientific inquiry with the influence of the environment both in development and in PAP.",JOUR,,,"['biological psychiatry', 'critical period plasticity', 'neuroplasticity', 'psychedelics', 'psychotherapy', 'visual system']",eng,"['1662-453x', 'Lepow, Lauren', 'Morishita, Hirofumi', 'Yehuda, Rachel', 'R01 EY031009/EY/NEI NIH HHS/United States', 'R01 MH118297/MH/NIMH NIH HHS/United States', 'R01 MH119523/MH/NIMH NIH HHS/United States', 'Journal Article', 'Switzerland', '2021/10/08', 'Front Neurosci. 2021 Sep 20;15:710004. doi: 10.3389/fnins.2021.710004. eCollection 2021.']",2021.0,710004,Critical Period Plasticity as a Framework for Psychedelic-Assisted Psychotherapy,Front Neurosci,Critical Period Plasticity as a Framework for Psychedelic-Assisted Psychotherapy,,15,,1662-4548 (Print) 1662-453x,"As psychedelic compounds gain traction in psychiatry, there is a need to consider the active mechanism to explain the effect observed in randomized clinical trials. Traditionally, biological psychiatry has asked how compounds affect the causal pathways of illness to reduce symptoms and therefore focus on analysis of the pharmacologic properties. In psychedelic-assisted psychotherapy (PAP), there is debate about whether ingestion of the psychedelic alone is thought to be responsible for the clinical outcome. A question arises how the medication and psychotherapeutic intervention together might lead to neurobiological changes that underlie recovery from illness such as post-traumatic stress disorder (PTSD). This paper offers a framework for investigating the neurobiological basis of PAP by extrapolating from models used to explain how a pharmacologic intervention might create an optimal brain state during which environmental input has enduring effects. Specifically, there are developmental ""critical"" periods (CP) with exquisite sensitivity to environmental input; the biological characteristics are largely unknown. We discuss a hypothesis that psychedelics may remove the brakes on adult neuroplasticity, inducing a state similar to that of neurodevelopment. In the visual system, progress has been made both in identifying the biological conditions which distinguishes the CP and in manipulating the active ingredients with the idea that we might pharmacologically reopen a critical period in adulthood. We highlight ocular dominance plasticity (ODP) in the visual system as a model for characterizing CP in limbic systems relevant to psychiatry. A CP framework may help to integrate the neuroscientific inquiry with the influence of the environment both in development and in PAP.",10.3389/fnins.2021.710004,34616272,,NLM,,,,,20210920.0,The authors declare that the research was conducted in the absence of any commercial or financial relationships that could be construed as a potential conflict of interest.,,"Department of Psychiatry, Icahn School of Medicine Mount Sinai, New York, NY, United States. Department of Neuroscience, Icahn School of Medicine Mount Sinai, New York, NY, United States. Department of Ophthalmology, Icahn School of Medicine Mount Sinai, New York, NY, United States. Department of Psychiatry, James J. Peters Veterans Affairs Medical Center, Bronx, NY, United States.","['Lepow, L.', 'Morishita, H.', 'Yehuda, R.']",PMC8488335,,,,,,,0.0,,1.0,3329.0,https://pubmed.ncbi.nlm.nih.gov/34616272/,34616272,,,,
19999674,"Subjective effects of Salvia divinorum: LSD- or marijuana-like?^
Salvia divinorum is a naturally occurring psychedelic considered to be one of the most potent hallucinogens found to date. The few behavioral studies conducted conclude that Salvia's effects may be similar to traditional psychedelics, which is noteworthy because Salvia acts via a unique molecular mechanism as a kappa opioid receptor agonist. One hundred and ninety-three participants, including 34 Salvia users, were asked to fill out a series of questionnaires related to general drug use, personality characteristics, demographics and their experiences with Salvia. Salvia users were found to differ from nonusers on personality characteristics and reported consuming significantly more alcohol than nonusers. In addition, although Salvia users rated their hallucinogenic experiences as similar to those seen in previously published reports, the majority likened their experiences as most similar to marijuana instead of more traditional psychedelics. Low scores on the ARCI LSD subscale confirmed this finding and call into question the reigning theory of LSD-like subjective effects elicited by Salvia.",,,,[],,,,,,,Subjective effects of Salvia divinorum: LSD- or marijuana-like?,,,,,"Salvia divinorum is a naturally occurring psychedelic considered to be one of the most potent hallucinogens found to date. The few behavioral studies conducted conclude that Salvia's effects may be similar to traditional psychedelics, which is noteworthy because Salvia acts via a unique molecular mechanism as a kappa opioid receptor agonist. One hundred and ninety-three participants, including 34 Salvia users, were asked to fill out a series of questionnaires related to general drug use, personality characteristics, demographics and their experiences with Salvia. Salvia users were found to differ from nonusers on personality characteristics and reported consuming significantly more alcohol than nonusers. In addition, although Salvia users rated their hallucinogenic experiences as similar to those seen in previously published reports, the majority likened their experiences as most similar to marijuana instead of more traditional psychedelics. Low scores on the ARCI LSD subscale confirmed this finding and call into question the reigning theory of LSD-like subjective effects elicited by Salvia.",10.1080/02791072.2009.10400531,,,,,,,,,,,,"DN. Albertson, LE. Grubbs",,,,,,,,,,,,https://pubmed.ncbi.nlm.nih.gov/19999674/,19999674,1.0,"[0.004567841533571482, 0.9954321384429932]",2009-09-01,2009.0
24679390,"Do the dissociative side effects of ketamine mediate its antidepressant effects?^
BACKGROUND: The N-methyl-d-aspartate receptor antagonist ketamine has rapid antidepressant effects in major depression. Psychotomimetic symptoms, dissociation and hemodynamic changes are known side effects of ketamine, but it is unclear if these side effects relate to its antidepressant efficacy. METHODS: Data from 108 treatment-resistant inpatients meeting criteria for major depressive disorder and bipolar disorder who received a single subanesthetic ketamine infusion were analyzed. Pearson correlations were performed to examine potential associations between rapid changes in dissociation and psychotomimesis with the Clinician-Administered Dissociative States Scale (CADSS) and Brief Psychiatric Rating Scale (BPRS), respectively, manic symptoms with Young Mania Rating Scale (YMRS), and vital sign changes, with percent change in the 17-item Hamilton Depression Rating scale (HDRS) at 40 and 230min and Days 1 and 7. RESULTS: Pearson correlations showed significant association between increased CADSS score at 40min and percent improvement with ketamine in HDRS at 230min (r=-0.35, p=0.007) and Day 7 (r=-0.41, p=0.01). Changes in YMRS or BPRS Positive Symptom score at 40min were not significantly correlated with percent HDRS improvement at any time point with ketamine. Changes in systolic blood pressure, diastolic blood pressure, and pulse were also not significantly related to HDRS change. LIMITATIONS: Secondary data analysis, combined diagnostic groups, potential unblinding. CONCLUSIONS: Among the examined mediators of ketamine׳s antidepressant response, only dissociative side effects predicted a more robust and sustained antidepressant. Prospective, mechanistic investigations are critically needed to understand why intra-infusion dissociation correlates with a more robust antidepressant efficacy of ketamine.",,,,"['Bipolar depression', 'Blood pressure', 'Ketamine', 'Major depressive disorder', 'Predictors', 'Psychotomimetic']",,,,,,,Do the dissociative side effects of ketamine mediate its antidepressant effects?,,,,,"BACKGROUND: The N-methyl-d-aspartate receptor antagonist ketamine has rapid antidepressant effects in major depression. Psychotomimetic symptoms, dissociation and hemodynamic changes are known side effects of ketamine, but it is unclear if these side effects relate to its antidepressant efficacy. METHODS: Data from 108 treatment-resistant inpatients meeting criteria for major depressive disorder and bipolar disorder who received a single subanesthetic ketamine infusion were analyzed. Pearson correlations were performed to examine potential associations between rapid changes in dissociation and psychotomimesis with the Clinician-Administered Dissociative States Scale (CADSS) and Brief Psychiatric Rating Scale (BPRS), respectively, manic symptoms with Young Mania Rating Scale (YMRS), and vital sign changes, with percent change in the 17-item Hamilton Depression Rating scale (HDRS) at 40 and 230min and Days 1 and 7. RESULTS: Pearson correlations showed significant association between increased CADSS score at 40min and percent improvement with ketamine in HDRS at 230min (r=-0.35, p=0.007) and Day 7 (r=-0.41, p=0.01). Changes in YMRS or BPRS Positive Symptom score at 40min were not significantly correlated with percent HDRS improvement at any time point with ketamine. Changes in systolic blood pressure, diastolic blood pressure, and pulse were also not significantly related to HDRS change. LIMITATIONS: Secondary data analysis, combined diagnostic groups, potential unblinding. CONCLUSIONS: Among the examined mediators of ketamine׳s antidepressant response, only dissociative side effects predicted a more robust and sustained antidepressant. Prospective, mechanistic investigations are critically needed to understand why intra-infusion dissociation correlates with a more robust antidepressant efficacy of ketamine.",10.1016/j.jad.2014.02.017,,,,,,,,,,,,"DA. Luckenbaugh, MJ. Niciu, DF. Ionescu, NM. Nolan, EM. Richards, NE. Brutsche, S. Guevara, CA. Zarate",,,,,,,,,,,,https://pubmed.ncbi.nlm.nih.gov/24679390/,24679390,1.0,"[0.002403522841632366, 0.9975964426994324]",2014-04-01,2014.0
